0000000010111011
0110100110011111
0000000000000000
0010000001100001
0000000000000100
0000001100100000
0000001111100000
0001100100101001
1110111000010101
0000000110001001
0000010010011001
0000000000000000
0001100100000001
0000000000000000
0001000000000000
1011111000110011
0100001000010000
1111111111010010
0000001000000010
0000001000000010
0000001000000010
1111000111110001
1101000111100001
1010000011010000
1111111011111111
1111111100000000
1111111100000001
1111000000000001
1111000000000011
1111000100000011
1110000111110100
1100000111110011
1000100010010101
0011100000111100
1110110110101001
0010000100001111
0011001100110011
0011001100110011
0000000000100010
1100110011101111
1101110111001011
0000000011111111
0010001000100001
0011001100110011
0010001000110011
0001000100100010
1110111100000000
1011101111011101
0001011100110001
0010111110100010
0010100101010101
1010010010000001
0100010000110011
1111100111001010
0101110101011010
0101000001010100
0010001101100011
1111100010110000
0001011111000111
0000010001000010
1111011000000000
1100010111001100
1001011110110001
0010011001101001
0000101110100010
0000011110100000
0001111101000000
1111001111101110
0000001111001110
1111110001010000
0001000000011110
1111010000011110
0000000010101110
1111100000000000
0001100000100000
1111000001111110
0000000000001100
1111100011001110
0000110001111110
1111000000111110
1111110010100010
1111100001100000
0000110100110000
1110110010111110
1111110001000000
1111010001011110
0000010001011110
1110111111101110
1111010010010000
1111100000100000
0000101111010000
1110110000100000
1111000001111110
1110110001010010
0000110001000010
1110001111110000
0001011110010010
0000011110100000
0000001100111110
0001001111110000
0000101110110010
0000000001000000
1111100000001110
0001000000011110
0000100010010000
0000000000001110
1111110000010000
0000110001100000
0000100000010010
1111110011001110
1111010001101110
0000110000110000
0000100010010010
1111110001101110
1111100100111100
0000110010100000
0000110000110100
1111110001001110
1111010001001100
0000111111110000
0000010001110010
0000000000101110
1111101111001110
0001000000010010
0000010001100000
1111100001001110
1111100000111110
0000011111110000
0000001110000000
0000001100100000
0001011101100000
1110111110111110
1111111110001110
1111110000000010
0001001110010000
1111001110011110
1111110001101110
1111101111010000
0001000000000000
1110111111101110
1111110000101100
1111100000110000
0000100000100000
1110111111000000
1111010010110000
1111010010101110
0001000001110000
1110100011111110
1111100001010000
1111000001100000
0000010001100000
1110011111001110
1111100000000000
1111010001000000
0000101110010000
1110100000111110
1111000000101110
1111001111110000
0000111111000000
1110001110100000
0000111101100010
0000011100000000
1111111101001110
0001001110010010
0000101101110010
1111111111111100
1111101101111110
0001001110010000
0000100001000000
1111111111001110
1111101111101110
0000111111001110
0000100000010010
1111110000101110
1111010000001100
0000111110110000
0000010010001110
1111110010011110
1111110001011100
0000100011100000
0000100000110000
1111110001011110
1111000001001100
0000111110110000
0000101111101110
0000000001001100
1111101101101110
0000110000010000
0000001111110000
1111111111011110
1111101110111110
0000011110100000
0000111110010000
0000001101100000
0001001110010000
1110110000000000
0000101111101110
1111110000010000
0001001111100000
1111000000100000
0000010010011110
1111101110111110
0001000000110000
1110110001111110
0000010000010000
1111100011001110
0000010010011110
1110110000011100
0000000010000000
1111100000111110
0001000010011110
1110100011111110
1111110010110000
1111100001100000
0000100001000000
1110100010111110
1111100001110000
1111100001100000
0000101111001110
1110100010011110
1111010000111110
1111011110000000
0000110000110000
1110101110110010
0001011101110010
0000001101001110
1111011101111110
0000111111100010
0000111110110010
0000001111010000
1111101110111110
0000111111110000
0000110001100010
1111111110001110
1111101111101110
0000110000100000
0000111111010000
1111110010001110
1111000001001100
0000111111010000
0000110000110010
0000001111111110
1111110001001110
0000110010110000
0000100001110010
1111110000101100
1111010000011110
0000100010000000
0000100001000010
0000000001001110
1111011110011110
0000110001010000
0000011111110000
1111111101010000
1111100000001110
0000011110010000
0000001111100000
0000001110110000
0001001111100010
1111001111111110
1111111111110000
1111110001100010
0000110001101110
1111000000010000
1111110011000000
1111100000010000
0001011111010000
1110110001111110
1111111111101110
1111100001010000
0000111111101110
1110110000111110
1111010001111110
1111100001010000
0000110100000000
1110100010011110
1111010011101110
1111010010101110
0000100000010000
1110100001101110
1111100011101110
1111100010010000
0000101111001110
1110110000101110
1111100001000000
1111011111110000
0000110001010010
1110011110100000
0000101110100100
1111101110011110
1111011110011110
0000101110100010
0000011110100010
1111110000010000
1110110000011100
0000101111100000
0000010001100010
1111101110110000
1111101101101110
0000100000010000
0000101110010000
1111100000001110
1111001110011110
0000101111100000
0000000000010000
1111110000001110
1111010010101100
0000100000110000
0000000010000000
1111100001011110
1111001110111010
0000100000010000
0000000010000010
0000000001011110
1111011101111100
0000111111110000
0000010000010000
1111101111101110
1111010000011110
0000011101110010
1111101110100010
0000001110000010
0001001101110000
1110111111000000
1111111110010000
1111110001010000
0001001101110000
1111000000001110
1111100000101110
1111101101100000
0001001110011110
1110110000000000
1111101111011110
1111101111000000
0000111100100000
1110111100111110
1111100000000000
1111101111000000
0000110000010000
1110111111101110
1111010001011110
1111010000011110
0000010000000000
1110101110110000
1111110000000000
1111100000110000
0000101101110000
1110110001010000
1111101110111110
1111011110110000
0000111111000010
1110011110010010
1111111111010010
1111011110111110
1111001110011110
0000001111100000
0000001110110010
1111010010000000
1111001110101110
0000010001000000
1111110001000000
1111011110100000
1111001110111110
0000010000100000
0000001111110000
1111101111101110
1111001101001110
0000101101100000
1111110000100000
1111101111101110
1111010000101100
0000100000010000
1111110001110000
1111100001001110
1110110000101110
0000011111100000
0000100000100100
1111100001111110
1111001110111110
0000100010000000
0000011111100010
1111011111110000
1111011111111110
0000011111000010
0000111110010010
0000011101110000
0001001101110000
1111000000110000
0000011110110000
1111110001010000
0000110000000000
1111000001000000
0000010000010010
1111111110011110
0000111110001110
1111001110000000
0000011110010010
1111111111010000
0000011111000000
1110111110011110
0000000000010000
1111100000110000
0001001111110000
1110110000110000
1111110000110010
1111100010000000
0000010001110000
1110100000010000
1111010011100000
1111110000110000
0000011111111110
1110110010011110
1110110010111110
1111000001000000
0000101111110000
1110011110100000
0000101110110100
1111011110000000
1110111110011110
0000000001010000
0000011111010010
1111000010001110
1110100000011110
0000000001100000
0000100000010010
1111011110111110
1111001110011110
0000011110110000
0000101110000010
1111011111111110
1110111111001100
0000011110111110
0000010000010010
1111010001001110
1111000000101110
0000010001100000
0000000001010100
1111010011001110
1110100001111110
0000010000110010
1111110100000010
1111100001100000
1110110000001110
0000010010010000
1111100011010000
1111000001001110
1111000000011110
1111111111000000
0000010000100010
0001001110100010
0001101111110000
1111110001100000
0000101111001110
0000110010011110
0001101111110000
0000001111110000
0000100000110000
0000100000010000
0001111101010000
1111110000111110
0000100000001110
0000100001101110
0001101101110000
1111111111001110
0000010000010000
0000100000100010
0001100010010000
1111010010101110
0000100000000000
0000100000110010
0001011110000000
1111010001011110
0000000010110000
0000100010110000
0001011111010000
1111110010000000
0000000011100000
0000000001000000
0001101111110000
1111101110110010
0000000000100010
1111101111000000
1111001111111110
0000010010000010
0000011111010010
1111110010010000
1111001111101110
0000110000000010
0000010001000010
1111100000100000
1111101101011110
0000110000110000
0000010000000000
1111110001110000
1111011101101110
0000111111000000
0000010000010010
1111110000111110
1111010010101110
0000110011010010
0000100000010010
0000000001001110
1111011110011110
0000100001100000
0000100010010010
0000010011001110
1111101111011110
0001000010100000
0000010011010000
0000000001010000
1111110000001110
0000111111010000
1111100000110000
0001001101100100
0001011101100010
1111111111010000
0000000000100000
0000100001010000
0001000000000010
1111100001100000
0000000000010000
0000011110010000
0001101101100000
1111100000001110
0000011111010000
0000101110010010
0001011100110000
1111101111010000
0000011110010010
0000011111110000
0001010001000000
1111010000111110
0000011111100000
0000011111010000
0000110001000000
1111010000010000
0000010001000000
0000100001100000
0001001111010010
1111100001000000
1111110001110000
0000000000100010
0001011111000010
1111011110010000
1110110000110010
1111011101100000
1110101101100000
1111111111010010
1111010000100010
1111000001100000
1110011111101110
0000010001010010
1111110000000000
1111011110010000
1111001101001110
0000000000010000
0000001111000000
1111101110100000
1110111100101110
0000011111000010
0000011110000010
1111101111111110
1111000000111110
0000100000100010
0000011111010010
1111101111000000
1110100000111110
0000100000010000
0000100000100010
0000000001100000
1111001110110000
0000110000110000
0000010001010010
1111100000101110
1111011111001110
0000101110110000
0000011111110010
0000111111000010
0001001111000010
1111100000000000
1111111111010000
0000100000000010
0000101111010010
1111100000100000
0000010000000000
0000011110000010
0000111101010000
1111101110100000
0000101100110010
0000011111000010
0000101100110000
1111011110001110
0000011111100000
0000011111000000
0001000000110000
1111000001110000
0000000000100000
1111110010100000
0000101111110000
1111001111010000
1111010011011110
0000010001000000
0000011111100000
1111010001000000
1111010001011110
1111110001010000
0000101111010010
1111001110110010
0000001111010100
1111111111000010
1110101110010000
0000101111110010
0000001110110010
1111111111100000
1110111111001110
0000100000010010
0000111111110010
1111111110001110
1111101100111110
0000111110010010
0001001100010100
0000001110111110
1111011100101110
0000111101100000
0000111111010010
0000011110111110
1111100000011110
0001000001100010
0000110000000010
0000000010100000
1111011111011110
0001001111000000
0000100010110010
0000100000110000
1111101111001110
0001010000100000
0000110000110000
0000000001000000
1111111111001110
0001001110100010
1110010001010000
0000000001110010
0000000000000010
1111000001010000
1110110001000000
0000010001110010
0000010000000010
1111010001100010
1111000011010000
0000001111010010
0000111111000010
1111000000111110
1111101110100000
0000000000010010
0000011111000000
1111000000000000
1111100000000010
0000001111100000
0000100010110000
1111000000100000
1111010010110000
1111110010000010
0000000001010000
1110110001110000
1111010011110000
0000010000100000
0000011111010010
1111010001000000
1111000010100000
1111110001010010
0000010001100000
1111001111000000
1111100001000100
1111110001010010
1110101111100000
0000100000110010
0000000000010010
0000010001010010
1111001111010000
0001000000110010
0000010010110010
0000011111000000
1111101110100000
0001000000110010
0001001110000100
0000100000010000
1111101110101110
0001011111100010
0001001111100100
0000111111000000
1111110010011110
0001100000010010
0000110010010010
0000100001110000
1111100000101110
0001100001010010
0001000011000010
0001100000010000
0000011110011110
0010010000110010
0001010010000010
0001000001000000
0000100000110000
0010001110100010
1110100000100010
0001001110100100
0000011111000010
1111111111010010
1111111110000010
0000110000100010
0000100000100010
1111110000000000
1111111111010000
0000111100100010
0001001111000000
1111101111100000
1111111110010000
0000111101010010
0000111101110000
1111111101100000
0000001110110000
0000100000010000
0001000000110010
1111100001100000
0000001110010000
0000100000110000
0000111110110000
1111101110110010
1111110000010000
0001000000100010
0000111101010010
0000001111100000
1111100001000000
0000101111010000
0001001111000010
1111111110110010
1110010001100010
1111000000000010
1101110000000000
0000000000110010
1111101110110100
1111010001110010
1101110001100000
0000100001100100
1111110000100010
1111101110000000
1110100000011110
0000100001000010
1111111111010000
1111111110110000
1110101111010000
0000111111010010
0000010000000010
1111110001110000
1111010001110000
0000110010110010
0000101111110100
0000000010100000
1111001111111110
0001000000010010
0000100001010100
0000100010000000
1111011110011110
0001100000110010
0000100010000010
0000100000110000
1111110000101110
0001100000010010
1110010011000010
0000110000010100
0000011111010010
1111100001000010
1111101111000000
0000100001000010
0000011110100010
1111100000010000
1111100001110000
0000101100110010
0000011110110000
1111010000100000
1111111110110010
0000101110100010
0000001110110010
1111101111000000
1111100001000000
0000100000000010
0000110010010000
1111100010000000
0000000001000000
0000111111000010
0000010000110010
1111101111010000
1111000001100000
0000110001100000
0000001101110000
1111110000110000
1110110010110000
0000100000010000
0000000000110000
0000001111100000
1110110001000010
1111111111010010
1110101110010000
0000110000010100
0000001110010010
1111110000010010
1110101101110000
0001001111100100
0000010000110010
0000011100010010
1111011101110000
0000100000000010
0000111101110010
0000101101110000
1111001110010000
0001001110100010
0000100000100010
0000111111100000
0000000001010000
0001110001010010
0001010000010010
0001011110100000
1111100000000000
0010001110100010
0001000000110010
0001010000110000
0000001101000000
0010001111110010
0001000010010010
0001101111100000
0000100000000000
0010101111010010
1111111111011101
1111111111011011
1111111111100001
1111111111011000
1111111111011101
1111111111011011
1111111111100000
1111111111011010
1111111111100000
1111111111011000
1111111111100001
1111111111011001
1111111111011111
1111111111011001
1111111111100000
1111111111010111
1111111111100000
1111111111011011
1111111111100010
1111111111010111
1111111111100011
1111111111011001
1111111111100001
1111111111010101
1111111111100101
1111111111011001
1111111111100001
1111111111010100
1111111111011111
1111111111010101
1111111111100011
1111111111001110
1111111111011011
1111111111010110
1111111111001111
1111111111011000
1111111111011000
1111111111010110
1111111111010001
1111111111010111
1111111111011000
1111111111010101
1111111111010001
1111111111010111
1111111111011001
1111111111010110
1111111111001111
1111111111010111
1111111111011110
1111111111010011
1111111111010100
1111111111010101
1111111111011100
1111111111010011
1111111111010101
1111111111011000
1111111111011110
1111111111010100
1111111111010110
1111111111010111
1111111111011011
1111111111010000
1111111111010110
1111111111010000
1111111111011011
1111111111011110
1111111111011110
1111111111010111
1111111111100000
1111111111011010
1111111111100000
1111111111011000
1111111111100001
1111111111011001
1111111111011100
1111111111010101
1111111111011100
1111111111011101
1111111111100011
1111111111010101
1111111111100010
1111111111011001
1111111111100010
1111111111010101
1111111111100000
1111111111011001
1111111111011110
1111111111010101
1111111111100011
1111111111010111
1111111111011110
1111111111010100
1111111111100000
1111111111011000
1111111111100011
1111111111001110
1111111111010111
1111111111010100
1111111111001100
1111111111010111
1111111111010111
1111111111010100
1111111111001111
1111111111011001
1111111111010110
1111111111010100
1111111111010011
1111111111010111
1111111111011001
1111111111010011
1111111111010000
1111111111010100
1111111111011010
1111111111010011
1111111111010011
1111111111010011
1111111111011101
1111111111010100
1111111111010011
1111111111010111
1111111111011111
1111111111010011
1111111111010100
1111111111010100
1111111111011110
1111111111010011
1111111111010111
1111111111001110
1111111111011111
1111111111011011
1111111111011101
1111111111010101
1111111111011111
1111111111011100
1111111111011110
1111111111010111
1111111111100001
1111111111011100
1111111111011111
1111111111010101
1111111111100001
1111111111011011
1111111111011101
1111111111010111
1111111111100011
1111111111011010
1111111111100010
1111111111010011
1111111111100101
1111111111011010
1111111111100000
1111111111010100
1111111111100011
1111111111010111
1111111111100001
1111111111010011
1111111111100001
1111111111011001
1111111111011110
1111111111010000
1111111111011001
1111111111010011
1111111111001110
1111111111010111
1111111111011001
1111111111010100
1111111111010000
1111111111011000
1111111111011011
1111111111010110
1111111111010000
1111111111010110
1111111111011001
1111111111010110
1111111111010001
1111111111010101
1111111111011111
1111111111010110
1111111111010100
1111111111010101
1111111111011100
1111111111010100
1111111111010010
1111111111010110
1111111111011101
1111111111010011
1111111111010100
1111111111010011
1111111111011100
1111111111010100
1111111111010110
1111111111010001
1111111111011100
1111111111011100
1111111111011100
1111111111011000
1111111111011101
1111111111011011
1111111111011111
1111111111010110
1111111111011101
1111111111011001
1111111111011110
1111111111010100
1111111111100000
1111111111011001
1111111111011110
1111111111010101
1111111111100011
1111111111011000
1111111111011110
1111111111010110
1111111111100001
1111111111010111
1111111111100011
1111111111010010
1111111111100011
1111111111011000
1111111111100100
1111111111010100
1111111111100011
1111111111011000
1111111111100100
1111111111001111
1111111111010101
1111111111010010
1111111111001101
1111111111010110
1111111111010011
1111111111010011
1111111111001111
1111111111010100
1111111111011000
1111111111010011
1111111111001111
1111111111010110
1111111111010111
1111111111010100
1111111111010001
1111111111010111
1111111111011010
1111111111010001
1111111111010001
1111111111010100
1111111111011010
1111111111010100
1111111111010001
1111111111010100
1111111111011111
1111111111010100
1111111111010001
1111111111010101
1111111111011010
1111111111010001
1111111111010100
1111111111001111
1111111111011010
1111111111011001
1111111111011111
1111111111011000
1111111111011011
1111111111011100
1111111111011111
1111111111010111
1111111111011101
1111111111011010
1111111111011111
1111111111010100
1111111111011110
1111111111011010
1111111111011100
1111111111010110
1111111111100000
1111111111011001
1111111111011111
1111111111010100
1111111111100001
1111111111011000
1111111111011111
1111111111010101
1111111111100110
1111111111011010
1111111111100000
1111111111010110
1111111111100011
1111111111010111
1111111111100111
1111111111001111
1111111111010100
1111111111010010
1111111111001011
1111111111010000
1111111111010110
1111111111010100
1111111111001110
1111111111010101
1111111111010111
1111111111010100
1111111111001110
1111111111010110
1111111111010101
1111111111010100
1111111111010000
1111111111010110
1111111111010111
1111111111010011
1111111111010001
1111111111010011
1111111111011000
1111111111010010
1111111111010011
1111111111010101
1111111111100000
1111111111010010
1111111111010011
1111111111010011
1111111111011011
1111111111010000
1111111111010101
1111111111001101
1111111111100000
1111111111011011
1111111111011111
1111111111010100
1111111111100000
1111111111011101
1111111111011101
1111111111010110
1111111111100001
1111111111011011
1111111111011100
1111111111010110
1111111111100001
1111111111011001
1111111111011101
1111111111010110
1111111111100100
1111111111011011
1111111111011111
1111111111010110
1111111111100011
1111111111011010
1111111111011110
1111111111010101
1111111111100011
1111111111011101
1111111111100001
1111111111010100
1111111111100010
1111111111011000
1111111111100011
1111111111010001
1111111111010111
1111111111010010
1111111111001011
1111111111010111
1111111111010110
1111111111010010
1111111111001101
1111111111010010
1111111111011000
1111111111010001
1111111111001101
1111111111010101
1111111111011001
1111111111010001
1111111111001100
1111111111010100
1111111111011010
1111111111010011
1111111111010000
1111111111010101
1111111111011100
1111111111010000
1111111111010000
1111111111010100
1111111111011101
1111111111010001
1111111111010011
1111111111010010
1111111111011001
1111111111001110
1111111111010100
1111111111001111
1111111111011100
1111111111011101
1111111111011011
1111111111010110
1111111111011100
1111111111011011
1111111111011110
1111111111010111
1111111111011011
1111111111011010
1111111111011110
1111111111010101
1111111111011110
1111111111011011
1111111111011110
1111111111010100
1111111111100000
1111111111011011
1111111111011110
1111111111010111
1111111111100001
1111111111011000
1111111111100000
1111111111010101
1111111111100011
1111111111011011
1111111111011111
1111111111010011
1111111111011111
1111111111010101
1111111111100101
1111111111010000
1111111111001101
1111111111001110
1111111111001001
1111111111001111
1111111111010001
1111111111010001
1111111111001011
1111111111010011
1111111111010011
1111111111010001
1111111111001101
1111111111010001
1111111111010101
1111111111010000
1111111111001110
1111111111010011
1111111111011000
1111111111010010
1111111111001111
1111111111010010
1111111111011001
1111111111010000
1111111111010010
1111111111010100
1111111111011011
1111111111010001
1111111111010001
1111111111010001
1111111111011010
1111111111010000
1111111111010010
1111111111001101
1111111111010111
1111111111011110
1111111111011010
1111111111011000
1111111111011100
1111111111011110
1111111111011011
1111111111010010
1111111111011010
1111111111011000
1111111111011100
1111111111010100
1111111111011100
1111111111011011
1111111111011110
1111111111010101
1111111111100000
1111111111011000
1111111111011111
1111111111010101
1111111111011110
1111111111011001
1111111111011111
1111111111010101
1111111111100010
1111111111011000
1111111111011111
1111111111010100
1111111111011110
1111111111010110
1111111111100000
1111111111010000
1111111111001110
1111111111001100
1111111111001000
1111111111001110
1111111111001110
1111111111001111
1111111111001000
1111111111010000
1111111111010010
1111111111010000
1111111111001001
1111111111001111
1111111111010010
1111111111001110
1111111111001010
1111111111010001
1111111111011000
1111111111001111
1111111111001011
1111111111010010
1111111111010111
1111111111010001
1111111111001011
1111111111010010
1111111111011010
1111111111001111
1111111111001111
1111111111010011
1111111111010110
1111111111001110
1111111111010000
1111111111001101
1111111111011010
1111111111011011
1111111111011010
1111111111010111
1111111111011001
1111111111011110
1111111111011101
1111111111010100
1111111111011100
1111111111011010
1111111111011001
1111111111010110
1111111111011101
1111111111011010
1111111111011010
1111111111010101
1111111111100001
1111111111011010
1111111111011101
1111111111010101
1111111111100000
1111111111011010
1111111111011110
1111111111010100
1111111111011111
1111111111010111
1111111111011100
1111111111010011
1111111111011111
1111111111011000
1111111111011111
1111111111001110
1111111111001001
1111111111001001
1111111111000010
1111111111001111
1111111111001011
1111111111001101
1111111111000101
1111111111001100
1111111111010000
1111111111001100
1111111111000111
1111111111001101
1111111111010010
1111111111001100
1111111111001001
1111111111010000
1111111111010110
1111111111010000
1111111111001100
1111111111001111
1111111111010111
1111111111001100
1111111111001100
1111111111010000
1111111111010110
1111111111001110
1111111111001110
1111111111010001
1111111111010110
1111111111001100
1111111111001110
1111111111001010
1111111111010011
1111111111010110
1111111111010110
1111111111010101
1111111111010111
1111111111011001
1111111111011001
1111111111010111
1111111111010111
1111111111011010
1111111111011001
1111111111010101
1111111111011010
1111111111011000
1111111111011100
1111111111010100
1111111111011100
1111111111011001
1111111111011100
1111111111010010
1111111111011111
1111111111011000
1111111111011011
1111111111010011
1111111111011110
1111111111011001
1111111111011111
1111111111010001
1111111111011100
1111111111010101
1111111111011110
1111111111001111
1111111111000010
1111111111001001
1111111111000000
1111111111001101
1111111111001000
1111111111001010
1111111111000100
1111111111001110
1111111111001010
1111111111001100
1111111111000100
1111111111001001
1111111111001101
1111111111001011
1111111111001000
1111111111001101
1111111111010011
1111111111001011
1111111111001000
1111111111001110
1111111111010001
1111111111001100
1111111111001000
1111111111010001
1111111111010101
1111111111001101
1111111111001100
1111111111001111
1111111111010101
1111111111001100
1111111111001111
1111111111001010
1111111111010000
1111111111010111
1111111111010011
1111111111010001
1111111111010110
1111111111011010
1111111111010110
1111111111010101
1111111111011010
1111111111010111
1111111111010111
1111111111010010
1111111111010111
1111111111011000
1111111111010111
1111111111010001
1111111111011010
1111111111010110
1111111111011000
1111111111010000
1111111111011100
1111111111011000
1111111111011100
1111111111010010
1111111111100000
1111111111011000
1111111111011101
1111111111010010
1111111111011100
1111111111011000
1111111111011001
1111111111001101
1111111111000001
1111111111000100
1111111110111101
1111111111000111
1111111111001001
1111111111000101
1111111110111110
1111111111001010
1111111111001001
1111111111000110
1111111111000000
1111111111001010
1111111111000111
1111111111001001
1111111110111111
1111111111001011
1111111111001111
1111111111001001
1111111111000101
1111111111001010
1111111111010010
1111111111001011
1111111111000110
1111111111001110
1111111111010011
1111111111001001
1111111111001000
1111111111001101
1111111111010000
1111111111001100
1111111111001101
1111111111001011
1111111111001110
1111111111010110
1111111111010000
1111111111010001
1111111111010110
1111111111010111
1111111111010011
1111111111010001
1111111111010111
1111111111010101
1111111111010100
1111111111001110
1111111111010111
1111111111010111
1111111111010110
1111111111010000
1111111111011000
1111111111010110
1111111111011010
1111111111010011
1111111111011101
1111111111011001
1111111111011000
1111111111010011
1111111111011011
1111111111011001
1111111111011000
1111111111010011
1111111111011000
1111111111011010
1111111111011010
1111111111001111
1111111110110101
1111111110111010
1111111110110010
1111111110111111
1111111110111101
1111111110111101
1111111110110011
1111111110111110
1111111111000000
1111111110111101
1111111110111000
1111111110111101
1111111111000001
1111111111000001
1111111110111000
1111111110111110
1111111111000011
1111111111000011
1111111110111101
1111111111000100
1111111111001000
1111111111000011
1111111110111100
1111111111000100
1111111111001000
1111111111000011
1111111111000001
1111111111000011
1111111111001000
1111111111000010
1111111111000100
1111111111000000
0100110010001110
0001100100011000
0111111111111111
0001100100011000
0111111111111111
0001100100010111
0111111111111111
0001100100010111
1111111111001001
1100111100000000
0001011101000000
1101100000010001
1111111111111010
0000000000001010
1111111111111111
0000000000000000
0001011010111111
0000001110000011
0000001001000000
0111111111111111
0001011010111111
0000001110000100
0000001001000000
0111111111111111
0000000000000011
0000000000000011
0000000000000011
0000000000000011
0000000000000011
0000000000000011
0000000000000011
0000000000000011
0000011001000110
0111111111111111
0001100100011000
0111111111111111
0001100100011000
0111111111111111
0001100100010111
0111111111111111
1111111111001100
1111010100111010
1101000001000111
1101100010010000
0000000000001010
1111111111111110
1111111111111101
0000000000000001
0000000011010111
0000000001101010
0010010101010010
0000000000110111
0000000011010111
0000000001101001
0010010101010010
0000000000110111
0000000000000011
0000000000000011
0000000000000011
0000000000000011
0000000000000011
0000000000000011
0000000000000011
0000000000000011
0000000010111011
0110100110011111
0000000000000000
0010000001100001
0000000000000100
0000001100100000
0000001111100000
0001100100101001
1110111000010101
0000000110001001
0000010010011001
0000000000000000
0001100100000001
0000000000000000
0001000000000000
1011111000110011
0100001000010000
1111111111010010
0000001000000010
0000001000000010
0000001000000010
1111000111110001
1101000111100001
1010000011010000
1111111011111111
1111111100000000
1111111100000001
1111000000000001
1111000000000011
1111000100000011
1110000111110100
1100000111110011
1000100010010101
0011100000111100
1110110110101001
0010000100001111
0011001100110011
0011001100110011
0000000000100010
1100110011101111
1101110111001011
0000000011111111
0010001000100001
0011001100110011
0010001000110011
0001000100100010
1110111100000000
1011101111011101
0001011100110001
0010111110100010
0010100101010101
1010010010000001
0100010000110011
1111100111001010
0101110101011010
0101000001010100
0010001101100011
1111100010110000
0001011111000111
0000010001000010
1111011000000000
1100010111001100
1001011110110001
0010011001101001
0000101110100010
0000011110100000
0001111101000000
1111001111101110
0000001111001110
1111110001010000
0001000000011110
1111010000011110
0000000010101110
1111100000000000
0001100000100000
1111000001111110
0000000000001100
1111100011001110
0000110001111110
1111000000111110
1111110010100010
1111100001100000
0000110100110000
1110110010111110
1111110001000000
1111010001011110
0000010001011110
1110111111101110
1111010010010000
1111100000100000
0000101111010000
1110110000100000
1111000001111110
1110110001010010
0000110001000010
1110001111110000
0001011110010010
0000011110100000
0000001100111110
0001001111110000
0000101110110010
0000000001000000
1111100000001110
0001000000011110
0000100010010000
0000000000001110
1111110000010000
0000110001100000
0000100000010010
1111110011001110
1111010001101110
0000110000110000
0000100010010010
1111110001101110
1111100100111100
0000110010100000
0000110000110100
1111110001001110
1111010001001100
0000111111110000
0000010001110010
0000000000101110
1111101111001110
0001000000010010
0000010001100000
1111100001001110
1111100000111110
0000011111110000
0000001110000000
0000001100100000
0001011101100000
1110111110111110
1111111110001110
1111110000000010
0001001110010000
1111001110011110
1111110001101110
1111101111010000
0001000000000000
1110111111101110
1111110000101100
1111100000110000
0000100000100000
1110111111000000
1111010010110000
1111010010101110
0001000001110000
1110100011111110
1111100001010000
1111000001100000
0000010001100000
1110011111001110
1111100000000000
1111010001000000
0000101110010000
1110100000111110
1111000000101110
1111001111110000
0000111111000000
1110001110100000
0000111101100010
0000011100000000
1111111101001110
0001001110010010
0000101101110010
1111111111111100
1111101101111110
0001001110010000
0000100001000000
1111111111001110
1111101111101110
0000111111001110
0000100000010010
1111110000101110
1111010000001100
0000111110110000
0000010010001110
1111110010011110
1111110001011100
0000100011100000
0000100000110000
1111110001011110
1111000001001100
0000111110110000
0000101111101110
0000000001001100
1111101101101110
0000110000010000
0000001111110000
1111111111011110
1111101110111110
0000011110100000
0000111110010000
0000001101100000
0001001110010000
1110110000000000
0000101111101110
1111110000010000
0001001111100000
1111000000100000
0000010010011110
1111101110111110
0001000000110000
1110110001111110
0000010000010000
1111100011001110
0000010010011110
1110110000011100
0000000010000000
1111100000111110
0001000010011110
1110100011111110
1111110010110000
1111100001100000
0000100001000000
1110100010111110
1111100001110000
1111100001100000
0000101111001110
1110100010011110
1111010000111110
1111011110000000
0000110000110000
1110101110110010
0001011101110010
0000001101001110
1111011101111110
0000111111100010
0000111110110010
0000001111010000
1111101110111110
0000111111110000
0000110001100010
1111111110001110
1111101111101110
0000110000100000
0000111111010000
1111110010001110
1111000001001100
0000111111010000
0000110000110010
0000001111111110
1111110001001110
0000110010110000
0000100001110010
1111110000101100
1111010000011110
0000100010000000
0000100001000010
0000000001001110
1111011110011110
0000110001010000
0000011111110000
1111111101010000
1111100000001110
0000011110010000
0000001111100000
0000001110110000
0001001111100010
1111001111111110
1111111111110000
1111110001100010
0000110001101110
1111000000010000
1111110011000000
1111100000010000
0001011111010000
1110110001111110
1111111111101110
1111100001010000
0000111111101110
1110110000111110
1111010001111110
1111100001010000
0000110100000000
1110100010011110
1111010011101110
1111010010101110
0000100000010000
1110100001101110
1111100011101110
1111100010010000
0000101111001110
1110110000101110
1111100001000000
1111011111110000
0000110001010010
1110011110100000
0000101110100100
1111101110011110
1111011110011110
0000101110100010
0000011110100010
1111110000010000
1110110000011100
0000101111100000
0000010001100010
1111101110110000
1111101101101110
0000100000010000
0000101110010000
1111100000001110
1111001110011110
0000101111100000
0000000000010000
1111110000001110
1111010010101100
0000100000110000
0000000010000000
1111100001011110
1111001110111010
0000100000010000
0000000010000010
0000000001011110
1111011101111100
0000111111110000
0000010000010000
1111101111101110
1111010000011110
0000011101110010
1111101110100010
0000001110000010
0001001101110000
1110111111000000
1111111110010000
1111110001010000
0001001101110000
1111000000001110
1111100000101110
1111101101100000
0001001110011110
1110110000000000
1111101111011110
1111101111000000
0000111100100000
1110111100111110
1111100000000000
1111101111000000
0000110000010000
1110111111101110
1111010001011110
1111010000011110
0000010000000000
1110101110110000
1111110000000000
1111100000110000
0000101101110000
1110110001010000
1111101110111110
1111011110110000
0000111111000010
1110011110010010
1111111111010010
1111011110111110
1111001110011110
0000001111100000
0000001110110010
1111010010000000
1111001110101110
0000010001000000
1111110001000000
1111011110100000
1111001110111110
0000010000100000
0000001111110000
1111101111101110
1111001101001110
0000101101100000
1111110000100000
1111101111101110
1111010000101100
0000100000010000
1111110001110000
1111100001001110
1110110000101110
0000011111100000
0000100000100100
1111100001111110
1111001110111110
0000100010000000
0000011111100010
1111011111110000
1111011111111110
0000011111000010
0000111110010010
0000011101110000
0001001101110000
1111000000110000
0000011110110000
1111110001010000
0000110000000000
1111000001000000
0000010000010010
1111111110011110
0000111110001110
1111001110000000
0000011110010010
1111111111010000
0000011111000000
1110111110011110
0000000000010000
1111100000110000
0001001111110000
1110110000110000
1111110000110010
1111100010000000
0000010001110000
1110100000010000
1111010011100000
1111110000110000
0000011111111110
1110110010011110
1110110010111110
1111000001000000
0000101111110000
1110011110100000
0000101110110100
1111011110000000
1110111110011110
0000000001010000
0000011111010010
1111000010001110
1110100000011110
0000000001100000
0000100000010010
1111011110111110
1111001110011110
0000011110110000
0000101110000010
1111011111111110
1110111111001100
0000011110111110
0000010000010010
1111010001001110
1111000000101110
0000010001100000
0000000001010100
1111010011001110
1110100001111110
0000010000110010
1111110100000010
1111100001100000
1110110000001110
0000010010010000
1111100011010000
1111000001001110
1111000000011110
1111111111000000
0000010000100010
0001001110100010
0001101111110000
1111110001100000
0000101111001110
0000110010011110
0001101111110000
0000001111110000
0000100000110000
0000100000010000
0001111101010000
1111110000111110
0000100000001110
0000100001101110
0001101101110000
1111111111001110
0000010000010000
0000100000100010
0001100010010000
1111010010101110
0000100000000000
0000100000110010
0001011110000000
1111010001011110
0000000010110000
0000100010110000
0001011111010000
1111110010000000
0000000011100000
0000000001000000
0001101111110000
1111101110110010
0000000000100010
1111101111000000
1111001111111110
0000010010000010
0000011111010010
1111110010010000
1111001111101110
0000110000000010
0000010001000010
1111100000100000
1111101101011110
0000110000110000
0000010000000000
1111110001110000
1111011101101110
0000111111000000
0000010000010010
1111110000111110
1111010010101110
0000110011010010
0000100000010010
0000000001001110
1111011110011110
0000100001100000
0000100010010010
0000010011001110
1111101111011110
0001000010100000
0000010011010000
0000000001010000
1111110000001110
0000111111010000
1111100000110000
0001001101100100
0001011101100010
1111111111010000
0000000000100000
0000100001010000
0001000000000010
1111100001100000
0000000000010000
0000011110010000
0001101101100000
1111100000001110
0000011111010000
0000101110010010
0001011100110000
1111101111010000
0000011110010010
0000011111110000
0001010001000000
1111010000111110
0000011111100000
0000011111010000
0000110001000000
1111010000010000
0000010001000000
0000100001100000
0001001111010010
1111100001000000
1111110001110000
0000000000100010
0001011111000010
1111011110010000
1110110000110010
1111011101100000
1110101101100000
1111111111010010
1111010000100010
1111000001100000
1110011111101110
0000010001010010
1111110000000000
1111011110010000
1111001101001110
0000000000010000
0000001111000000
1111101110100000
1110111100101110
0000011111000010
0000011110000010
1111101111111110
1111000000111110
0000100000100010
0000011111010010
1111101111000000
1110100000111110
0000100000010000
0000100000100010
0000000001100000
1111001110110000
0000110000110000
0000010001010010
1111100000101110
1111011111001110
0000101110110000
0000011111110010
0000111111000010
0001001111000010
1111100000000000
1111111111010000
0000100000000010
0000101111010010
1111100000100000
0000010000000000
0000011110000010
0000111101010000
1111101110100000
0000101100110010
0000011111000010
0000101100110000
1111011110001110
0000011111100000
0000011111000000
0001000000110000
1111000001110000
0000000000100000
1111110010100000
0000101111110000
1111001111010000
1111010011011110
0000010001000000
0000011111100000
1111010001000000
1111010001011110
1111110001010000
0000101111010010
1111001110110010
0000001111010100
1111111111000010
1110101110010000
0000101111110010
0000001110110010
1111111111100000
1110111111001110
0000100000010010
0000111111110010
1111111110001110
1111101100111110
0000111110010010
0001001100010100
0000001110111110
1111011100101110
0000111101100000
0000111111010010
0000011110111110
1111100000011110
0001000001100010
0000110000000010
0000000010100000
1111011111011110
0001001111000000
0000100010110010
0000100000110000
1111101111001110
0001010000100000
0000110000110000
0000000001000000
1111111111001110
0001001110100010
1110010001010000
0000000001110010
0000000000000010
1111000001010000
1110110001000000
0000010001110010
0000010000000010
1111010001100010
1111000011010000
0000001111010010
0000111111000010
1111000000111110
1111101110100000
0000000000010010
0000011111000000
1111000000000000
1111100000000010
0000001111100000
0000100010110000
1111000000100000
1111010010110000
1111110010000010
0000000001010000
1110110001110000
1111010011110000
0000010000100000
0000011111010010
1111010001000000
1111000010100000
1111110001010010
0000010001100000
1111001111000000
1111100001000100
1111110001010010
1110101111100000
0000100000110010
0000000000010010
0000010001010010
1111001111010000
0001000000110010
0000010010110010
0000011111000000
1111101110100000
0001000000110010
0001001110000100
0000100000010000
1111101110101110
0001011111100010
0001001111100100
0000111111000000
1111110010011110
0001100000010010
0000110010010010
0000100001110000
1111100000101110
0001100001010010
0001000011000010
0001100000010000
0000011110011110
0010010000110010
0001010010000010
0001000001000000
0000100000110000
0010001110100010
1110100000100010
0001001110100100
0000011111000010
1111111111010010
1111111110000010
0000110000100010
0000100000100010
1111110000000000
1111111111010000
0000111100100010
0001001111000000
1111101111100000
1111111110010000
0000111101010010
0000111101110000
1111111101100000
0000001110110000
0000100000010000
0001000000110010
1111100001100000
0000001110010000
0000100000110000
0000111110110000
1111101110110010
1111110000010000
0001000000100010
0000111101010010
0000001111100000
1111100001000000
0000101111010000
0001001111000010
1111111110110010
1110010001100010
1111000000000010
1101110000000000
0000000000110010
1111101110110100
1111010001110010
1101110001100000
0000100001100100
1111110000100010
1111101110000000
1110100000011110
0000100001000010
1111111111010000
1111111110110000
1110101111010000
0000111111010010
0000010000000010
1111110001110000
1111010001110000
0000110010110010
0000101111110100
0000000010100000
1111001111111110
0001000000010010
0000100001010100
0000100010000000
1111011110011110
0001100000110010
0000100010000010
0000100000110000
1111110000101110
0001100000010010
1110010011000010
0000110000010100
0000011111010010
1111100001000010
1111101111000000
0000100001000010
0000011110100010
1111100000010000
1111100001110000
0000101100110010
0000011110110000
1111010000100000
1111111110110010
0000101110100010
0000001110110010
1111101111000000
1111100001000000
0000100000000010
0000110010010000
1111100010000000
0000000001000000
0000111111000010
0000010000110010
1111101111010000
1111000001100000
0000110001100000
0000001101110000
1111110000110000
1110110010110000
0000100000010000
0000000000110000
0000001111100000
1110110001000010
1111111111010010
1110101110010000
0000110000010100
0000001110010010
1111110000010010
1110101101110000
0001001111100100
0000010000110010
0000011100010010
1111011101110000
0000100000000010
0000111101110010
0000101101110000
1111001110010000
0001001110100010
0000100000100010
0000111111100000
0000000001010000
0001110001010010
0001010000010010
0001011110100000
1111100000000000
0010001110100010
0001000000110010
0001010000110000
0000001101000000
0010001111110010
0001000010010010
0001101111100000
0000100000000000
0010101111010010
1111111111011101
1111111111011100
1111111111100001
1111111111011010
1111111111011101
1111111111011101
1111111111100000
1111111111011010
1111111111100000
1111111111011011
1111111111100001
1111111111011001
1111111111011111
1111111111011011
1111111111100000
1111111111010111
1111111111100000
1111111111011100
1111111111100010
1111111111010101
1111111111100011
1111111111011110
1111111111100001
1111111111010110
1111111111100101
1111111111011000
1111111111100001
1111111111010111
1111111111011111
1111111111011000
1111111111100011
1111111111010000
1111111111011000
1111111111010110
1111111111010010
1111111111011000
1111111111011001
1111111111010110
1111111111010011
1111111111010111
1111111111011010
1111111111010101
1111111111010010
1111111111010111
1111111111011001
1111111111010110
1111111111010010
1111111111010111
1111111111011110
1111111111010011
1111111111010011
1111111111010101
1111111111011110
1111111111010011
1111111111010110
1111111111011000
1111111111011110
1111111111010100
1111111111010110
1111111111010111
1111111111011101
1111111111010000
1111111111010110
1111111111010000
1111111111011011
1111111111011010
1111111111011110
1111111111011000
1111111111100000
1111111111011011
1111111111100000
1111111111011001
1111111111100001
1111111111011010
1111111111011100
1111111111011000
1111111111011100
1111111111011010
1111111111100011
1111111111011000
1111111111100010
1111111111011010
1111111111100010
1111111111010111
1111111111100000
1111111111011001
1111111111011110
1111111111010101
1111111111100011
1111111111011010
1111111111011110
1111111111010100
1111111111100000
1111111111011000
1111111111100011
1111111111001111
1111111111010111
1111111111010100
1111111111010000
1111111111010111
1111111111010110
1111111111010100
1111111111010001
1111111111011001
1111111111011001
1111111111010100
1111111111010001
1111111111010111
1111111111011011
1111111111010011
1111111111010001
1111111111010100
1111111111011010
1111111111010011
1111111111010110
1111111111010011
1111111111011010
1111111111010100
1111111111010101
1111111111010111
1111111111100001
1111111111010011
1111111111010101
1111111111010100
1111111111011100
1111111111010011
1111111111010110
1111111111001110
1111111111011111
1111111111011101
1111111111011101
1111111111010101
1111111111011111
1111111111011100
1111111111011110
1111111111011001
1111111111100001
1111111111011011
1111111111011111
1111111111010110
1111111111100001
1111111111011100
1111111111011101
1111111111010110
1111111111100011
1111111111011100
1111111111100010
1111111111010110
1111111111100101
1111111111011010
1111111111100000
1111111111010110
1111111111100011
1111111111011100
1111111111100001
1111111111010010
1111111111100001
1111111111011000
1111111111011110
1111111111010001
1111111111011001
1111111111010011
1111111111001110
1111111111010111
1111111111011010
1111111111010100
1111111111010010
1111111111011000
1111111111011011
1111111111010110
1111111111010001
1111111111010110
1111111111011100
1111111111010110
1111111111010001
1111111111010101
1111111111011101
1111111111010110
1111111111010110
1111111111010101
1111111111011101
1111111111010100
1111111111010100
1111111111010110
1111111111011111
1111111111010011
1111111111010110
1111111111010011
1111111111011110
1111111111010100
1111111111011000
1111111111010001
1111111111011100
1111111111011100
1111111111011100
1111111111011000
1111111111011101
1111111111011011
1111111111011111
1111111111011001
1111111111011101
1111111111011100
1111111111011110
1111111111010111
1111111111100000
1111111111011100
1111111111011110
1111111111011000
1111111111100011
1111111111011010
1111111111011110
1111111111010110
1111111111100001
1111111111011000
1111111111100011
1111111111010110
1111111111100011
1111111111011001
1111111111100100
1111111111010110
1111111111100011
1111111111011001
1111111111100100
1111111111010001
1111111111010101
1111111111010010
1111111111010000
1111111111010110
1111111111010101
1111111111010011
1111111111001111
1111111111010100
1111111111010111
1111111111010011
1111111111010001
1111111111010110
1111111111011001
1111111111010100
1111111111010001
1111111111010111
1111111111011010
1111111111010001
1111111111010001
1111111111010100
1111111111011110
1111111111010100
1111111111010010
1111111111010100
1111111111011110
1111111111010100
1111111111010011
1111111111010101
1111111111011010
1111111111010001
1111111111010110
1111111111001111
1111111111011010
1111111111011011
1111111111011111
1111111111010111
1111111111011011
1111111111011110
1111111111011111
1111111111011000
1111111111011101
1111111111011101
1111111111011111
1111111111010111
1111111111011110
1111111111011100
1111111111011100
1111111111010111
1111111111100000
1111111111011100
1111111111011111
1111111111010110
1111111111100001
1111111111011010
1111111111011111
1111111111010100
1111111111100110
1111111111011010
1111111111100000
1111111111010101
1111111111100011
1111111111011010
1111111111100111
1111111111010001
1111111111010011
1111111111010010
1111111111001110
1111111111010000
1111111111010110
1111111111010100
1111111111001111
1111111111010101
1111111111010100
1111111111010100
1111111111010001
1111111111010110
1111111111010101
1111111111010100
1111111111010000
1111111111010110
1111111111011011
1111111111010011
1111111111001111
1111111111010011
1111111111011100
1111111111010010
1111111111010100
1111111111010101
1111111111100000
1111111111010010
1111111111010010
1111111111010011
1111111111011101
1111111111010000
1111111111010111
1111111111001101
1111111111100000
1111111111011101
1111111111011111
1111111111010110
1111111111100000
1111111111011100
1111111111011101
1111111111010111
1111111111100001
1111111111011110
1111111111011100
1111111111011000
1111111111100001
1111111111011100
1111111111011101
1111111111010110
1111111111100100
1111111111011011
1111111111011111
1111111111010111
1111111111100011
1111111111011100
1111111111011110
1111111111010101
1111111111100011
1111111111011010
1111111111100001
1111111111010110
1111111111100010
1111111111011001
1111111111100011
1111111111010010
1111111111010101
1111111111010010
1111111111001011
1111111111010111
1111111111010111
1111111111010010
1111111111001101
1111111111010010
1111111111011000
1111111111010001
1111111111010000
1111111111010101
1111111111011000
1111111111010001
1111111111001110
1111111111010100
1111111111011011
1111111111010011
1111111111010010
1111111111010101
1111111111011001
1111111111010000
1111111111010010
1111111111010100
1111111111011011
1111111111010001
1111111111010100
1111111111010010
1111111111011100
1111111111001110
1111111111010101
1111111111001111
1111111111011100
1111111111011101
1111111111011011
1111111111010111
1111111111011100
1111111111011110
1111111111011110
1111111111011001
1111111111011011
1111111111011101
1111111111011110
1111111111011000
1111111111011110
1111111111011010
1111111111011110
1111111111010101
1111111111100000
1111111111011100
1111111111011110
1111111111010101
1111111111100001
1111111111011011
1111111111100000
1111111111010101
1111111111100011
1111111111010111
1111111111011111
1111111111010100
1111111111011111
1111111111011000
1111111111100101
1111111111001111
1111111111010001
1111111111001110
1111111111001010
1111111111001111
1111111111010101
1111111111010001
1111111111001101
1111111111010011
1111111111010100
1111111111010001
1111111111001101
1111111111010001
1111111111010011
1111111111010000
1111111111001111
1111111111010011
1111111111011001
1111111111010010
1111111111010001
1111111111010010
1111111111011010
1111111111010000
1111111111010000
1111111111010100
1111111111011011
1111111111010001
1111111111010100
1111111111010001
1111111111011000
1111111111010000
1111111111010100
1111111111001101
1111111111010111
1111111111011101
1111111111011010
1111111111011001
1111111111011100
1111111111011100
1111111111011011
1111111111011000
1111111111011010
1111111111011010
1111111111011100
1111111111010100
1111111111011100
1111111111011110
1111111111011110
1111111111010101
1111111111100000
1111111111011000
1111111111011111
1111111111010100
1111111111011110
1111111111011000
1111111111011111
1111111111010100
1111111111100010
1111111111011010
1111111111011111
1111111111010110
1111111111011110
1111111111011000
1111111111100000
1111111111001110
1111111111001100
1111111111001100
1111111111001000
1111111111001110
1111111111001101
1111111111001111
1111111111000110
1111111111010000
1111111111010011
1111111111010000
1111111111001010
1111111111001111
1111111111010011
1111111111001110
1111111111001100
1111111111010001
1111111111010110
1111111111001111
1111111111001011
1111111111010010
1111111111011001
1111111111010001
1111111111001010
1111111111010010
1111111111011100
1111111111001111
1111111111010010
1111111111010011
1111111111011001
1111111111001110
1111111111010010
1111111111001101
1111111111011010
1111111111011011
1111111111011010
1111111111010110
1111111111011001
1111111111011101
1111111111011101
1111111111010110
1111111111011100
1111111111011010
1111111111011001
1111111111010101
1111111111011101
1111111111011011
1111111111011010
1111111111010101
1111111111100001
1111111111011011
1111111111011101
1111111111010010
1111111111100000
1111111111011001
1111111111011110
1111111111010100
1111111111011111
1111111111011010
1111111111011100
1111111111010011
1111111111011111
1111111111011000
1111111111011111
1111111111010000
1111111111001010
1111111111001001
1111111111000101
1111111111001111
1111111111001101
1111111111001101
1111111111000110
1111111111001100
1111111111010011
1111111111001100
1111111111001001
1111111111001101
1111111111010100
1111111111001100
1111111111001000
1111111111010000
1111111111010110
1111111111010000
1111111111001011
1111111111001111
1111111111010110
1111111111001100
1111111111001101
1111111111010000
1111111111011000
1111111111001110
1111111111001110
1111111111010001
1111111111010110
1111111111001100
1111111111010001
1111111111001010
1111111111010011
1111111111011001
1111111111010110
1111111111010111
1111111111010111
1111111111011101
1111111111011001
1111111111010101
1111111111010111
1111111111011000
1111111111011001
1111111111010011
1111111111011010
1111111111010111
1111111111011100
1111111111010010
1111111111011100
1111111111011010
1111111111011100
1111111111010110
1111111111011111
1111111111011001
1111111111011011
1111111111010101
1111111111011110
1111111111011011
1111111111011111
1111111111010101
1111111111011100
1111111111010111
1111111111011110
1111111111010001
1111111111000100
1111111111001001
1111111111000000
1111111111001101
1111111111001001
1111111111001010
1111111111000110
1111111111001110
1111111111001010
1111111111001100
1111111111000101
1111111111001001
1111111111001110
1111111111001011
1111111111001000
1111111111001101
1111111111010100
1111111111001011
1111111111000110
1111111111001110
1111111111010010
1111111111001100
1111111111001010
1111111111010001
1111111111011000
1111111111001101
1111111111001101
1111111111001111
1111111111010101
1111111111001100
1111111111001110
1111111111001010
1111111111010000
1111111111011001
1111111111010011
1111111111010010
1111111111010110
1111111111011001
1111111111010110
1111111111010101
1111111111011010
1111111111011001
1111111111010111
1111111111010100
1111111111010111
1111111111010111
1111111111010111
1111111111010010
1111111111011010
1111111111010110
1111111111011000
1111111111010001
1111111111011100
1111111111011000
1111111111011100
1111111111010011
1111111111100000
1111111111011011
1111111111011101
1111111111010011
1111111111011100
1111111111010101
1111111111011001
1111111111001111
1111111111000100
1111111111000100
1111111110111110
1111111111000111
1111111111001000
1111111111000101
1111111110111111
1111111111001010
1111111111001011
1111111111000110
1111111111000010
1111111111001010
1111111111001010
1111111111001001
1111111111000011
1111111111001011
1111111111001111
1111111111001001
1111111111000101
1111111111001010
1111111111010010
1111111111001011
1111111111001001
1111111111001110
1111111111010010
1111111111001001
1111111111001000
1111111111001101
1111111111010001
1111111111001100
1111111111001011
1111111111001011
1111111111001110
1111111111011000
1111111111010000
1111111111010011
1111111111010110
1111111111011001
1111111111010011
1111111111010011
1111111111010111
1111111111011000
1111111111010100
1111111111010010
1111111111010111
1111111111011000
1111111111010110
1111111111010000
1111111111011000
1111111111011011
1111111111011010
1111111111010011
1111111111011101
1111111111010111
1111111111011000
1111111111010101
1111111111011011
1111111111011000
1111111111011000
1111111111010101
1111111111011000
1111111111010111
1111111111011010
1111111111001111
1111111110110110
1111111110111010
1111111110110101
1111111110111111
1111111110111100
1111111110111101
1111111110110101
1111111110111110
1111111111000010
1111111110111101
1111111110111001
1111111110111101
1111111111000001
1111111111000001
1111111110111001
1111111110111110
1111111111001000
1111111111000011
1111111110111101
1111111111000100
1111111111001010
1111111111000011
1111111110111111
1111111111000100
1111111111001010
1111111111000011
1111111111000000
1111111111000011
1111111111001001
1111111111000010
1111111111000010
1111111111000000
0100110010001110
0001100100011001
0111111111111111
0001100100011001
0111111111111111
0001100100010111
0111111111111111
0001100100010111
1111111111001001
1100111100000000
0001011101000000
1101100000010001
1111111111111010
0000000000001000
1111111111111111
1111111111111110
0001011010111111
0000001110001010
0000001001000000
0111111111111111
0001011010111111
0000001110001010
0000001001000000
0111111111111111
0000000000000011
0000000000000011
0000000000000011
0000000000000011
0000000000000011
0000000000000011
0000000000000011
0000000000000011
0000011001000110
0111111111111111
0001100100011001
0111111111111111
0001100100011001
0111111111111111
0001100100010111
0111111111111111
1111111111001110
1111010100111010
1101000001001000
1101100010010000
0000000000000111
1111111111111110
1111111111111101
0000000000000001
0000000011010111
0000000001101010
0010010101010011
0000000000110111
0000000011010111
0000000001101001
0010010101010011
0000000000110111
0000000000000011
0000000000000011
0000000000000011
0000000000000011
0000000000000011
0000000000000011
0000000000000011
0000000000000011
1111111111100000
1111111111011011
1111111111100001
1111111111011001
1111111111100000
1111111111011101
1111111111100000
1111111111011010
1111111111100001
1111111111011010
1111111111100100
1111111111011000
1111111111100001
1111111111011010
1111111111100000
1111111111010110
1111111111100110
1111111111011010
1111111111100011
1111111111010111
1111111111100100
1111111111011010
1111111111100010
1111111111010111
1111111111100010
1111111111011010
1111111111100010
1111111111010101
1111111111011110
1111111111011000
1111111111100011
1111111111010000
1111111111011001
1111111111011000
1111111111010001
1111111111011001
1111111111010111
1111111111010111
1111111111010001
1111111111011010
1111111111011010
1111111111010111
1111111111010100
1111111111011000
1111111111010111
1111111111010100
1111111111010011
1111111111010111
1111111111011101
1111111111010101
1111111111010011
1111111111010111
1111111111011110
1111111111010001
1111111111010011
1111111111010111
1111111111011101
1111111111010010
1111111111010110
1111111111010111
1111111111011010
1111111111010100
1111111111010111
1111111111001111
1111111111011101
1111111111011011
1111111111100001
1111111111011001
1111111111011111
1111111111011011
1111111111011111
1111111111011000
1111111111100001
1111111111011010
1111111111011111
1111111111010111
1111111111100000
1111111111011100
1111111111100010
1111111111010111
1111111111100011
1111111111011011
1111111111100100
1111111111010101
1111111111100011
1111111111011001
1111111111011111
1111111111010110
1111111111100110
1111111111011010
1111111111011111
1111111111010011
1111111111100000
1111111111010111
1111111111100101
1111111111001111
1111111111010111
1111111111010111
1111111111010010
1111111111011001
1111111111010111
1111111111011000
1111111111010001
1111111111011001
1111111111011001
1111111111010101
1111111111010000
1111111111011000
1111111111010111
1111111111010111
1111111111010000
1111111111011000
1111111111011100
1111111111010011
1111111111010101
1111111111010100
1111111111011101
1111111111010101
1111111111010011
1111111111010110
1111111111100000
1111111111010011
1111111111010101
1111111111010110
1111111111011011
1111111111010001
1111111111010111
1111111111001100
1111111111100100
1111111111011010
1111111111100001
1111111111011000
1111111111100011
1111111111011100
1111111111100001
1111111111011000
1111111111100010
1111111111011010
1111111111100010
1111111111010110
1111111111100010
1111111111011010
1111111111100001
1111111111011000
1111111111100100
1111111111011010
1111111111100001
1111111111011000
1111111111100011
1111111111011010
1111111111100010
1111111111010110
1111111111100100
1111111111011011
1111111111100011
1111111111010100
1111111111100001
1111111111011001
1111111111100110
1111111111010001
1111111111011011
1111111111010101
1111111111010000
1111111111011011
1111111111011000
1111111111011000
1111111111010000
1111111111010111
1111111111011001
1111111111010110
1111111111010001
1111111111010110
1111111111011001
1111111111010010
1111111111010001
1111111111010110
1111111111011111
1111111111011000
1111111111010011
1111111111010111
1111111111011110
1111111111010110
1111111111010100
1111111111010111
1111111111011110
1111111111010011
1111111111010101
1111111111010011
1111111111011100
1111111111010101
1111111111010101
1111111111001111
1111111111011110
1111111111011011
1111111111011110
1111111111011001
1111111111011110
1111111111011101
1111111111100000
1111111111010111
1111111111011110
1111111111011011
1111111111100011
1111111111010110
1111111111100000
1111111111011101
1111111111100001
1111111111010111
1111111111100100
1111111111011010
1111111111100001
1111111111010101
1111111111100001
1111111111011001
1111111111100011
1111111111010100
1111111111100100
1111111111011001
1111111111100100
1111111111010110
1111111111100100
1111111111011000
1111111111100011
1111111111001111
1111111111010100
1111111111010011
1111111111001111
1111111111010111
1111111111010111
1111111111010101
1111111111001100
1111111111010110
1111111111010110
1111111111010110
1111111111010010
1111111111010110
1111111111011000
1111111111010111
1111111111001111
1111111111010101
1111111111011010
1111111111010100
1111111111010001
1111111111010111
1111111111011010
1111111111010100
1111111111010011
1111111111010110
1111111111011011
1111111111010100
1111111111010101
1111111111011000
1111111111011111
1111111111010000
1111111111010100
1111111111001111
1111111111011101
1111111111011100
1111111111011111
1111111111011000
1111111111011110
1111111111011010
1111111111100010
1111111111010110
1111111111100000
1111111111011011
1111111111100011
1111111111010100
1111111111011110
1111111111011001
1111111111100010
1111111111011000
1111111111100010
1111111111011010
1111111111100001
1111111111010111
1111111111100011
1111111111011010
1111111111100011
1111111111010111
1111111111100011
1111111111011010
1111111111100000
1111111111010101
1111111111100001
1111111111011001
1111111111100011
1111111111010000
1111111111010101
1111111111010010
1111111111010000
1111111111010101
1111111111010100
1111111111010110
1111111111010000
1111111111010110
1111111111010111
1111111111010100
1111111111001111
1111111111010101
1111111111010110
1111111111010101
1111111111010010
1111111111010111
1111111111011000
1111111111010101
1111111111010000
1111111111010101
1111111111010111
1111111111010100
1111111111010011
1111111111010101
1111111111011111
1111111111010001
1111111111010001
1111111111010111
1111111111011101
1111111111010100
1111111111010011
1111111111001111
1111111111011110
1111111111011101
1111111111100001
1111111111010111
1111111111100001
1111111111011011
1111111111011111
1111111111011001
1111111111100011
1111111111011101
1111111111100001
1111111111011001
1111111111100100
1111111111011000
1111111111011111
1111111111010111
1111111111100101
1111111111011100
1111111111100001
1111111111010111
1111111111100101
1111111111011101
1111111111100000
1111111111010100
1111111111100100
1111111111011100
1111111111100001
1111111111010110
1111111111100000
1111111111011000
1111111111100001
1111111111010001
1111111111011000
1111111111010011
1111111111001100
1111111111011000
1111111111010111
1111111111010101
1111111111001110
1111111111010110
1111111111011000
1111111111010011
1111111111010000
1111111111010110
1111111111011011
1111111111010011
1111111111010001
1111111111010100
1111111111011101
1111111111010100
1111111111010001
1111111111010100
1111111111011010
1111111111010001
1111111111001111
1111111111010101
1111111111011101
1111111111010011
1111111111010011
1111111111010010
1111111111011001
1111111111001111
1111111111010011
1111111111001010
1111111111011100
1111111111011100
1111111111011110
1111111111011000
1111111111011101
1111111111011010
1111111111011110
1111111111010111
1111111111011110
1111111111011101
1111111111100001
1111111111010110
1111111111100000
1111111111011011
1111111111100001
1111111111010111
1111111111100001
1111111111011001
1111111111011111
1111111111010110
1111111111100001
1111111111011011
1111111111100011
1111111111010110
1111111111100011
1111111111011000
1111111111100001
1111111111010101
1111111111100001
1111111111011000
1111111111100011
1111111111010001
1111111111001110
1111111111010000
1111111111001001
1111111111001111
1111111111010001
1111111111010010
1111111111001011
1111111111010010
1111111111010011
1111111111010001
1111111111001101
1111111111010101
1111111111010010
1111111111010001
1111111111001011
1111111111010100
1111111111011000
1111111111010010
1111111111001111
1111111111010011
1111111111011100
1111111111010000
1111111111010000
1111111111010010
1111111111011100
1111111111010000
1111111111010011
1111111111010101
1111111111011011
1111111111001101
1111111111010100
1111111111001110
1111111111011000
1111111111011101
1111111111011100
1111111111011001
1111111111011011
1111111111011011
1111111111011110
1111111111010111
1111111111011101
1111111111011010
1111111111011111
1111111111010110
1111111111011101
1111111111011000
1111111111100000
1111111111010101
1111111111100001
1111111111011010
1111111111100000
1111111111010110
1111111111100011
1111111111011010
1111111111011111
1111111111010111
1111111111100011
1111111111011001
1111111111011110
1111111111010101
1111111111011110
1111111111011000
1111111111100001
1111111111010010
1111111111001010
1111111111010000
1111111111001010
1111111111010001
1111111111001110
1111111111001110
1111111111001001
1111111111010011
1111111111010011
1111111111010001
1111111111001010
1111111111010010
1111111111010001
1111111111010010
1111111111001010
1111111111010010
1111111111010110
1111111111010000
1111111111001101
1111111111010101
1111111111011000
1111111111001111
1111111111001101
1111111111010010
1111111111011100
1111111111001111
1111111111010001
1111111111010011
1111111111011000
1111111111001111
1111111111010010
1111111111001011
1111111111011001
1111111111011001
1111111111011001
1111111111010110
1111111111011100
1111111111011011
1111111111011101
1111111111010010
1111111111011110
1111111111011000
1111111111011101
1111111111010110
1111111111011111
1111111111011101
1111111111011110
1111111111010010
1111111111100011
1111111111011010
1111111111011111
1111111111010111
1111111111100000
1111111111011000
1111111111011101
1111111111010011
1111111111011110
1111111111011001
1111111111011101
1111111111010011
1111111111011101
1111111111010101
1111111111011110
1111111111010000
1111111111001101
1111111111001011
1111111111000101
1111111111010001
1111111111001011
1111111111001110
1111111111000101
1111111111001110
1111111111010001
1111111111010000
1111111111001001
1111111111001110
1111111111010100
1111111111001110
1111111111001010
1111111111010000
1111111111010101
1111111111001110
1111111111001010
1111111111010010
1111111111010100
1111111111001101
1111111111001101
1111111111001111
1111111111011010
1111111111001111
1111111111001101
1111111111001110
1111111111010110
1111111111001101
1111111111010001
1111111111001001
1111111111010010
1111111111011010
1111111111011000
1111111111010101
1111111111010101
1111111111011100
1111111111011011
1111111111010111
1111111111011000
1111111111011001
1111111111011100
1111111111010011
1111111111011111
1111111111011010
1111111111011011
1111111111010110
1111111111011101
1111111111011001
1111111111011100
1111111111010011
1111111111011101
1111111111011000
1111111111011110
1111111111010100
1111111111100001
1111111111011001
1111111111011110
1111111111010110
1111111111011100
1111111111010111
1111111111011100
1111111111010001
1111111111000111
1111111111001000
1111111110111111
1111111111001010
1111111111001000
1111111111001101
1111111111000101
1111111111001111
1111111111001001
1111111111001010
1111111111001000
1111111111001011
1111111111010000
1111111111001010
1111111111000110
1111111111001110
1111111111010100
1111111111010000
1111111111001000
1111111111001110
1111111111010101
1111111111001100
1111111111001001
1111111111001111
1111111111010110
1111111111001101
1111111111001100
1111111111001111
1111111111010111
1111111111001100
1111111111001110
1111111111001101
1111111111001111
1111111111010111
1111111111010100
1111111111010011
1111111111010110
1111111111011000
1111111111010110
1111111111010100
1111111111011001
1111111111010111
1111111111011000
1111111111010011
1111111111010111
1111111111011000
1111111111011010
1111111111010101
1111111111011011
1111111111011001
1111111111011101
1111111111010001
1111111111011110
1111111111011001
1111111111011101
1111111111010001
1111111111011110
1111111111010111
1111111111011100
1111111111010011
1111111111011011
1111111111010111
1111111111100000
1111111111010001
1111111111000001
1111111111000111
1111111110111100
1111111111001011
1111111111001001
1111111111000111
1111111110111100
1111111111001010
1111111111001011
1111111111001010
1111111110111110
1111111111001100
1111111111000111
1111111111001100
1111111111000010
1111111111001011
1111111111001111
1111111111001001
1111111111000110
1111111111001011
1111111111010011
1111111111001010
1111111111001000
1111111111001100
1111111111010110
1111111111001011
1111111111001010
1111111111001110
1111111111010100
1111111111001011
1111111111001101
1111111111000111
1111111111001110
1111111111010110
1111111111010100
1111111111010010
1111111111010101
1111111111011000
1111111111010101
1111111111010010
1111111111011000
1111111111010111
1111111111010111
1111111111010001
1111111111010110
1111111111010100
1111111111010110
1111111111010000
1111111111011010
1111111111010111
1111111111011100
1111111111010011
1111111111011100
1111111111011001
1111111111011001
1111111111010100
1111111111011101
1111111111010111
1111111111010111
1111111111010100
1111111111011001
1111111111010110
1111111111011001
1111111111010001
1111111110110111
1111111110111001
1111111110110101
1111111110111111
1111111110111101
1111111110111100
1111111110110101
1111111111000000
1111111111000001
1111111110111110
1111111110110110
1111111110111111
1111111111000011
1111111110111111
1111111110111000
1111111111000001
1111111111000011
1111111111000000
1111111110111100
1111111111000100
1111111111001010
1111111111000001
1111111110111100
1111111111000011
1111111111001001
1111111111000001
1111111110111110
1111111111000010
1111111111001011
1111111111000010
1111111111000011
1111111111000010
0100110010001100
0001100100011001
0111111111111111
0001100100011001
0111111111111111
0001100100011000
0111111111111111
0001100100011000
1111111111000110
1100111100000001
0001011100111111
1101100000010001
1111111111110111
0000000000000111
1111111111111101
1111111111111111
0001011010111101
0000001101111111
0000001001000000
0111111111111111
0001011010111011
0000001101111111
0000001001000000
0111111111111111
0000000000000011
0000000000000011
0000000000000011
0000000000000011
0000000000000011
0000000000000011
0000000000000011
0000000000000011
0000011001000110
0111111111111111
0001100100011001
0111111111111111
0001100100011001
0111111111111111
0001100100011000
0111111111111111
1111111111001100
1111010100111010
1101000001000110
1101100010010001
0000000000001001
1111111111111011
1111111111111100
1111111111111111
0000000011010010
0000000001101010
0010010101010100
0000000000110111
0000000011010010
0000000001101010
0010010101010100
0000000000110111
0000000000000011
0000000000000011
0000000000000011
0000000000000011
0000000000000011
0000000000000011
0000000000000011
0000000000000011
0000000010111011
0110100110011111
0000000000000000
0010000001100001
0000000000000100
0000001100100000
0000001111100000
0001100100101001
1110111000010101
0000000110001001
0000010010011001
0000000000000000
0001100100000001
0000000000000000
0001000000000000
1011111000110011
0100001000010000
1111111111010010
0000001000000010
0000001000000010
0000001000000010
1111000111110001
1101000111100001
1010000011010000
1111111011111111
1111111100000000
1111111100000001
1111000000000001
1111000000000011
1111000100000011
1110000111110100
1100000111110011
1000100010010101
0011100000111100
1110110110101001
0010000100001111
0011001100110011
0011001100110011
0000000000100010
1100110011101111
1101110111001011
0000000011111111
0010001000100001
0011001100110011
0010001000110011
0001000100100010
1110111100000000
1011101111011101
0001011100110001
0010111110100010
0010100101010101
1010010010000001
0100010000110011
1111100111001010
0101110101011010
0101000001010100
0010001101100011
1111100010110000
0001011111000111
0000010001000010
1111011000000000
1100010111001100
1001011110110001
0010011001101001
0000101110100010
0000011110100000
0001111101000000
1111001111101110
0000001111001110
1111110001010000
0001000000011110
1111010000011110
0000000010101110
1111100000000000
0001100000100000
1111000001111110
0000000000001100
1111100011001110
0000110001111110
1111000000111110
1111110010100010
1111100001100000
0000110100110000
1110110010111110
1111110001000000
1111010001011110
0000010001011110
1110111111101110
1111010010010000
1111100000100000
0000101111010000
1110110000100000
1111000001111110
1110110001010010
0000110001000010
1110001111110000
0001011110010010
0000011110100000
0000001100111110
0001001111110000
0000101110110010
0000000001000000
1111100000001110
0001000000011110
0000100010010000
0000000000001110
1111110000010000
0000110001100000
0000100000010010
1111110011001110
1111010001101110
0000110000110000
0000100010010010
1111110001101110
1111100100111100
0000110010100000
0000110000110100
1111110001001110
1111010001001100
0000111111110000
0000010001110010
0000000000101110
1111101111001110
0001000000010010
0000010001100000
1111100001001110
1111100000111110
0000011111110000
0000001110000000
0000001100100000
0001011101100000
1110111110111110
1111111110001110
1111110000000010
0001001110010000
1111001110011110
1111110001101110
1111101111010000
0001000000000000
1110111111101110
1111110000101100
1111100000110000
0000100000100000
1110111111000000
1111010010110000
1111010010101110
0001000001110000
1110100011111110
1111100001010000
1111000001100000
0000010001100000
1110011111001110
1111100000000000
1111010001000000
0000101110010000
1110100000111110
1111000000101110
1111001111110000
0000111111000000
1110001110100000
0000111101100010
0000011100000000
1111111101001110
0001001110010010
0000101101110010
1111111111111100
1111101101111110
0001001110010000
0000100001000000
1111111111001110
1111101111101110
0000111111001110
0000100000010010
1111110000101110
1111010000001100
0000111110110000
0000010010001110
1111110010011110
1111110001011100
0000100011100000
0000100000110000
1111110001011110
1111000001001100
0000111110110000
0000101111101110
0000000001001100
1111101101101110
0000110000010000
0000001111110000
1111111111011110
1111101110111110
0000011110100000
0000111110010000
0000001101100000
0001001110010000
1110110000000000
0000101111101110
1111110000010000
0001001111100000
1111000000100000
0000010010011110
1111101110111110
0001000000110000
1110110001111110
0000010000010000
1111100011001110
0000010010011110
1110110000011100
0000000010000000
1111100000111110
0001000010011110
1110100011111110
1111110010110000
1111100001100000
0000100001000000
1110100010111110
1111100001110000
1111100001100000
0000101111001110
1110100010011110
1111010000111110
1111011110000000
0000110000110000
1110101110110010
0001011101110010
0000001101001110
1111011101111110
0000111111100010
0000111110110010
0000001111010000
1111101110111110
0000111111110000
0000110001100010
1111111110001110
1111101111101110
0000110000100000
0000111111010000
1111110010001110
1111000001001100
0000111111010000
0000110000110010
0000001111111110
1111110001001110
0000110010110000
0000100001110010
1111110000101100
1111010000011110
0000100010000000
0000100001000010
0000000001001110
1111011110011110
0000110001010000
0000011111110000
1111111101010000
1111100000001110
0000011110010000
0000001111100000
0000001110110000
0001001111100010
1111001111111110
1111111111110000
1111110001100010
0000110001101110
1111000000010000
1111110011000000
1111100000010000
0001011111010000
1110110001111110
1111111111101110
1111100001010000
0000111111101110
1110110000111110
1111010001111110
1111100001010000
0000110100000000
1110100010011110
1111010011101110
1111010010101110
0000100000010000
1110100001101110
1111100011101110
1111100010010000
0000101111001110
1110110000101110
1111100001000000
1111011111110000
0000110001010010
1110011110100000
0000101110100100
1111101110011110
1111011110011110
0000101110100010
0000011110100010
1111110000010000
1110110000011100
0000101111100000
0000010001100010
1111101110110000
1111101101101110
0000100000010000
0000101110010000
1111100000001110
1111001110011110
0000101111100000
0000000000010000
1111110000001110
1111010010101100
0000100000110000
0000000010000000
1111100001011110
1111001110111010
0000100000010000
0000000010000010
0000000001011110
1111011101111100
0000111111110000
0000010000010000
1111101111101110
1111010000011110
0000011101110010
1111101110100010
0000001110000010
0001001101110000
1110111111000000
1111111110010000
1111110001010000
0001001101110000
1111000000001110
1111100000101110
1111101101100000
0001001110011110
1110110000000000
1111101111011110
1111101111000000
0000111100100000
1110111100111110
1111100000000000
1111101111000000
0000110000010000
1110111111101110
1111010001011110
1111010000011110
0000010000000000
1110101110110000
1111110000000000
1111100000110000
0000101101110000
1110110001010000
1111101110111110
1111011110110000
0000111111000010
1110011110010010
1111111111010010
1111011110111110
1111001110011110
0000001111100000
0000001110110010
1111010010000000
1111001110101110
0000010001000000
1111110001000000
1111011110100000
1111001110111110
0000010000100000
0000001111110000
1111101111101110
1111001101001110
0000101101100000
1111110000100000
1111101111101110
1111010000101100
0000100000010000
1111110001110000
1111100001001110
1110110000101110
0000011111100000
0000100000100100
1111100001111110
1111001110111110
0000100010000000
0000011111100010
1111011111110000
1111011111111110
0000011111000010
0000111110010010
0000011101110000
0001001101110000
1111000000110000
0000011110110000
1111110001010000
0000110000000000
1111000001000000
0000010000010010
1111111110011110
0000111110001110
1111001110000000
0000011110010010
1111111111010000
0000011111000000
1110111110011110
0000000000010000
1111100000110000
0001001111110000
1110110000110000
1111110000110010
1111100010000000
0000010001110000
1110100000010000
1111010011100000
1111110000110000
0000011111111110
1110110010011110
1110110010111110
1111000001000000
0000101111110000
1110011110100000
0000101110110100
1111011110000000
1110111110011110
0000000001010000
0000011111010010
1111000010001110
1110100000011110
0000000001100000
0000100000010010
1111011110111110
1111001110011110
0000011110110000
0000101110000010
1111011111111110
1110111111001100
0000011110111110
0000010000010010
1111010001001110
1111000000101110
0000010001100000
0000000001010100
1111010011001110
1110100001111110
0000010000110010
1111110100000010
1111100001100000
1110110000001110
0000010010010000
1111100011010000
1111000001001110
1111000000011110
1111111111000000
0000010000100010
0001001110100010
0001101111110000
1111110001100000
0000101111001110
0000110010011110
0001101111110000
0000001111110000
0000100000110000
0000100000010000
0001111101010000
1111110000111110
0000100000001110
0000100001101110
0001101101110000
1111111111001110
0000010000010000
0000100000100010
0001100010010000
1111010010101110
0000100000000000
0000100000110010
0001011110000000
1111010001011110
0000000010110000
0000100010110000
0001011111010000
1111110010000000
0000000011100000
0000000001000000
0001101111110000
1111101110110010
0000000000100010
1111101111000000
1111001111111110
0000010010000010
0000011111010010
1111110010010000
1111001111101110
0000110000000010
0000010001000010
1111100000100000
1111101101011110
0000110000110000
0000010000000000
1111110001110000
1111011101101110
0000111111000000
0000010000010010
1111110000111110
1111010010101110
0000110011010010
0000100000010010
0000000001001110
1111011110011110
0000100001100000
0000100010010010
0000010011001110
1111101111011110
0001000010100000
0000010011010000
0000000001010000
1111110000001110
0000111111010000
1111100000110000
0001001101100100
0001011101100010
1111111111010000
0000000000100000
0000100001010000
0001000000000010
1111100001100000
0000000000010000
0000011110010000
0001101101100000
1111100000001110
0000011111010000
0000101110010010
0001011100110000
1111101111010000
0000011110010010
0000011111110000
0001010001000000
1111010000111110
0000011111100000
0000011111010000
0000110001000000
1111010000010000
0000010001000000
0000100001100000
0001001111010010
1111100001000000
1111110001110000
0000000000100010
0001011111000010
1111011110010000
1110110000110010
1111011101100000
1110101101100000
1111111111010010
1111010000100010
1111000001100000
1110011111101110
0000010001010010
1111110000000000
1111011110010000
1111001101001110
0000000000010000
0000001111000000
1111101110100000
1110111100101110
0000011111000010
0000011110000010
1111101111111110
1111000000111110
0000100000100010
0000011111010010
1111101111000000
1110100000111110
0000100000010000
0000100000100010
0000000001100000
1111001110110000
0000110000110000
0000010001010010
1111100000101110
1111011111001110
0000101110110000
0000011111110010
0000111111000010
0001001111000010
1111100000000000
1111111111010000
0000100000000010
0000101111010010
1111100000100000
0000010000000000
0000011110000010
0000111101010000
1111101110100000
0000101100110010
0000011111000010
0000101100110000
1111011110001110
0000011111100000
0000011111000000
0001000000110000
1111000001110000
0000000000100000
1111110010100000
0000101111110000
1111001111010000
1111010011011110
0000010001000000
0000011111100000
1111010001000000
1111010001011110
1111110001010000
0000101111010010
1111001110110010
0000001111010100
1111111111000010
1110101110010000
0000101111110010
0000001110110010
1111111111100000
1110111111001110
0000100000010010
0000111111110010
1111111110001110
1111101100111110
0000111110010010
0001001100010100
0000001110111110
1111011100101110
0000111101100000
0000111111010010
0000011110111110
1111100000011110
0001000001100010
0000110000000010
0000000010100000
1111011111011110
0001001111000000
0000100010110010
0000100000110000
1111101111001110
0001010000100000
0000110000110000
0000000001000000
1111111111001110
0001001110100010
1110010001010000
0000000001110010
0000000000000010
1111000001010000
1110110001000000
0000010001110010
0000010000000010
1111010001100010
1111000011010000
0000001111010010
0000111111000010
1111000000111110
1111101110100000
0000000000010010
0000011111000000
1111000000000000
1111100000000010
0000001111100000
0000100010110000
1111000000100000
1111010010110000
1111110010000010
0000000001010000
1110110001110000
1111010011110000
0000010000100000
0000011111010010
1111010001000000
1111000010100000
1111110001010010
0000010001100000
1111001111000000
1111100001000100
1111110001010010
1110101111100000
0000100000110010
0000000000010010
0000010001010010
1111001111010000
0001000000110010
0000010010110010
0000011111000000
1111101110100000
0001000000110010
0001001110000100
0000100000010000
1111101110101110
0001011111100010
0001001111100100
0000111111000000
1111110010011110
0001100000010010
0000110010010010
0000100001110000
1111100000101110
0001100001010010
0001000011000010
0001100000010000
0000011110011110
0010010000110010
0001010010000010
0001000001000000
0000100000110000
0010001110100010
1110100000100010
0001001110100100
0000011111000010
1111111111010010
1111111110000010
0000110000100010
0000100000100010
1111110000000000
1111111111010000
0000111100100010
0001001111000000
1111101111100000
1111111110010000
0000111101010010
0000111101110000
1111111101100000
0000001110110000
0000100000010000
0001000000110010
1111100001100000
0000001110010000
0000100000110000
0000111110110000
1111101110110010
1111110000010000
0001000000100010
0000111101010010
0000001111100000
1111100001000000
0000101111010000
0001001111000010
1111111110110010
1110010001100010
1111000000000010
1101110000000000
0000000000110010
1111101110110100
1111010001110010
1101110001100000
0000100001100100
1111110000100010
1111101110000000
1110100000011110
0000100001000010
1111111111010000
1111111110110000
1110101111010000
0000111111010010
0000010000000010
1111110001110000
1111010001110000
0000110010110010
0000101111110100
0000000010100000
1111001111111110
0001000000010010
0000100001010100
0000100010000000
1111011110011110
0001100000110010
0000100010000010
0000100000110000
1111110000101110
0001100000010010
1110010011000010
0000110000010100
0000011111010010
1111100001000010
1111101111000000
0000100001000010
0000011110100010
1111100000010000
1111100001110000
0000101100110010
0000011110110000
1111010000100000
1111111110110010
0000101110100010
0000001110110010
1111101111000000
1111100001000000
0000100000000010
0000110010010000
1111100010000000
0000000001000000
0000111111000010
0000010000110010
1111101111010000
1111000001100000
0000110001100000
0000001101110000
1111110000110000
1110110010110000
0000100000010000
0000000000110000
0000001111100000
1110110001000010
1111111111010010
1110101110010000
0000110000010100
0000001110010010
1111110000010010
1110101101110000
0001001111100100
0000010000110010
0000011100010010
1111011101110000
0000100000000010
0000111101110010
0000101101110000
1111001110010000
0001001110100010
0000100000100010
0000111111100000
0000000001010000
0001110001010010
0001010000010010
0001011110100000
1111100000000000
0010001110100010
0001000000110010
0001010000110000
0000001101000000
0010001111110010
0001000010010010
0001101111100000
0000100000000000
0010101111010010
1111111111100000
1111111111011011
1111111111100001
1111111111011001
1111111111100000
1111111111011101
1111111111100000
1111111111011010
1111111111100001
1111111111011010
1111111111100100
1111111111011000
1111111111100001
1111111111011010
1111111111100000
1111111111010110
1111111111100110
1111111111011010
1111111111100011
1111111111010111
1111111111100100
1111111111011010
1111111111100010
1111111111010111
1111111111100010
1111111111011010
1111111111100010
1111111111010101
1111111111011110
1111111111011000
1111111111100011
1111111111010000
1111111111011001
1111111111011000
1111111111010001
1111111111011001
1111111111010111
1111111111010111
1111111111010001
1111111111011010
1111111111011010
1111111111010111
1111111111010100
1111111111011000
1111111111010111
1111111111010100
1111111111010011
1111111111010111
1111111111011101
1111111111010101
1111111111010011
1111111111010111
1111111111011110
1111111111010001
1111111111010011
1111111111010111
1111111111011101
1111111111010010
1111111111010110
1111111111010111
1111111111011010
1111111111010100
1111111111010111
1111111111001111
1111111111011101
1111111111011011
1111111111100001
1111111111011001
1111111111011111
1111111111011011
1111111111011111
1111111111011000
1111111111100001
1111111111011010
1111111111011111
1111111111010111
1111111111100000
1111111111011100
1111111111100010
1111111111010111
1111111111100011
1111111111011011
1111111111100100
1111111111010101
1111111111100011
1111111111011001
1111111111011111
1111111111010110
1111111111100110
1111111111011010
1111111111011111
1111111111010011
1111111111100000
1111111111010111
1111111111100101
1111111111001111
1111111111010111
1111111111010111
1111111111010010
1111111111011001
1111111111010111
1111111111011000
1111111111010001
1111111111011001
1111111111011001
1111111111010101
1111111111010000
1111111111011000
1111111111010111
1111111111010111
1111111111010000
1111111111011000
1111111111011100
1111111111010011
1111111111010101
1111111111010100
1111111111011101
1111111111010101
1111111111010011
1111111111010110
1111111111100000
1111111111010011
1111111111010101
1111111111010110
1111111111011011
1111111111010001
1111111111010111
1111111111001100
1111111111100100
1111111111011010
1111111111100001
1111111111011000
1111111111100011
1111111111011100
1111111111100001
1111111111011000
1111111111100010
1111111111011010
1111111111100010
1111111111010110
1111111111100010
1111111111011010
1111111111100001
1111111111011000
1111111111100100
1111111111011010
1111111111100001
1111111111011000
1111111111100011
1111111111011010
1111111111100010
1111111111010110
1111111111100100
1111111111011011
1111111111100011
1111111111010100
1111111111100001
1111111111011001
1111111111100110
1111111111010001
1111111111011011
1111111111010101
1111111111010000
1111111111011011
1111111111011000
1111111111011000
1111111111010000
1111111111010111
1111111111011001
1111111111010110
1111111111010001
1111111111010110
1111111111011001
1111111111010010
1111111111010001
1111111111010110
1111111111011111
1111111111011000
1111111111010011
1111111111010111
1111111111011110
1111111111010110
1111111111010100
1111111111010111
1111111111011110
1111111111010011
1111111111010101
1111111111010011
1111111111011100
1111111111010101
1111111111010101
1111111111001111
1111111111011110
1111111111011011
1111111111011110
1111111111011001
1111111111011110
1111111111011101
1111111111100000
1111111111010111
1111111111011110
1111111111011011
1111111111100011
1111111111010110
1111111111100000
1111111111011101
1111111111100001
1111111111010111
1111111111100100
1111111111011010
1111111111100001
1111111111010101
1111111111100001
1111111111011001
1111111111100011
1111111111010100
1111111111100100
1111111111011001
1111111111100100
1111111111010110
1111111111100100
1111111111011000
1111111111100011
1111111111001111
1111111111010100
1111111111010011
1111111111001111
1111111111010111
1111111111010111
1111111111010101
1111111111001100
1111111111010110
1111111111010110
1111111111010110
1111111111010010
1111111111010110
1111111111011000
1111111111010111
1111111111001111
1111111111010101
1111111111011010
1111111111010100
1111111111010001
1111111111010111
1111111111011010
1111111111010100
1111111111010011
1111111111010110
1111111111011011
1111111111010100
1111111111010101
1111111111011000
1111111111011111
1111111111010000
1111111111010100
1111111111001111
1111111111011101
1111111111011100
1111111111011111
1111111111011000
1111111111011110
1111111111011010
1111111111100010
1111111111010110
1111111111100000
1111111111011011
1111111111100011
1111111111010100
1111111111011110
1111111111011001
1111111111100010
1111111111011000
1111111111100010
1111111111011010
1111111111100001
1111111111010111
1111111111100011
1111111111011010
1111111111100011
1111111111010111
1111111111100011
1111111111011010
1111111111100000
1111111111010101
1111111111100001
1111111111011001
1111111111100011
1111111111010000
1111111111010101
1111111111010010
1111111111010000
1111111111010101
1111111111010100
1111111111010110
1111111111010000
1111111111010110
1111111111010111
1111111111010100
1111111111001111
1111111111010101
1111111111010110
1111111111010101
1111111111010010
1111111111010111
1111111111011000
1111111111010101
1111111111010000
1111111111010101
1111111111010111
1111111111010100
1111111111010011
1111111111010101
1111111111011111
1111111111010001
1111111111010001
1111111111010111
1111111111011101
1111111111010100
1111111111010011
1111111111001111
1111111111011110
1111111111011101
1111111111100001
1111111111010111
1111111111100001
1111111111011011
1111111111011111
1111111111011001
1111111111100011
1111111111011101
1111111111100001
1111111111011001
1111111111100100
1111111111011000
1111111111011111
1111111111010111
1111111111100101
1111111111011100
1111111111100001
1111111111010111
1111111111100101
1111111111011101
1111111111100000
1111111111010100
1111111111100100
1111111111011100
1111111111100001
1111111111010110
1111111111100000
1111111111011000
1111111111100001
1111111111010001
1111111111011000
1111111111010011
1111111111001100
1111111111011000
1111111111010111
1111111111010101
1111111111001110
1111111111010110
1111111111011000
1111111111010011
1111111111010000
1111111111010110
1111111111011011
1111111111010011
1111111111010001
1111111111010100
1111111111011101
1111111111010100
1111111111010001
1111111111010100
1111111111011010
1111111111010001
1111111111001111
1111111111010101
1111111111011101
1111111111010011
1111111111010011
1111111111010010
1111111111011001
1111111111001111
1111111111010011
1111111111001010
1111111111011100
1111111111011100
1111111111011110
1111111111011000
1111111111011101
1111111111011010
1111111111011110
1111111111010111
1111111111011110
1111111111011101
1111111111100001
1111111111010110
1111111111100000
1111111111011011
1111111111100001
1111111111010111
1111111111100001
1111111111011001
1111111111011111
1111111111010110
1111111111100001
1111111111011011
1111111111100011
1111111111010110
1111111111100011
1111111111011000
1111111111100001
1111111111010101
1111111111100001
1111111111011000
1111111111100011
1111111111010001
1111111111001110
1111111111010000
1111111111001001
1111111111001111
1111111111010001
1111111111010010
1111111111001011
1111111111010010
1111111111010011
1111111111010001
1111111111001101
1111111111010101
1111111111010010
1111111111010001
1111111111001011
1111111111010100
1111111111011000
1111111111010010
1111111111001111
1111111111010011
1111111111011100
1111111111010000
1111111111010000
1111111111010010
1111111111011100
1111111111010000
1111111111010011
1111111111010101
1111111111011011
1111111111001101
1111111111010100
1111111111001110
1111111111011000
1111111111011101
1111111111011100
1111111111011001
1111111111011011
1111111111011011
1111111111011110
1111111111010111
1111111111011101
1111111111011010
1111111111011111
1111111111010110
1111111111011101
1111111111011000
1111111111100000
1111111111010101
1111111111100001
1111111111011010
1111111111100000
1111111111010110
1111111111100011
1111111111011010
1111111111011111
1111111111010111
1111111111100011
1111111111011001
1111111111011110
1111111111010101
1111111111011110
1111111111011000
1111111111100001
1111111111010010
1111111111001010
1111111111010000
1111111111001010
1111111111010001
1111111111001110
1111111111001110
1111111111001001
1111111111010011
1111111111010011
1111111111010001
1111111111001010
1111111111010010
1111111111010001
1111111111010010
1111111111001010
1111111111010010
1111111111010110
1111111111010000
1111111111001101
1111111111010101
1111111111011000
1111111111001111
1111111111001101
1111111111010010
1111111111011100
1111111111001111
1111111111010001
1111111111010011
1111111111011000
1111111111001111
1111111111010010
1111111111001011
1111111111011001
1111111111011001
1111111111011001
1111111111010110
1111111111011100
1111111111011011
1111111111011101
1111111111010010
1111111111011110
1111111111011000
1111111111011101
1111111111010110
1111111111011111
1111111111011101
1111111111011110
1111111111010111
1111111111100011
1111111111011100
1111111111011111
1111111111010111
1111111111100000
1111111111011100
1111111111011101
1111111111010111
1111111111011110
1111111111011101
1111111111011101
1111111111010111
1111111111011101
1111111111011011
1111111111011110
1111111111010011
1111111111001100
1111111111001011
1111111111000100
1111111111010001
1111111111001110
1111111111001110
1111111111000110
1111111111001110
1111111111010011
1111111111010000
1111111111001001
1111111111001110
1111111111010100
1111111111001110
1111111111001010
1111111111010000
1111111111011000
1111111111001110
1111111111010000
1111111111010010
1111111111011001
1111111111001101
1111111111001100
1111111111001111
1111111111011011
1111111111001111
1111111111010010
1111111111001110
1111111111011011
1111111111001101
1111111111010011
1111111111001001
1111111111010010
1111111111011010
1111111111011000
1111111111010110
1111111111010101
1111111111011101
1111111111011011
1111111111010101
1111111111011000
1111111111011011
1111111111011100
1111111111010100
1111111111011111
1111111111011101
1111111111011011
1111111111010110
1111111111011101
1111111111011001
1111111111011100
1111111111011000
1111111111011101
1111111111011001
1111111111011110
1111111111010101
1111111111100001
1111111111011101
1111111111011110
1111111111010111
1111111111011100
1111111111011100
1111111111011100
1111111111010010
1111111111000101
1111111111001000
1111111111000001
1111111111001010
1111111111001010
1111111111001101
1111111111000110
1111111111001111
1111111111001010
1111111111001010
1111111111001001
1111111111001011
1111111111010000
1111111111001010
1111111111001010
1111111111001110
1111111111010101
1111111111010000
1111111111001010
1111111111001110
1111111111010011
1111111111001100
1111111111001010
1111111111001111
1111111111011000
1111111111001101
1111111111010001
1111111111001111
1111111111011001
1111111111001100
1111111111010001
1111111111001101
1111111111001111
1111111111011010
1111111111010100
1111111111010110
1111111111010110
1111111111011010
1111111111010110
1111111111010101
1111111111011001
1111111111011001
1111111111011000
1111111111010011
1111111111010111
1111111111011000
1111111111011010
1111111111010111
1111111111011011
1111111111011011
1111111111011101
1111111111010011
1111111111011110
1111111111011001
1111111111011101
1111111111010100
1111111111011110
1111111111011100
1111111111011100
1111111111010111
1111111111011011
1111111111011100
1111111111100000
1111111111010010
1111111111000011
1111111111000111
1111111110111101
1111111111001011
1111111111001001
1111111111000111
1111111111000000
1111111111001010
1111111111001010
1111111111001010
1111111111000000
1111111111001100
1111111111001011
1111111111001100
1111111111000100
1111111111001011
1111111111010010
1111111111001001
1111111111001000
1111111111001011
1111111111010011
1111111111001010
1111111111001001
1111111111001100
1111111111010111
1111111111001011
1111111111001010
1111111111001110
1111111111010111
1111111111001011
1111111111001110
1111111111000111
1111111111001110
1111111111011001
1111111111010100
1111111111010011
1111111111010101
1111111111011100
1111111111010101
1111111111010010
1111111111011000
1111111111011010
1111111111010111
1111111111010011
1111111111010110
1111111111011010
1111111111010110
1111111111010011
1111111111011010
1111111111011000
1111111111011100
1111111111010101
1111111111011100
1111111111011100
1111111111011001
1111111111010100
1111111111011101
1111111111011001
1111111111010111
1111111111010101
1111111111011001
1111111111011100
1111111111011001
1111111111010010
1111111110111010
1111111110111001
1111111110110110
1111111110111111
1111111110111110
1111111110111100
1111111110111001
1111111111000000
1111111111000010
1111111110111110
1111111110111001
1111111110111111
1111111111000100
1111111110111111
1111111110111011
1111111111000001
1111111111000111
1111111111000000
1111111111000010
1111111111000100
1111111111001011
1111111111000001
1111111111000000
1111111111000011
1111111111001111
1111111111000001
1111111111000010
1111111111000010
1111111111001011
1111111111000010
1111111111001000
1111111111000010
0100110010001100
0001100100010111
0111111111111111
0001100100010111
0111111111111111
0001100100010110
0111111111111111
0001100100010110
1111111111000110
1100111100000001
0001011100111111
1101100000010001
1111111111110111
0000000000000111
1111111111111101
1111111111111111
0001011010111101
0000001110000111
0000001001000000
0111111111111111
0001011010111011
0000001110000111
0000001001000000
0111111111111111
0000000000000011
0000000000000011
0000000000000011
0000000000000011
0000000000000011
0000000000000011
0000000000000011
0000000000000011
0000011001000101
0111111111111111
0001100100010111
0111111111111111
0001100100010111
0111111111111111
0001100100010110
0111111111111111
1111111111001111
1111010100111010
1101000001001000
1101100010010001
0000000000001000
1111111111111011
1111111111111100
1111111111111111
0000000011010111
0000000001101010
0010010101010011
0000000000110111
0000000011010111
0000000001101010
0010010101010011
0000000000110111
0000000000000011
0000000000000011
0000000000000011
0000000000000011
0000000000000011
0000000000000011
0000000000000011
0000000000000011
0000000010111011
0110100110011111
0000000000000000
0010000001100001
0000000000000100
0000001100100000
0000001111100000
0001100100101001
1110111000010101
0000000110001001
0000010010011001
0000000000000000
0001100100000001
0000000000000000
0001000000000000
1011111000110011
0100001000010000
1111111111010010
0000001000000010
0000001000000010
0000001000000010
1111000111110001
1101000111100001
1010000011010000
1111111011111111
1111111100000000
1111111100000001
1111000000000001
1111000000000011
1111000100000011
1110000111110100
1100000111110011
1000100010010101
0011100000111100
1110110110101001
0010000100001111
0011001100110011
0011001100110011
0000000000100010
1100110011101111
1101110111001011
0000000011111111
0010001000100001
0011001100110011
0010001000110011
0001000100100010
1110111100000000
1011101111011101
0001011100110001
0010111110100010
0010100101010101
1010010010000001
0100010000110011
1111100111001010
0101110101011010
0101000001010100
0010001101100011
1111100010110000
0001011111000111
0000010001000010
1111011000000000
1100010111001100
1001011110110001
0010011001101001
0000101110100010
0000011110100000
0001111101000000
1111001111101110
0000001111001110
1111110001010000
0001000000011110
1111010000011110
0000000010101110
1111100000000000
0001100000100000
1111000001111110
0000000000001100
1111100011001110
0000110001111110
1111000000111110
1111110010100010
1111100001100000
0000110100110000
1110110010111110
1111110001000000
1111010001011110
0000010001011110
1110111111101110
1111010010010000
1111100000100000
0000101111010000
1110110000100000
1111000001111110
1110110001010010
0000110001000010
1110001111110000
0001011110010010
0000011110100000
0000001100111110
0001001111110000
0000101110110010
0000000001000000
1111100000001110
0001000000011110
0000100010010000
0000000000001110
1111110000010000
0000110001100000
0000100000010010
1111110011001110
1111010001101110
0000110000110000
0000100010010010
1111110001101110
1111100100111100
0000110010100000
0000110000110100
1111110001001110
1111010001001100
0000111111110000
0000010001110010
0000000000101110
1111101111001110
0001000000010010
0000010001100000
1111100001001110
1111100000111110
0000011111110000
0000001110000000
0000001100100000
0001011101100000
1110111110111110
1111111110001110
1111110000000010
0001001110010000
1111001110011110
1111110001101110
1111101111010000
0001000000000000
1110111111101110
1111110000101100
1111100000110000
0000100000100000
1110111111000000
1111010010110000
1111010010101110
0001000001110000
1110100011111110
1111100001010000
1111000001100000
0000010001100000
1110011111001110
1111100000000000
1111010001000000
0000101110010000
1110100000111110
1111000000101110
1111001111110000
0000111111000000
1110001110100000
0000111101100010
0000011100000000
1111111101001110
0001001110010010
0000101101110010
1111111111111100
1111101101111110
0001001110010000
0000100001000000
1111111111001110
1111101111101110
0000111111001110
0000100000010010
1111110000101110
1111010000001100
0000111110110000
0000010010001110
1111110010011110
1111110001011100
0000100011100000
0000100000110000
1111110001011110
1111000001001100
0000111110110000
0000101111101110
0000000001001100
1111101101101110
0000110000010000
0000001111110000
1111111111011110
1111101110111110
0000011110100000
0000111110010000
0000001101100000
0001001110010000
1110110000000000
0000101111101110
1111110000010000
0001001111100000
1111000000100000
0000010010011110
1111101110111110
0001000000110000
1110110001111110
0000010000010000
1111100011001110
0000010010011110
1110110000011100
0000000010000000
1111100000111110
0001000010011110
1110100011111110
1111110010110000
1111100001100000
0000100001000000
1110100010111110
1111100001110000
1111100001100000
0000101111001110
1110100010011110
1111010000111110
1111011110000000
0000110000110000
1110101110110010
0001011101110010
0000001101001110
1111011101111110
0000111111100010
0000111110110010
0000001111010000
1111101110111110
0000111111110000
0000110001100010
1111111110001110
1111101111101110
0000110000100000
0000111111010000
1111110010001110
1111000001001100
0000111111010000
0000110000110010
0000001111111110
1111110001001110
0000110010110000
0000100001110010
1111110000101100
1111010000011110
0000100010000000
0000100001000010
0000000001001110
1111011110011110
0000110001010000
0000011111110000
1111111101010000
1111100000001110
0000011110010000
0000001111100000
0000001110110000
0001001111100010
1111001111111110
1111111111110000
1111110001100010
0000110001101110
1111000000010000
1111110011000000
1111100000010000
0001011111010000
1110110001111110
1111111111101110
1111100001010000
0000111111101110
1110110000111110
1111010001111110
1111100001010000
0000110100000000
1110100010011110
1111010011101110
1111010010101110
0000100000010000
1110100001101110
1111100011101110
1111100010010000
0000101111001110
1110110000101110
1111100001000000
1111011111110000
0000110001010010
1110011110100000
0000101110100100
1111101110011110
1111011110011110
0000101110100010
0000011110100010
1111110000010000
1110110000011100
0000101111100000
0000010001100010
1111101110110000
1111101101101110
0000100000010000
0000101110010000
1111100000001110
1111001110011110
0000101111100000
0000000000010000
1111110000001110
1111010010101100
0000100000110000
0000000010000000
1111100001011110
1111001110111010
0000100000010000
0000000010000010
0000000001011110
1111011101111100
0000111111110000
0000010000010000
1111101111101110
1111010000011110
0000011101110010
1111101110100010
0000001110000010
0001001101110000
1110111111000000
1111111110010000
1111110001010000
0001001101110000
1111000000001110
1111100000101110
1111101101100000
0001001110011110
1110110000000000
1111101111011110
1111101111000000
0000111100100000
1110111100111110
1111100000000000
1111101111000000
0000110000010000
1110111111101110
1111010001011110
1111010000011110
0000010000000000
1110101110110000
1111110000000000
1111100000110000
0000101101110000
1110110001010000
1111101110111110
1111011110110000
0000111111000010
1110011110010010
1111111111010010
1111011110111110
1111001110011110
0000001111100000
0000001110110010
1111010010000000
1111001110101110
0000010001000000
1111110001000000
1111011110100000
1111001110111110
0000010000100000
0000001111110000
1111101111101110
1111001101001110
0000101101100000
1111110000100000
1111101111101110
1111010000101100
0000100000010000
1111110001110000
1111100001001110
1110110000101110
0000011111100000
0000100000100100
1111100001111110
1111001110111110
0000100010000000
0000011111100010
1111011111110000
1111011111111110
0000011111000010
0000111110010010
0000011101110000
0001001101110000
1111000000110000
0000011110110000
1111110001010000
0000110000000000
1111000001000000
0000010000010010
1111111110011110
0000111110001110
1111001110000000
0000011110010010
1111111111010000
0000011111000000
1110111110011110
0000000000010000
1111100000110000
0001001111110000
1110110000110000
1111110000110010
1111100010000000
0000010001110000
1110100000010000
1111010011100000
1111110000110000
0000011111111110
1110110010011110
1110110010111110
1111000001000000
0000101111110000
1110011110100000
0000101110110100
1111011110000000
1110111110011110
0000000001010000
0000011111010010
1111000010001110
1110100000011110
0000000001100000
0000100000010010
1111011110111110
1111001110011110
0000011110110000
0000101110000010
1111011111111110
1110111111001100
0000011110111110
0000010000010010
1111010001001110
1111000000101110
0000010001100000
0000000001010100
1111010011001110
1110100001111110
0000010000110010
1111110100000010
1111100001100000
1110110000001110
0000010010010000
1111100011010000
1111000001001110
1111000000011110
1111111111000000
0000010000100010
0001001110100010
0001101111110000
1111110001100000
0000101111001110
0000110010011110
0001101111110000
0000001111110000
0000100000110000
0000100000010000
0001111101010000
1111110000111110
0000100000001110
0000100001101110
0001101101110000
1111111111001110
0000010000010000
0000100000100010
0001100010010000
1111010010101110
0000100000000000
0000100000110010
0001011110000000
1111010001011110
0000000010110000
0000100010110000
0001011111010000
1111110010000000
0000000011100000
0000000001000000
0001101111110000
1111101110110010
0000000000100010
1111101111000000
1111001111111110
0000010010000010
0000011111010010
1111110010010000
1111001111101110
0000110000000010
0000010001000010
1111100000100000
1111101101011110
0000110000110000
0000010000000000
1111110001110000
1111011101101110
0000111111000000
0000010000010010
1111110000111110
1111010010101110
0000110011010010
0000100000010010
0000000001001110
1111011110011110
0000100001100000
0000100010010010
0000010011001110
1111101111011110
0001000010100000
0000010011010000
0000000001010000
1111110000001110
0000111111010000
1111100000110000
0001001101100100
0001011101100010
1111111111010000
0000000000100000
0000100001010000
0001000000000010
1111100001100000
0000000000010000
0000011110010000
0001101101100000
1111100000001110
0000011111010000
0000101110010010
0001011100110000
1111101111010000
0000011110010010
0000011111110000
0001010001000000
1111010000111110
0000011111100000
0000011111010000
0000110001000000
1111010000010000
0000010001000000
0000100001100000
0001001111010010
1111100001000000
1111110001110000
0000000000100010
0001011111000010
1111011110010000
1110110000110010
1111011101100000
1110101101100000
1111111111010010
1111010000100010
1111000001100000
1110011111101110
0000010001010010
1111110000000000
1111011110010000
1111001101001110
0000000000010000
0000001111000000
1111101110100000
1110111100101110
0000011111000010
0000011110000010
1111101111111110
1111000000111110
0000100000100010
0000011111010010
1111101111000000
1110100000111110
0000100000010000
0000100000100010
0000000001100000
1111001110110000
0000110000110000
0000010001010010
1111100000101110
1111011111001110
0000101110110000
0000011111110010
0000111111000010
0001001111000010
1111100000000000
1111111111010000
0000100000000010
0000101111010010
1111100000100000
0000010000000000
0000011110000010
0000111101010000
1111101110100000
0000101100110010
0000011111000010
0000101100110000
1111011110001110
0000011111100000
0000011111000000
0001000000110000
1111000001110000
0000000000100000
1111110010100000
0000101111110000
1111001111010000
1111010011011110
0000010001000000
0000011111100000
1111010001000000
1111010001011110
1111110001010000
0000101111010010
1111001110110010
0000001111010100
1111111111000010
1110101110010000
0000101111110010
0000001110110010
1111111111100000
1110111111001110
0000100000010010
0000111111110010
1111111110001110
1111101100111110
0000111110010010
0001001100010100
0000001110111110
1111011100101110
0000111101100000
0000111111010010
0000011110111110
1111100000011110
0001000001100010
0000110000000010
0000000010100000
1111011111011110
0001001111000000
0000100010110010
0000100000110000
1111101111001110
0001010000100000
0000110000110000
0000000001000000
1111111111001110
0001001110100010
1110010001010000
0000000001110010
0000000000000010
1111000001010000
1110110001000000
0000010001110010
0000010000000010
1111010001100010
1111000011010000
0000001111010010
0000111111000010
1111000000111110
1111101110100000
0000000000010010
0000011111000000
1111000000000000
1111100000000010
0000001111100000
0000100010110000
1111000000100000
1111010010110000
1111110010000010
0000000001010000
1110110001110000
1111010011110000
0000010000100000
0000011111010010
1111010001000000
1111000010100000
1111110001010010
0000010001100000
1111001111000000
1111100001000100
1111110001010010
1110101111100000
0000100000110010
0000000000010010
0000010001010010
1111001111010000
0001000000110010
0000010010110010
0000011111000000
1111101110100000
0001000000110010
0001001110000100
0000100000010000
1111101110101110
0001011111100010
0001001111100100
0000111111000000
1111110010011110
0001100000010010
0000110010010010
0000100001110000
1111100000101110
0001100001010010
0001000011000010
0001100000010000
0000011110011110
0010010000110010
0001010010000010
0001000001000000
0000100000110000
0010001110100010
1110100000100010
0001001110100100
0000011111000010
1111111111010010
1111111110000010
0000110000100010
0000100000100010
1111110000000000
1111111111010000
0000111100100010
0001001111000000
1111101111100000
1111111110010000
0000111101010010
0000111101110000
1111111101100000
0000001110110000
0000100000010000
0001000000110010
1111100001100000
0000001110010000
0000100000110000
0000111110110000
1111101110110010
1111110000010000
0001000000100010
0000111101010010
0000001111100000
1111100001000000
0000101111010000
0001001111000010
1111111110110010
1110010001100010
1111000000000010
1101110000000000
0000000000110010
1111101110110100
1111010001110010
1101110001100000
0000100001100100
1111110000100010
1111101110000000
1110100000011110
0000100001000010
1111111111010000
1111111110110000
1110101111010000
0000111111010010
0000010000000010
1111110001110000
1111010001110000
0000110010110010
0000101111110100
0000000010100000
1111001111111110
0001000000010010
0000100001010100
0000100010000000
1111011110011110
0001100000110010
0000100010000010
0000100000110000
1111110000101110
0001100000010010
1110010011000010
0000110000010100
0000011111010010
1111100001000010
1111101111000000
0000100001000010
0000011110100010
1111100000010000
1111100001110000
0000101100110010
0000011110110000
1111010000100000
1111111110110010
0000101110100010
0000001110110010
1111101111000000
1111100001000000
0000100000000010
0000110010010000
1111100010000000
0000000001000000
0000111111000010
0000010000110010
1111101111010000
1111000001100000
0000110001100000
0000001101110000
1111110000110000
1110110010110000
0000100000010000
0000000000110000
0000001111100000
1110110001000010
1111111111010010
1110101110010000
0000110000010100
0000001110010010
1111110000010010
1110101101110000
0001001111100100
0000010000110010
0000011100010010
1111011101110000
0000100000000010
0000111101110010
0000101101110000
1111001110010000
0001001110100010
0000100000100010
0000111111100000
0000000001010000
0001110001010010
0001010000010010
0001011110100000
1111100000000000
0010001110100010
0001000000110010
0001010000110000
0000001101000000
0010001111110010
0001000010010010
0001101111100000
0000100000000000
0010101111010010
1111111111100000
1111111111011101
1111111111100001
1111111111011001
1111111111100000
1111111111011100
1111111111100000
1111111111011010
1111111111100001
1111111111011110
1111111111100100
1111111111011010
1111111111100001
1111111111011110
1111111111100000
1111111111010111
1111111111100110
1111111111011111
1111111111100011
1111111111011000
1111111111100100
1111111111011011
1111111111100010
1111111111010111
1111111111100010
1111111111011100
1111111111100010
1111111111010111
1111111111011110
1111111111011001
1111111111100011
1111111111010010
1111111111011000
1111111111011000
1111111111010000
1111111111011001
1111111111011000
1111111111010111
1111111111010100
1111111111011010
1111111111011010
1111111111010111
1111111111010100
1111111111011000
1111111111011010
1111111111010100
1111111111010010
1111111111010111
1111111111011110
1111111111010101
1111111111010101
1111111111010111
1111111111011111
1111111111010001
1111111111010101
1111111111010111
1111111111100001
1111111111010010
1111111111011001
1111111111010111
1111111111100000
1111111111010100
1111111111010110
1111111111001111
1111111111011101
1111111111011011
1111111111100001
1111111111011001
1111111111011111
1111111111011100
1111111111011111
1111111111011000
1111111111100001
1111111111011100
1111111111011111
1111111111011000
1111111111100000
1111111111011101
1111111111100010
1111111111010111
1111111111100011
1111111111011100
1111111111100100
1111111111010111
1111111111100011
1111111111011011
1111111111011111
1111111111010111
1111111111100110
1111111111011100
1111111111011111
1111111111010111
1111111111100000
1111111111011100
1111111111100101
1111111111010001
1111111111010111
1111111111010111
1111111111010001
1111111111011001
1111111111010111
1111111111011000
1111111111010011
1111111111011001
1111111111011100
1111111111010101
1111111111010001
1111111111011000
1111111111011010
1111111111010111
1111111111010100
1111111111011000
1111111111011101
1111111111010011
1111111111010110
1111111111010100
1111111111011111
1111111111010101
1111111111010100
1111111111010110
1111111111100011
1111111111010011
1111111111010110
1111111111010110
1111111111011111
1111111111010001
1111111111011010
1111111111001100
1111111111100100
1111111111011110
1111111111100001
1111111111010111
1111111111100011
1111111111011110
1111111111100001
1111111111011010
1111111111100010
1111111111011110
1111111111100010
1111111111011000
1111111111100010
1111111111011101
1111111111100001
1111111111011000
1111111111100100
1111111111011101
1111111111100001
1111111111011010
1111111111100011
1111111111011100
1111111111100010
1111111111010110
1111111111100100
1111111111011101
1111111111100011
1111111111010111
1111111111100001
1111111111011100
1111111111100110
1111111111010010
1111111111011001
1111111111010101
1111111111010000
1111111111011011
1111111111011001
1111111111011000
1111111111010100
1111111111010111
1111111111011011
1111111111010110
1111111111010011
1111111111010110
1111111111011111
1111111111010010
1111111111010010
1111111111010110
1111111111011111
1111111111011000
1111111111010101
1111111111010111
1111111111011110
1111111111010110
1111111111011000
1111111111010111
1111111111100001
1111111111010011
1111111111010110
1111111111010011
1111111111011110
1111111111010101
1111111111011010
1111111111001111
1111111111011110
1111111111011100
1111111111011110
1111111111011000
1111111111011110
1111111111011100
1111111111100000
1111111111011010
1111111111011110
1111111111011100
1111111111100011
1111111111011000
1111111111100000
1111111111011110
1111111111100001
1111111111011000
1111111111100100
1111111111011100
1111111111100001
1111111111011000
1111111111100001
1111111111011101
1111111111100011
1111111111011000
1111111111100100
1111111111011101
1111111111100100
1111111111011001
1111111111100100
1111111111011101
1111111111100011
1111111111010100
1111111111010110
1111111111010011
1111111111001111
1111111111010111
1111111111010101
1111111111010101
1111111111001111
1111111111010110
1111111111011001
1111111111010110
1111111111010100
1111111111010110
1111111111011011
1111111111010111
1111111111010010
1111111111010101
1111111111011100
1111111111010100
1111111111010010
1111111111010111
1111111111011111
1111111111010100
1111111111010101
1111111111010110
1111111111100001
1111111111010100
1111111111010111
1111111111011000
1111111111100000
1111111111010000
1111111111011011
1111111111001111
1111111111011101
1111111111011100
1111111111011111
1111111111011000
1111111111011110
1111111111011101
1111111111100010
1111111111011000
1111111111100000
1111111111011010
1111111111100011
1111111111010111
1111111111011110
1111111111011101
1111111111100010
1111111111011000
1111111111100010
1111111111011101
1111111111100001
1111111111010111
1111111111100011
1111111111011101
1111111111100011
1111111111011000
1111111111100011
1111111111011100
1111111111100000
1111111111010110
1111111111100001
1111111111011011
1111111111100011
1111111111010011
1111111111010101
1111111111010010
1111111111001110
1111111111010101
1111111111010110
1111111111010110
1111111111010010
1111111111010110
1111111111010110
1111111111010100
1111111111010000
1111111111010101
1111111111010111
1111111111010101
1111111111010001
1111111111010111
1111111111011100
1111111111010101
1111111111010011
1111111111010101
1111111111011011
1111111111010100
1111111111010101
1111111111010101
1111111111100000
1111111111010001
1111111111010100
1111111111010111
1111111111100010
1111111111010100
1111111111011000
1111111111001111
1111111111011110
1111111111011010
1111111111100001
1111111111011011
1111111111100001
1111111111011101
1111111111011111
1111111111011000
1111111111100011
1111111111011111
1111111111100001
1111111111011000
1111111111100100
1111111111011011
1111111111011111
1111111111011000
1111111111100101
1111111111011110
1111111111100001
1111111111011001
1111111111100101
1111111111011011
1111111111100000
1111111111010111
1111111111100100
1111111111011110
1111111111100001
1111111111011001
1111111111100000
1111111111011110
1111111111100001
1111111111010100
1111111111011001
1111111111010011
1111111111001101
1111111111011000
1111111111010110
1111111111010101
1111111111001100
1111111111010110
1111111111011010
1111111111010011
1111111111010010
1111111111010110
1111111111011010
1111111111010011
1111111111010000
1111111111010100
1111111111011111
1111111111010100
1111111111010100
1111111111010100
1111111111011101
1111111111010001
1111111111010101
1111111111010101
1111111111011110
1111111111010011
1111111111010110
1111111111010010
1111111111100010
1111111111001111
1111111111011000
1111111111001010
1111111111011100
1111111111011101
1111111111011110
1111111111011001
1111111111011101
1111111111011011
1111111111011110
1111111111011010
1111111111011110
1111111111011101
1111111111100001
1111111111011000
1111111111100000
1111111111011110
1111111111100001
1111111111011000
1111111111100001
1111111111011100
1111111111011111
1111111111011010
1111111111100001
1111111111011110
1111111111100011
1111111111010111
1111111111100011
1111111111011101
1111111111100001
1111111111011010
1111111111100001
1111111111011100
1111111111100011
1111111111010101
1111111111010001
1111111111010000
1111111111001001
1111111111001111
1111111111010100
1111111111010010
1111111111001100
1111111111010010
1111111111010110
1111111111010001
1111111111001110
1111111111010101
1111111111010111
1111111111010001
1111111111010000
1111111111010100
1111111111011001
1111111111010010
1111111111010001
1111111111010011
1111111111011101
1111111111010000
1111111111010100
1111111111010010
1111111111100000
1111111111010000
1111111111010100
1111111111010101
1111111111011001
1111111111001101
1111111111010110
1111111111001110
1111111111011000
1111111111011011
1111111111011100
1111111111010111
1111111111011011
1111111111011110
1111111111011110
1111111111010110
1111111111011101
1111111111011011
1111111111011111
1111111111010111
1111111111011101
1111111111011100
1111111111100000
1111111111010111
1111111111100001
1111111111011110
1111111111100000
1111111111011000
1111111111100011
1111111111011110
1111111111011111
1111111111010111
1111111111100011
1111111111011111
1111111111011110
1111111111011001
1111111111011110
1111111111011000
1111111111100001
1111111111010011
1111111111001010
1111111111010000
1111111111001000
1111111111010001
1111111111001111
1111111111001110
1111111111001010
1111111111010011
1111111111010011
1111111111010001
1111111111001100
1111111111010010
1111111111010110
1111111111010010
1111111111001110
1111111111010010
1111111111011000
1111111111010000
1111111111001110
1111111111010101
1111111111011100
1111111111001111
1111111111010010
1111111111010010
1111111111011111
1111111111001111
1111111111010011
1111111111010011
1111111111011001
1111111111001111
1111111111010110
1111111111001011
1111111111011001
1111111111011100
1111111111011001
1111111111010111
1111111111011100
1111111111011100
1111111111011101
1111111111010110
1111111111011110
1111111111011100
1111111111011101
1111111111010111
1111111111011111
1111111111011101
1111111111011110
1111111111010111
1111111111100011
1111111111011100
1111111111011111
1111111111010111
1111111111100000
1111111111011100
1111111111011101
1111111111010111
1111111111011110
1111111111011101
1111111111011101
1111111111010111
1111111111011101
1111111111011011
1111111111011110
1111111111010011
1111111111001100
1111111111001011
1111111111000100
1111111111010001
1111111111001110
1111111111001110
1111111111000110
1111111111001110
1111111111010011
1111111111010000
1111111111001001
1111111111001110
1111111111010100
1111111111001110
1111111111001010
1111111111010000
1111111111011000
1111111111001110
1111111111010000
1111111111010010
1111111111011001
1111111111001101
1111111111001100
1111111111001111
1111111111011011
1111111111001111
1111111111010010
1111111111001110
1111111111011011
1111111111001101
1111111111010011
1111111111001001
1111111111010010
1111111111011010
1111111111011000
1111111111010110
1111111111010101
1111111111011101
1111111111011011
1111111111010101
1111111111011000
1111111111011011
1111111111011100
1111111111010100
1111111111011111
1111111111011101
1111111111011011
1111111111010110
1111111111011101
1111111111011001
1111111111011100
1111111111011000
1111111111011101
1111111111011001
1111111111011110
1111111111010101
1111111111100001
1111111111011101
1111111111011110
1111111111010111
1111111111011100
1111111111011100
1111111111011100
1111111111010010
1111111111000101
1111111111001000
1111111111000001
1111111111001010
1111111111001010
1111111111001101
1111111111000110
1111111111001111
1111111111001010
1111111111001010
1111111111001001
1111111111001011
1111111111010000
1111111111001010
1111111111001010
1111111111001110
1111111111010101
1111111111010000
1111111111001010
1111111111001110
1111111111010011
1111111111001100
1111111111001010
1111111111001111
1111111111011000
1111111111001101
1111111111010001
1111111111001111
1111111111011001
1111111111001100
1111111111010001
1111111111001101
1111111111001111
1111111111011010
1111111111010100
1111111111010110
1111111111010110
1111111111011010
1111111111010110
1111111111010101
1111111111011001
1111111111011001
1111111111011000
1111111111010011
1111111111010111
1111111111011000
1111111111011010
1111111111010111
1111111111011011
1111111111011011
1111111111011101
1111111111010011
1111111111011110
1111111111011001
1111111111011101
1111111111010100
1111111111011110
1111111111011100
1111111111011100
1111111111010111
1111111111011011
1111111111011100
1111111111100000
1111111111010010
1111111111000011
1111111111000111
1111111110111101
1111111111001011
1111111111001001
1111111111000111
1111111111000000
1111111111001010
1111111111001010
1111111111001010
1111111111000000
1111111111001100
1111111111001011
1111111111001100
1111111111000100
1111111111001011
1111111111010010
1111111111001001
1111111111001000
1111111111001011
1111111111010011
1111111111001010
1111111111001001
1111111111001100
1111111111010111
1111111111001011
1111111111001010
1111111111001110
1111111111010111
1111111111001011
1111111111001110
1111111111000111
1111111111001110
1111111111011001
1111111111010100
1111111111010011
1111111111010101
1111111111011100
1111111111010101
1111111111010010
1111111111011000
1111111111011010
1111111111010111
1111111111010011
1111111111010110
1111111111011010
1111111111010110
1111111111010011
1111111111011010
1111111111011000
1111111111011100
1111111111010101
1111111111011100
1111111111011100
1111111111011001
1111111111010100
1111111111011101
1111111111011001
1111111111010111
1111111111010101
1111111111011001
1111111111011100
1111111111011001
1111111111010010
1111111110111010
1111111110111001
1111111110110110
1111111110111111
1111111110111110
1111111110111100
1111111110111001
1111111111000000
1111111111000010
1111111110111110
1111111110111001
1111111110111111
1111111111000100
1111111110111111
1111111110111011
1111111111000001
1111111111000111
1111111111000000
1111111111000010
1111111111000100
1111111111001011
1111111111000001
1111111111000000
1111111111000011
1111111111001111
1111111111000001
1111111111000010
1111111111000010
1111111111001011
1111111111000010
1111111111001000
1111111111000010
0100110010001100
0001100100010111
0111111111111111
0001100100010111
0111111111111111
0001100100010110
0111111111111111
0001100100010110
1111111111000110
1100111100000001
0001011100111111
1101100000010001
1111111111110111
0000000000000111
1111111111111101
1111111111111111
0001011010111101
0000001110000111
0000001001000000
0111111111111111
0001011010111011
0000001110000111
0000001001000000
0111111111111111
0000000000000011
0000000000000011
0000000000000011
0000000000000011
0000000000000011
0000000000000011
0000000000000011
0000000000000011
0000011001000101
0111111111111111
0001100100010111
0111111111111111
0001100100010111
0111111111111111
0001100100010110
0111111111111111
1111111111001111
1111010100111010
1101000001001000
1101100010010001
0000000000001000
1111111111111011
1111111111111100
1111111111111111
0000000011010111
0000000001101010
0010010101010011
0000000000110111
0000000011010111
0000000001101010
0010010101010011
0000000000110111
0000000000000011
0000000000000011
0000000000000011
0000000000000011
0000000000000011
0000000000000011
0000000000000011
0000000000000011
0000000010111011
0110100110011111
0000000000000000
0010000001100001
0000000000000100
0000001100100000
0000001111100000
0001100100101001
1110111000010101
0000000110001001
0000010010011001
0000000000000000
0001100100000001
0000000000000000
0001000000000000
1011111000110011
0100001000010000
1111111111010010
0000001000000010
0000001000000010
0000001000000010
1111000111110001
1101000111100001
1010000011010000
1111111011111111
1111111100000000
1111111100000001
1111000000000001
1111000000000011
1111000100000011
1110000111110100
1100000111110011
1000100010010101
0011100000111100
1110110110101001
0010000100001111
0011001100110011
0011001100110011
0000000000100010
1100110011101111
1101110111001011
0000000011111111
0010001000100001
0011001100110011
0010001000110011
0001000100100010
1110111100000000
1011101111011101
0001011100110001
0010111110100010
0010100101010101
1010010010000001
0100010000110011
1111100111001010
0101110101011010
0101000001010100
0010001101100011
1111100010110000
0001011111000111
0000010001000010
1111011000000000
1100010111001100
1001011110110001
0010011001101001
0000101110100010
0000011110100000
0001111101000000
1111001111101110
0000001111001110
1111110001010000
0001000000011110
1111010000011110
0000000010101110
1111100000000000
0001100000100000
1111000001111110
0000000000001100
1111100011001110
0000110001111110
1111000000111110
1111110010100010
1111100001100000
0000110100110000
1110110010111110
1111110001000000
1111010001011110
0000010001011110
1110111111101110
1111010010010000
1111100000100000
0000101111010000
1110110000100000
1111000001111110
1110110001010010
0000110001000010
1110001111110000
0001011110010010
0000011110100000
0000001100111110
0001001111110000
0000101110110010
0000000001000000
1111100000001110
0001000000011110
0000100010010000
0000000000001110
1111110000010000
0000110001100000
0000100000010010
1111110011001110
1111010001101110
0000110000110000
0000100010010010
1111110001101110
1111100100111100
0000110010100000
0000110000110100
1111110001001110
1111010001001100
0000111111110000
0000010001110010
0000000000101110
1111101111001110
0001000000010010
0000010001100000
1111100001001110
1111100000111110
0000011111110000
0000001110000000
0000001100100000
0001011101100000
1110111110111110
1111111110001110
1111110000000010
0001001110010000
1111001110011110
1111110001101110
1111101111010000
0001000000000000
1110111111101110
1111110000101100
1111100000110000
0000100000100000
1110111111000000
1111010010110000
1111010010101110
0001000001110000
1110100011111110
1111100001010000
1111000001100000
0000010001100000
1110011111001110
1111100000000000
1111010001000000
0000101110010000
1110100000111110
1111000000101110
1111001111110000
0000111111000000
1110001110100000
0000111101100010
0000011100000000
1111111101001110
0001001110010010
0000101101110010
1111111111111100
1111101101111110
0001001110010000
0000100001000000
1111111111001110
1111101111101110
0000111111001110
0000100000010010
1111110000101110
1111010000001100
0000111110110000
0000010010001110
1111110010011110
1111110001011100
0000100011100000
0000100000110000
1111110001011110
1111000001001100
0000111110110000
0000101111101110
0000000001001100
1111101101101110
0000110000010000
0000001111110000
1111111111011110
1111101110111110
0000011110100000
0000111110010000
0000001101100000
0001001110010000
1110110000000000
0000101111101110
1111110000010000
0001001111100000
1111000000100000
0000010010011110
1111101110111110
0001000000110000
1110110001111110
0000010000010000
1111100011001110
0000010010011110
1110110000011100
0000000010000000
1111100000111110
0001000010011110
1110100011111110
1111110010110000
1111100001100000
0000100001000000
1110100010111110
1111100001110000
1111100001100000
0000101111001110
1110100010011110
1111010000111110
1111011110000000
0000110000110000
1110101110110010
0001011101110010
0000001101001110
1111011101111110
0000111111100010
0000111110110010
0000001111010000
1111101110111110
0000111111110000
0000110001100010
1111111110001110
1111101111101110
0000110000100000
0000111111010000
1111110010001110
1111000001001100
0000111111010000
0000110000110010
0000001111111110
1111110001001110
0000110010110000
0000100001110010
1111110000101100
1111010000011110
0000100010000000
0000100001000010
0000000001001110
1111011110011110
0000110001010000
0000011111110000
1111111101010000
1111100000001110
0000011110010000
0000001111100000
0000001110110000
0001001111100010
1111001111111110
1111111111110000
1111110001100010
0000110001101110
1111000000010000
1111110011000000
1111100000010000
0001011111010000
1110110001111110
1111111111101110
1111100001010000
0000111111101110
1110110000111110
1111010001111110
1111100001010000
0000110100000000
1110100010011110
1111010011101110
1111010010101110
0000100000010000
1110100001101110
1111100011101110
1111100010010000
0000101111001110
1110110000101110
1111100001000000
1111011111110000
0000110001010010
1110011110100000
0000101110100100
1111101110011110
1111011110011110
0000101110100010
0000011110100010
1111110000010000
1110110000011100
0000101111100000
0000010001100010
1111101110110000
1111101101101110
0000100000010000
0000101110010000
1111100000001110
1111001110011110
0000101111100000
0000000000010000
1111110000001110
1111010010101100
0000100000110000
0000000010000000
1111100001011110
1111001110111010
0000100000010000
0000000010000010
0000000001011110
1111011101111100
0000111111110000
0000010000010000
1111101111101110
1111010000011110
0000011101110010
1111101110100010
0000001110000010
0001001101110000
1110111111000000
1111111110010000
1111110001010000
0001001101110000
1111000000001110
1111100000101110
1111101101100000
0001001110011110
1110110000000000
1111101111011110
1111101111000000
0000111100100000
1110111100111110
1111100000000000
1111101111000000
0000110000010000
1110111111101110
1111010001011110
1111010000011110
0000010000000000
1110101110110000
1111110000000000
1111100000110000
0000101101110000
1110110001010000
1111101110111110
1111011110110000
0000111111000010
1110011110010010
1111111111010010
1111011110111110
1111001110011110
0000001111100000
0000001110110010
1111010010000000
1111001110101110
0000010001000000
1111110001000000
1111011110100000
1111001110111110
0000010000100000
0000001111110000
1111101111101110
1111001101001110
0000101101100000
1111110000100000
1111101111101110
1111010000101100
0000100000010000
1111110001110000
1111100001001110
1110110000101110
0000011111100000
0000100000100100
1111100001111110
1111001110111110
0000100010000000
0000011111100010
1111011111110000
1111011111111110
0000011111000010
0000111110010010
0000011101110000
0001001101110000
1111000000110000
0000011110110000
1111110001010000
0000110000000000
1111000001000000
0000010000010010
1111111110011110
0000111110001110
1111001110000000
0000011110010010
1111111111010000
0000011111000000
1110111110011110
0000000000010000
1111100000110000
0001001111110000
1110110000110000
1111110000110010
1111100010000000
0000010001110000
1110100000010000
1111010011100000
1111110000110000
0000011111111110
1110110010011110
1110110010111110
1111000001000000
0000101111110000
1110011110100000
0000101110110100
1111011110000000
1110111110011110
0000000001010000
0000011111010010
1111000010001110
1110100000011110
0000000001100000
0000100000010010
1111011110111110
1111001110011110
0000011110110000
0000101110000010
1111011111111110
1110111111001100
0000011110111110
0000010000010010
1111010001001110
1111000000101110
0000010001100000
0000000001010100
1111010011001110
1110100001111110
0000010000110010
1111110100000010
1111100001100000
1110110000001110
0000010010010000
1111100011010000
1111000001001110
1111000000011110
1111111111000000
0000010000100010
0001001110100010
0001101111110000
1111110001100000
0000101111001110
0000110010011110
0001101111110000
0000001111110000
0000100000110000
0000100000010000
0001111101010000
1111110000111110
0000100000001110
0000100001101110
0001101101110000
1111111111001110
0000010000010000
0000100000100010
0001100010010000
1111010010101110
0000100000000000
0000100000110010
0001011110000000
1111010001011110
0000000010110000
0000100010110000
0001011111010000
1111110010000000
0000000011100000
0000000001000000
0001101111110000
1111101110110010
0000000000100010
1111101111000000
1111001111111110
0000010010000010
0000011111010010
1111110010010000
1111001111101110
0000110000000010
0000010001000010
1111100000100000
1111101101011110
0000110000110000
0000010000000000
1111110001110000
1111011101101110
0000111111000000
0000010000010010
1111110000111110
1111010010101110
0000110011010010
0000100000010010
0000000001001110
1111011110011110
0000100001100000
0000100010010010
0000010011001110
1111101111011110
0001000010100000
0000010011010000
0000000001010000
1111110000001110
0000111111010000
1111100000110000
0001001101100100
0001011101100010
1111111111010000
0000000000100000
0000100001010000
0001000000000010
1111100001100000
0000000000010000
0000011110010000
0001101101100000
1111100000001110
0000011111010000
0000101110010010
0001011100110000
1111101111010000
0000011110010010
0000011111110000
0001010001000000
1111010000111110
0000011111100000
0000011111010000
0000110001000000
1111010000010000
0000010001000000
0000100001100000
0001001111010010
1111100001000000
1111110001110000
0000000000100010
0001011111000010
1111011110010000
1110110000110010
1111011101100000
1110101101100000
1111111111010010
1111010000100010
1111000001100000
1110011111101110
0000010001010010
1111110000000000
1111011110010000
1111001101001110
0000000000010000
0000001111000000
1111101110100000
1110111100101110
0000011111000010
0000011110000010
1111101111111110
1111000000111110
0000100000100010
0000011111010010
1111101111000000
1110100000111110
0000100000010000
0000100000100010
0000000001100000
1111001110110000
0000110000110000
0000010001010010
1111100000101110
1111011111001110
0000101110110000
0000011111110010
0000111111000010
0001001111000010
1111100000000000
1111111111010000
0000100000000010
0000101111010010
1111100000100000
0000010000000000
0000011110000010
0000111101010000
1111101110100000
0000101100110010
0000011111000010
0000101100110000
1111011110001110
0000011111100000
0000011111000000
0001000000110000
1111000001110000
0000000000100000
1111110010100000
0000101111110000
1111001111010000
1111010011011110
0000010001000000
0000011111100000
1111010001000000
1111010001011110
1111110001010000
0000101111010010
1111001110110010
0000001111010100
1111111111000010
1110101110010000
0000101111110010
0000001110110010
1111111111100000
1110111111001110
0000100000010010
0000111111110010
1111111110001110
1111101100111110
0000111110010010
0001001100010100
0000001110111110
1111011100101110
0000111101100000
0000111111010010
0000011110111110
1111100000011110
0001000001100010
0000110000000010
0000000010100000
1111011111011110
0001001111000000
0000100010110010
0000100000110000
1111101111001110
0001010000100000
0000110000110000
0000000001000000
1111111111001110
0001001110100010
1110010001010000
0000000001110010
0000000000000010
1111000001010000
1110110001000000
0000010001110010
0000010000000010
1111010001100010
1111000011010000
0000001111010010
0000111111000010
1111000000111110
1111101110100000
0000000000010010
0000011111000000
1111000000000000
1111100000000010
0000001111100000
0000100010110000
1111000000100000
1111010010110000
1111110010000010
0000000001010000
1110110001110000
1111010011110000
0000010000100000
0000011111010010
1111010001000000
1111000010100000
1111110001010010
0000010001100000
1111001111000000
1111100001000100
1111110001010010
1110101111100000
0000100000110010
0000000000010010
0000010001010010
1111001111010000
0001000000110010
0000010010110010
0000011111000000
1111101110100000
0001000000110010
0001001110000100
0000100000010000
1111101110101110
0001011111100010
0001001111100100
0000111111000000
1111110010011110
0001100000010010
0000110010010010
0000100001110000
1111100000101110
0001100001010010
0001000011000010
0001100000010000
0000011110011110
0010010000110010
0001010010000010
0001000001000000
0000100000110000
0010001110100010
1110100000100010
0001001110100100
0000011111000010
1111111111010010
1111111110000010
0000110000100010
0000100000100010
1111110000000000
1111111111010000
0000111100100010
0001001111000000
1111101111100000
1111111110010000
0000111101010010
0000111101110000
1111111101100000
0000001110110000
0000100000010000
0001000000110010
1111100001100000
0000001110010000
0000100000110000
0000111110110000
1111101110110010
1111110000010000
0001000000100010
0000111101010010
0000001111100000
1111100001000000
0000101111010000
0001001111000010
1111111110110010
1110010001100010
1111000000000010
1101110000000000
0000000000110010
1111101110110100
1111010001110010
1101110001100000
0000100001100100
1111110000100010
1111101110000000
1110100000011110
0000100001000010
1111111111010000
1111111110110000
1110101111010000
0000111111010010
0000010000000010
1111110001110000
1111010001110000
0000110010110010
0000101111110100
0000000010100000
1111001111111110
0001000000010010
0000100001010100
0000100010000000
1111011110011110
0001100000110010
0000100010000010
0000100000110000
1111110000101110
0001100000010010
1110010011000010
0000110000010100
0000011111010010
1111100001000010
1111101111000000
0000100001000010
0000011110100010
1111100000010000
1111100001110000
0000101100110010
0000011110110000
1111010000100000
1111111110110010
0000101110100010
0000001110110010
1111101111000000
1111100001000000
0000100000000010
0000110010010000
1111100010000000
0000000001000000
0000111111000010
0000010000110010
1111101111010000
1111000001100000
0000110001100000
0000001101110000
1111110000110000
1110110010110000
0000100000010000
0000000000110000
0000001111100000
1110110001000010
1111111111010010
1110101110010000
0000110000010100
0000001110010010
1111110000010010
1110101101110000
0001001111100100
0000010000110010
0000011100010010
1111011101110000
0000100000000010
0000111101110010
0000101101110000
1111001110010000
0001001110100010
0000100000100010
0000111111100000
0000000001010000
0001110001010010
0001010000010010
0001011110100000
1111100000000000
0010001110100010
0001000000110010
0001010000110000
0000001101000000
0010001111110010
0001000010010010
0001101111100000
0000100000000000
0010101111010010
1111111111100000
1111111111011101
1111111111100001
1111111111011001
1111111111100000
1111111111011100
1111111111100000
1111111111011010
1111111111100001
1111111111011110
1111111111100100
1111111111011010
1111111111100001
1111111111011110
1111111111100000
1111111111010111
1111111111100110
1111111111011111
1111111111100011
1111111111011000
1111111111100100
1111111111011011
1111111111100010
1111111111010111
1111111111100010
1111111111011100
1111111111100010
1111111111010111
1111111111011110
1111111111011001
1111111111100011
1111111111010010
1111111111011000
1111111111011000
1111111111010000
1111111111011001
1111111111011000
1111111111010111
1111111111010100
1111111111011010
1111111111011010
1111111111010111
1111111111010100
1111111111011000
1111111111011010
1111111111010100
1111111111010010
1111111111010111
1111111111011110
1111111111010101
1111111111010101
1111111111010111
1111111111011111
1111111111010001
1111111111010101
1111111111010111
1111111111100001
1111111111010010
1111111111011001
1111111111010111
1111111111100000
1111111111010100
1111111111010110
1111111111001111
1111111111011101
1111111111011011
1111111111100001
1111111111011001
1111111111011111
1111111111011100
1111111111011111
1111111111011000
1111111111100001
1111111111011100
1111111111011111
1111111111011000
1111111111100000
1111111111011101
1111111111100010
1111111111010111
1111111111100011
1111111111011100
1111111111100100
1111111111010111
1111111111100011
1111111111011011
1111111111011111
1111111111010111
1111111111100110
1111111111011100
1111111111011111
1111111111010111
1111111111100000
1111111111011100
1111111111100101
1111111111010001
1111111111010111
1111111111010111
1111111111010001
1111111111011001
1111111111010111
1111111111011000
1111111111010011
1111111111011001
1111111111011100
1111111111010101
1111111111010001
1111111111011000
1111111111011010
1111111111010111
1111111111010100
1111111111011000
1111111111011101
1111111111010011
1111111111010110
1111111111010100
1111111111011111
1111111111010101
1111111111010100
1111111111010110
1111111111100011
1111111111010011
1111111111010110
1111111111010110
1111111111011111
1111111111010001
1111111111011010
1111111111001100
1111111111100100
1111111111011110
1111111111100001
1111111111010111
1111111111100011
1111111111011110
1111111111100001
1111111111011010
1111111111100010
1111111111011110
1111111111100010
1111111111011000
1111111111100010
1111111111011101
1111111111100001
1111111111011000
1111111111100100
1111111111011101
1111111111100001
1111111111011010
1111111111100011
1111111111011100
1111111111100010
1111111111010110
1111111111100100
1111111111011101
1111111111100011
1111111111010111
1111111111100001
1111111111011100
1111111111100110
1111111111010010
1111111111011001
1111111111010101
1111111111010000
1111111111011011
1111111111011001
1111111111011000
1111111111010100
1111111111010111
1111111111011011
1111111111010110
1111111111010011
1111111111010110
1111111111011111
1111111111010010
1111111111010010
1111111111010110
1111111111011111
1111111111011000
1111111111010101
1111111111010111
1111111111011110
1111111111010110
1111111111011000
1111111111010111
1111111111100001
1111111111010011
1111111111010110
1111111111010011
1111111111011110
1111111111010101
1111111111011010
1111111111001111
1111111111011110
1111111111011100
1111111111011110
1111111111011000
1111111111011110
1111111111011100
1111111111100000
1111111111011010
1111111111011110
1111111111011100
1111111111100011
1111111111011000
1111111111100000
1111111111011110
1111111111100001
1111111111011000
1111111111100100
1111111111011100
1111111111100001
1111111111011000
1111111111100001
1111111111011101
1111111111100011
1111111111011000
1111111111100100
1111111111011101
1111111111100100
1111111111011001
1111111111100100
1111111111011101
1111111111100011
1111111111010100
1111111111010110
1111111111010011
1111111111001111
1111111111010111
1111111111010101
1111111111010101
1111111111001111
1111111111010110
1111111111011001
1111111111010110
1111111111010100
1111111111010110
1111111111011011
1111111111010111
1111111111010010
1111111111010101
1111111111011100
1111111111010100
1111111111010010
1111111111010111
1111111111011111
1111111111010100
1111111111010101
1111111111010110
1111111111100001
1111111111010100
1111111111010111
1111111111011000
1111111111100000
1111111111010000
1111111111011011
1111111111001111
1111111111011101
1111111111011100
1111111111011111
1111111111011000
1111111111011110
1111111111011101
1111111111100010
1111111111011000
1111111111100000
1111111111011010
1111111111100011
1111111111010111
1111111111011110
1111111111011101
1111111111100010
1111111111011000
1111111111100010
1111111111011101
1111111111100001
1111111111010111
1111111111100011
1111111111011101
1111111111100011
1111111111011000
1111111111100011
1111111111011100
1111111111100000
1111111111010110
1111111111100001
1111111111011011
1111111111100011
1111111111010011
1111111111010101
1111111111010010
1111111111001110
1111111111010101
1111111111010110
1111111111010110
1111111111010010
1111111111010110
1111111111010110
1111111111010100
1111111111010000
1111111111010101
1111111111010111
1111111111010101
1111111111010001
1111111111010111
1111111111011100
1111111111010101
1111111111010011
1111111111010101
1111111111011011
1111111111010100
1111111111010101
1111111111010101
1111111111100000
1111111111010001
1111111111010100
1111111111010111
1111111111100010
1111111111010100
1111111111011000
1111111111001111
1111111111011110
1111111111011010
1111111111100001
1111111111011011
1111111111100001
1111111111011101
1111111111011111
1111111111011000
1111111111100011
1111111111011111
1111111111100001
1111111111011000
1111111111100100
1111111111011011
1111111111011111
1111111111011000
1111111111100101
1111111111011110
1111111111100001
1111111111011001
1111111111100101
1111111111011011
1111111111100000
1111111111010111
1111111111100100
1111111111011110
1111111111100001
1111111111011001
1111111111100000
1111111111011110
1111111111100001
1111111111010100
1111111111011001
1111111111010011
1111111111001101
1111111111011000
1111111111010110
1111111111010101
1111111111001100
1111111111010110
1111111111011010
1111111111010011
1111111111010010
1111111111010110
1111111111011010
1111111111010011
1111111111010000
1111111111010100
1111111111011111
1111111111010100
1111111111010100
1111111111010100
1111111111011101
1111111111010001
1111111111010101
1111111111010101
1111111111011110
1111111111010011
1111111111010110
1111111111010010
1111111111100010
1111111111001111
1111111111011000
1111111111001010
1111111111011100
1111111111011101
1111111111011110
1111111111011001
1111111111011101
1111111111011011
1111111111011110
1111111111011010
1111111111011110
1111111111011101
1111111111100001
1111111111011000
1111111111100000
1111111111011110
1111111111100001
1111111111011000
1111111111100001
1111111111011100
1111111111011111
1111111111011010
1111111111100001
1111111111011110
1111111111100011
1111111111010111
1111111111100011
1111111111011101
1111111111100001
1111111111011010
1111111111100001
1111111111011100
1111111111100011
1111111111010101
1111111111010001
1111111111010000
1111111111001001
1111111111001111
1111111111010100
1111111111010010
1111111111001100
1111111111010010
1111111111010110
1111111111010001
1111111111001110
1111111111010101
1111111111010111
1111111111010001
1111111111010000
1111111111010100
1111111111011001
1111111111010010
1111111111010001
1111111111010011
1111111111011101
1111111111010000
1111111111010100
1111111111010010
1111111111100000
1111111111010000
1111111111010100
1111111111010101
1111111111011001
1111111111001101
1111111111010110
1111111111001110
1111111111011000
1111111111011011
1111111111011100
1111111111010111
1111111111011011
1111111111011110
1111111111011110
1111111111010110
1111111111011101
1111111111011011
1111111111011111
1111111111010111
1111111111011101
1111111111011100
1111111111100000
1111111111010111
1111111111100001
1111111111011110
1111111111100000
1111111111011000
1111111111100011
1111111111011110
1111111111011111
1111111111010111
1111111111100011
1111111111011111
1111111111011110
1111111111011001
1111111111011110
1111111111011000
1111111111100001
1111111111010011
1111111111001010
1111111111010000
1111111111001000
1111111111010001
1111111111001111
1111111111001110
1111111111001010
1111111111010011
1111111111010011
1111111111010001
1111111111001100
1111111111010010
1111111111010110
1111111111010010
1111111111001110
1111111111010010
1111111111011000
1111111111010000
1111111111001110
1111111111010101
1111111111011100
1111111111001111
1111111111010010
1111111111010010
1111111111011111
1111111111001111
1111111111010011
1111111111010011
1111111111011001
1111111111001111
1111111111010110
1111111111001011
1111111111011001
1111111111011100
1111111111011001
1111111111010111
1111111111011100
1111111111011100
1111111111011101
1111111111010110
1111111111011110
1111111111011100
1111111111011101
1111111111010111
1111111111011111
1111111111011101
1111111111011110
1111111111010111
1111111111100011
1111111111011100
1111111111011111
1111111111010111
1111111111100000
1111111111011100
1111111111011101
1111111111010111
1111111111011110
1111111111011101
1111111111011101
1111111111010111
1111111111011101
1111111111011011
1111111111011110
1111111111010011
1111111111001100
1111111111001011
1111111111000100
1111111111010001
1111111111001110
1111111111001110
1111111111000110
1111111111001110
1111111111010011
1111111111010000
1111111111001001
1111111111001110
1111111111010100
1111111111001110
1111111111001010
1111111111010000
1111111111011000
1111111111001110
1111111111010000
1111111111010010
1111111111011001
1111111111001101
1111111111001100
1111111111001111
1111111111011011
1111111111001111
1111111111010010
1111111111001110
1111111111011011
1111111111001101
1111111111010011
1111111111001001
1111111111010010
1111111111011010
1111111111011000
1111111111010110
1111111111010101
1111111111011101
1111111111011011
1111111111010101
1111111111011000
1111111111011011
1111111111011100
1111111111010100
1111111111011111
1111111111011101
1111111111011011
1111111111010110
1111111111011101
1111111111011001
1111111111011100
1111111111011000
1111111111011101
1111111111011001
1111111111011110
1111111111010101
1111111111100001
1111111111011101
1111111111011110
1111111111010111
1111111111011100
1111111111011100
1111111111011100
1111111111010010
1111111111000101
1111111111001000
1111111111000001
1111111111001010
1111111111001010
1111111111001101
1111111111000110
1111111111001111
1111111111001010
1111111111001010
1111111111001001
1111111111001011
1111111111010000
1111111111001010
1111111111001010
1111111111001110
1111111111010101
1111111111010000
1111111111001010
1111111111001110
1111111111010011
1111111111001100
1111111111001010
1111111111001111
1111111111011000
1111111111001101
1111111111010001
1111111111001111
1111111111011001
1111111111001100
1111111111010001
1111111111001101
1111111111001111
1111111111011010
1111111111010100
1111111111010110
1111111111010110
1111111111011010
1111111111010110
1111111111010101
1111111111011001
1111111111011001
1111111111011000
1111111111010011
1111111111010111
1111111111011000
1111111111011010
1111111111010111
1111111111011011
1111111111011011
1111111111011101
1111111111010011
1111111111011110
1111111111011001
1111111111011101
1111111111010100
1111111111011110
1111111111011100
1111111111011100
1111111111010111
1111111111011011
1111111111011100
1111111111100000
1111111111010010
1111111111000011
1111111111000111
1111111110111101
1111111111001011
1111111111001001
1111111111000111
1111111111000000
1111111111001010
1111111111001010
1111111111001010
1111111111000000
1111111111001100
1111111111001011
1111111111001100
1111111111000100
1111111111001011
1111111111010010
1111111111001001
1111111111001000
1111111111001011
1111111111010011
1111111111001010
1111111111001001
1111111111001100
1111111111010111
1111111111001011
1111111111001010
1111111111001110
1111111111010111
1111111111001011
1111111111001110
1111111111000111
1111111111001110
1111111111011001
1111111111010100
1111111111010011
1111111111010101
1111111111011100
1111111111010101
1111111111010010
1111111111011000
1111111111011010
1111111111010111
1111111111010011
1111111111010110
1111111111011010
1111111111010110
1111111111010011
1111111111011010
1111111111011000
1111111111011100
1111111111010101
1111111111011100
1111111111011100
1111111111011001
1111111111010100
1111111111011101
1111111111011001
1111111111010111
1111111111010101
1111111111011001
1111111111011100
1111111111011001
1111111111010010
1111111110111010
1111111110111001
1111111110110110
1111111110111111
1111111110111110
1111111110111100
1111111110111001
1111111111000000
1111111111000010
1111111110111110
1111111110111001
1111111110111111
1111111111000100
1111111110111111
1111111110111011
1111111111000001
1111111111000111
1111111111000000
1111111111000010
1111111111000100
1111111111001011
1111111111000001
1111111111000000
1111111111000011
1111111111001111
1111111111000001
1111111111000010
1111111111000010
1111111111001011
1111111111000010
1111111111001000
1111111111000010
0100110010001100
0001100100010111
0111111111111111
0001100100010111
0111111111111111
0001100100010110
0111111111111111
0001100100010110
1111111111000110
1100111100000001
0001011100111111
1101100000010001
1111111111110111
0000000000000111
1111111111111101
1111111111111111
0001011010111101
0000001110000111
0000001001000000
0111111111111111
0001011010111011
0000001110000111
0000001001000000
0111111111111111
0000000000000011
0000000000000011
0000000000000011
0000000000000011
0000000000000011
0000000000000011
0000000000000011
0000000000000011
0000011001000101
0111111111111111
0001100100010111
0111111111111111
0001100100010111
0111111111111111
0001100100010110
0111111111111111
1111111111001111
1111010100111010
1101000001001000
1101100010010001
0000000000001000
1111111111111011
1111111111111100
1111111111111111
0000000011010111
0000000001101010
0010010101010011
0000000000110111
0000000011010111
0000000001101010
0010010101010011
0000000000110111
0000000000000011
0000000000000011
0000000000000011
0000000000000011
0000000000000011
0000000000000011
0000000000000011
0000000000000011
0000000010111011
0110100110011111
0000000000000000
0010000001100001
0000000000000100
0000001100100000
0000001111100000
0001100100101001
1110111000010101
0000000110001001
0000010010011001
0000000000000000
0001100100000001
0000000000000000
0001000000000000
1011111000110011
0100001000010000
1111111111010010
0000001000000010
0000001000000010
0000001000000010
1111000111110001
1101000111100001
1010000011010000
1111111011111111
1111111100000000
1111111100000001
1111000000000001
1111000000000011
1111000100000011
1110000111110100
1100000111110011
1000100010010101
0011100000111100
1110110110101001
0010000100001111
0011001100110011
0011001100110011
0000000000100010
1100110011101111
1101110111001011
0000000011111111
0010001000100001
0011001100110011
0010001000110011
0001000100100010
1110111100000000
1011101111011101
0001011100110001
0010111110100010
0010100101010101
1010010010000001
0100010000110011
1111100111001010
0101110101011010
0101000001010100
0010001101100011
1111100010110000
0001011111000111
0000010001000010
1111011000000000
1100010111001100
1001011110110001
0010011001101001
0000101110100010
0000011110100000
0001111101000000
1111001111101110
0000001111001110
1111110001010000
0001000000011110
1111010000011110
0000000010101110
1111100000000000
0001100000100000
1111000001111110
0000000000001100
1111100011001110
0000110001111110
1111000000111110
1111110010100010
1111100001100000
0000110100110000
1110110010111110
1111110001000000
1111010001011110
0000010001011110
1110111111101110
1111010010010000
1111100000100000
0000101111010000
1110110000100000
1111000001111110
1110110001010010
0000110001000010
1110001111110000
0001011110010010
0000011110100000
0000001100111110
0001001111110000
0000101110110010
0000000001000000
1111100000001110
0001000000011110
0000100010010000
0000000000001110
1111110000010000
0000110001100000
0000100000010010
1111110011001110
1111010001101110
0000110000110000
0000100010010010
1111110001101110
1111100100111100
0000110010100000
0000110000110100
1111110001001110
1111010001001100
0000111111110000
0000010001110010
0000000000101110
1111101111001110
0001000000010010
0000010001100000
1111100001001110
1111100000111110
0000011111110000
0000001110000000
0000001100100000
0001011101100000
1110111110111110
1111111110001110
1111110000000010
0001001110010000
1111001110011110
1111110001101110
1111101111010000
0001000000000000
1110111111101110
1111110000101100
1111100000110000
0000100000100000
1110111111000000
1111010010110000
1111010010101110
0001000001110000
1110100011111110
1111100001010000
1111000001100000
0000010001100000
1110011111001110
1111100000000000
1111010001000000
0000101110010000
1110100000111110
1111000000101110
1111001111110000
0000111111000000
1110001110100000
0000111101100010
0000011100000000
1111111101001110
0001001110010010
0000101101110010
1111111111111100
1111101101111110
0001001110010000
0000100001000000
1111111111001110
1111101111101110
0000111111001110
0000100000010010
1111110000101110
1111010000001100
0000111110110000
0000010010001110
1111110010011110
1111110001011100
0000100011100000
0000100000110000
1111110001011110
1111000001001100
0000111110110000
0000101111101110
0000000001001100
1111101101101110
0000110000010000
0000001111110000
1111111111011110
1111101110111110
0000011110100000
0000111110010000
0000001101100000
0001001110010000
1110110000000000
0000101111101110
1111110000010000
0001001111100000
1111000000100000
0000010010011110
1111101110111110
0001000000110000
1110110001111110
0000010000010000
1111100011001110
0000010010011110
1110110000011100
0000000010000000
1111100000111110
0001000010011110
1110100011111110
1111110010110000
1111100001100000
0000100001000000
1110100010111110
1111100001110000
1111100001100000
0000101111001110
1110100010011110
1111010000111110
1111011110000000
0000110000110000
1110101110110010
0001011101110010
0000001101001110
1111011101111110
0000111111100010
0000111110110010
0000001111010000
1111101110111110
0000111111110000
0000110001100010
1111111110001110
1111101111101110
0000110000100000
0000111111010000
1111110010001110
1111000001001100
0000111111010000
0000110000110010
0000001111111110
1111110001001110
0000110010110000
0000100001110010
1111110000101100
1111010000011110
0000100010000000
0000100001000010
0000000001001110
1111011110011110
0000110001010000
0000011111110000
1111111101010000
1111100000001110
0000011110010000
0000001111100000
0000001110110000
0001001111100010
1111001111111110
1111111111110000
1111110001100010
0000110001101110
1111000000010000
1111110011000000
1111100000010000
0001011111010000
1110110001111110
1111111111101110
1111100001010000
0000111111101110
1110110000111110
1111010001111110
1111100001010000
0000110100000000
1110100010011110
1111010011101110
1111010010101110
0000100000010000
1110100001101110
1111100011101110
1111100010010000
0000101111001110
1110110000101110
1111100001000000
1111011111110000
0000110001010010
1110011110100000
0000101110100100
1111101110011110
1111011110011110
0000101110100010
0000011110100010
1111110000010000
1110110000011100
0000101111100000
0000010001100010
1111101110110000
1111101101101110
0000100000010000
0000101110010000
1111100000001110
1111001110011110
0000101111100000
0000000000010000
1111110000001110
1111010010101100
0000100000110000
0000000010000000
1111100001011110
1111001110111010
0000100000010000
0000000010000010
0000000001011110
1111011101111100
0000111111110000
0000010000010000
1111101111101110
1111010000011110
0000011101110010
1111101110100010
0000001110000010
0001001101110000
1110111111000000
1111111110010000
1111110001010000
0001001101110000
1111000000001110
1111100000101110
1111101101100000
0001001110011110
1110110000000000
1111101111011110
1111101111000000
0000111100100000
1110111100111110
1111100000000000
1111101111000000
0000110000010000
1110111111101110
1111010001011110
1111010000011110
0000010000000000
1110101110110000
1111110000000000
1111100000110000
0000101101110000
1110110001010000
1111101110111110
1111011110110000
0000111111000010
1110011110010010
1111111111010010
1111011110111110
1111001110011110
0000001111100000
0000001110110010
1111010010000000
1111001110101110
0000010001000000
1111110001000000
1111011110100000
1111001110111110
0000010000100000
0000001111110000
1111101111101110
1111001101001110
0000101101100000
1111110000100000
1111101111101110
1111010000101100
0000100000010000
1111110001110000
1111100001001110
1110110000101110
0000011111100000
0000100000100100
1111100001111110
1111001110111110
0000100010000000
0000011111100010
1111011111110000
1111011111111110
0000011111000010
0000111110010010
0000011101110000
0001001101110000
1111000000110000
0000011110110000
1111110001010000
0000110000000000
1111000001000000
0000010000010010
1111111110011110
0000111110001110
1111001110000000
0000011110010010
1111111111010000
0000011111000000
1110111110011110
0000000000010000
1111100000110000
0001001111110000
1110110000110000
1111110000110010
1111100010000000
0000010001110000
1110100000010000
1111010011100000
1111110000110000
0000011111111110
1110110010011110
1110110010111110
1111000001000000
0000101111110000
1110011110100000
0000101110110100
1111011110000000
1110111110011110
0000000001010000
0000011111010010
1111000010001110
1110100000011110
0000000001100000
0000100000010010
1111011110111110
1111001110011110
0000011110110000
0000101110000010
1111011111111110
1110111111001100
0000011110111110
0000010000010010
1111010001001110
1111000000101110
0000010001100000
0000000001010100
1111010011001110
1110100001111110
0000010000110010
1111110100000010
1111100001100000
1110110000001110
0000010010010000
1111100011010000
1111000001001110
1111000000011110
1111111111000000
0000010000100010
0001001110100010
0001101111110000
1111110001100000
0000101111001110
0000110010011110
0001101111110000
0000001111110000
0000100000110000
0000100000010000
0001111101010000
1111110000111110
0000100000001110
0000100001101110
0001101101110000
1111111111001110
0000010000010000
0000100000100010
0001100010010000
1111010010101110
0000100000000000
0000100000110010
0001011110000000
1111010001011110
0000000010110000
0000100010110000
0001011111010000
1111110010000000
0000000011100000
0000000001000000
0001101111110000
1111101110110010
0000000000100010
1111101111000000
1111001111111110
0000010010000010
0000011111010010
1111110010010000
1111001111101110
0000110000000010
0000010001000010
1111100000100000
1111101101011110
0000110000110000
0000010000000000
1111110001110000
1111011101101110
0000111111000000
0000010000010010
1111110000111110
1111010010101110
0000110011010010
0000100000010010
0000000001001110
1111011110011110
0000100001100000
0000100010010010
0000010011001110
1111101111011110
0001000010100000
0000010011010000
0000000001010000
1111110000001110
0000111111010000
1111100000110000
0001001101100100
0001011101100010
1111111111010000
0000000000100000
0000100001010000
0001000000000010
1111100001100000
0000000000010000
0000011110010000
0001101101100000
1111100000001110
0000011111010000
0000101110010010
0001011100110000
1111101111010000
0000011110010010
0000011111110000
0001010001000000
1111010000111110
0000011111100000
0000011111010000
0000110001000000
1111010000010000
0000010001000000
0000100001100000
0001001111010010
1111100001000000
1111110001110000
0000000000100010
0001011111000010
1111011110010000
1110110000110010
1111011101100000
1110101101100000
1111111111010010
1111010000100010
1111000001100000
1110011111101110
0000010001010010
1111110000000000
1111011110010000
1111001101001110
0000000000010000
0000001111000000
1111101110100000
1110111100101110
0000011111000010
0000011110000010
1111101111111110
1111000000111110
0000100000100010
0000011111010010
1111101111000000
1110100000111110
0000100000010000
0000100000100010
0000000001100000
1111001110110000
0000110000110000
0000010001010010
1111100000101110
1111011111001110
0000101110110000
0000011111110010
0000111111000010
0001001111000010
1111100000000000
1111111111010000
0000100000000010
0000101111010010
1111100000100000
0000010000000000
0000011110000010
0000111101010000
1111101110100000
0000101100110010
0000011111000010
0000101100110000
1111011110001110
0000011111100000
0000011111000000
0001000000110000
1111000001110000
0000000000100000
1111110010100000
0000101111110000
1111001111010000
1111010011011110
0000010001000000
0000011111100000
1111010001000000
1111010001011110
1111110001010000
0000101111010010
1111001110110010
0000001111010100
1111111111000010
1110101110010000
0000101111110010
0000001110110010
1111111111100000
1110111111001110
0000100000010010
0000111111110010
1111111110001110
1111101100111110
0000111110010010
0001001100010100
0000001110111110
1111011100101110
0000111101100000
0000111111010010
0000011110111110
1111100000011110
0001000001100010
0000110000000010
0000000010100000
1111011111011110
0001001111000000
0000100010110010
0000100000110000
1111101111001110
0001010000100000
0000110000110000
0000000001000000
1111111111001110
0001001110100010
1110010001010000
0000000001110010
0000000000000010
1111000001010000
1110110001000000
0000010001110010
0000010000000010
1111010001100010
1111000011010000
0000001111010010
0000111111000010
1111000000111110
1111101110100000
0000000000010010
0000011111000000
1111000000000000
1111100000000010
0000001111100000
0000100010110000
1111000000100000
1111010010110000
1111110010000010
0000000001010000
1110110001110000
1111010011110000
0000010000100000
0000011111010010
1111010001000000
1111000010100000
1111110001010010
0000010001100000
1111001111000000
1111100001000100
1111110001010010
1110101111100000
0000100000110010
0000000000010010
0000010001010010
1111001111010000
0001000000110010
0000010010110010
0000011111000000
1111101110100000
0001000000110010
0001001110000100
0000100000010000
1111101110101110
0001011111100010
0001001111100100
0000111111000000
1111110010011110
0001100000010010
0000110010010010
0000100001110000
1111100000101110
0001100001010010
0001000011000010
0001100000010000
0000011110011110
0010010000110010
0001010010000010
0001000001000000
0000100000110000
0010001110100010
1110100000100010
0001001110100100
0000011111000010
1111111111010010
1111111110000010
0000110000100010
0000100000100010
1111110000000000
1111111111010000
0000111100100010
0001001111000000
1111101111100000
1111111110010000
0000111101010010
0000111101110000
1111111101100000
0000001110110000
0000100000010000
0001000000110010
1111100001100000
0000001110010000
0000100000110000
0000111110110000
1111101110110010
1111110000010000
0001000000100010
0000111101010010
0000001111100000
1111100001000000
0000101111010000
0001001111000010
1111111110110010
1110010001100010
1111000000000010
1101110000000000
0000000000110010
1111101110110100
1111010001110010
1101110001100000
0000100001100100
1111110000100010
1111101110000000
1110100000011110
0000100001000010
1111111111010000
1111111110110000
1110101111010000
0000111111010010
0000010000000010
1111110001110000
1111010001110000
0000110010110010
0000101111110100
0000000010100000
1111001111111110
0001000000010010
0000100001010100
0000100010000000
1111011110011110
0001100000110010
0000100010000010
0000100000110000
1111110000101110
0001100000010010
1110010011000010
0000110000010100
0000011111010010
1111100001000010
1111101111000000
0000100001000010
0000011110100010
1111100000010000
1111100001110000
0000101100110010
0000011110110000
1111010000100000
1111111110110010
0000101110100010
0000001110110010
1111101111000000
1111100001000000
0000100000000010
0000110010010000
1111100010000000
0000000001000000
0000111111000010
0000010000110010
1111101111010000
1111000001100000
0000110001100000
0000001101110000
1111110000110000
1110110010110000
0000100000010000
0000000000110000
0000001111100000
1110110001000010
1111111111010010
1110101110010000
0000110000010100
0000001110010010
1111110000010010
1110101101110000
0001001111100100
0000010000110010
0000011100010010
1111011101110000
0000100000000010
0000111101110010
0000101101110000
1111001110010000
0001001110100010
0000100000100010
0000111111100000
0000000001010000
0001110001010010
0001010000010010
0001011110100000
1111100000000000
0010001110100010
0001000000110010
0001010000110000
0000001101000000
0010001111110010
0001000010010010
0001101111100000
0000100000000000
0010101111010010
1111111111100000
1111111111011101
1111111111100001
1111111111011001
1111111111100000
1111111111011100
1111111111100000
1111111111011010
1111111111100001
1111111111011110
1111111111100100
1111111111011010
1111111111100001
1111111111011110
1111111111100000
1111111111010111
1111111111100110
1111111111011111
1111111111100011
1111111111011000
1111111111100100
1111111111011011
1111111111100010
1111111111010111
1111111111100010
1111111111011100
1111111111100010
1111111111010111
1111111111011110
1111111111011001
1111111111100011
1111111111010010
1111111111011000
1111111111011000
1111111111010000
1111111111011001
1111111111011000
1111111111010111
1111111111010100
1111111111011010
1111111111011010
1111111111010111
1111111111010100
1111111111011000
1111111111011010
1111111111010100
1111111111010010
1111111111010111
1111111111011110
1111111111010101
1111111111010101
1111111111010111
1111111111011111
1111111111010001
1111111111010101
1111111111010111
1111111111100001
1111111111010010
1111111111011001
1111111111010111
1111111111100000
1111111111010100
1111111111010110
1111111111001111
1111111111011101
1111111111011011
1111111111100001
1111111111011001
1111111111011111
1111111111011100
1111111111011111
1111111111011000
1111111111100001
1111111111011100
1111111111011111
1111111111011000
1111111111100000
1111111111011101
1111111111100010
1111111111010111
1111111111100011
1111111111011100
1111111111100100
1111111111010111
1111111111100011
1111111111011011
1111111111011111
1111111111010111
1111111111100110
1111111111011100
1111111111011111
1111111111010111
1111111111100000
1111111111011100
1111111111100101
1111111111010001
1111111111010111
1111111111010111
1111111111010001
1111111111011001
1111111111010111
1111111111011000
1111111111010011
1111111111011001
1111111111011100
1111111111010101
1111111111010001
1111111111011000
1111111111011010
1111111111010111
1111111111010100
1111111111011000
1111111111011101
1111111111010011
1111111111010110
1111111111010100
1111111111011111
1111111111010101
1111111111010100
1111111111010110
1111111111100011
1111111111010011
1111111111010110
1111111111010110
1111111111011111
1111111111010001
1111111111011010
1111111111001100
1111111111100100
1111111111011110
1111111111100001
1111111111010111
1111111111100011
1111111111011110
1111111111100001
1111111111011010
1111111111100010
1111111111011110
1111111111100010
1111111111011000
1111111111100010
1111111111011101
1111111111100001
1111111111011000
1111111111100100
1111111111011101
1111111111100001
1111111111011010
1111111111100011
1111111111011100
1111111111100010
1111111111010110
1111111111100100
1111111111011101
1111111111100011
1111111111010111
1111111111100001
1111111111011100
1111111111100110
1111111111010010
1111111111011001
1111111111010101
1111111111010000
1111111111011011
1111111111011001
1111111111011000
1111111111010100
1111111111010111
1111111111011011
1111111111010110
1111111111010011
1111111111010110
1111111111011111
1111111111010010
1111111111010010
1111111111010110
1111111111011111
1111111111011000
1111111111010101
1111111111010111
1111111111011110
1111111111010110
1111111111011000
1111111111010111
1111111111100001
1111111111010011
1111111111010110
1111111111010011
1111111111011110
1111111111010101
1111111111011010
1111111111001111
1111111111011110
1111111111011100
1111111111011110
1111111111011000
1111111111011110
1111111111011100
1111111111100000
1111111111011010
1111111111011110
1111111111011100
1111111111100011
1111111111011000
1111111111100000
1111111111011110
1111111111100001
1111111111011000
1111111111100100
1111111111011100
1111111111100001
1111111111011000
1111111111100001
1111111111011101
1111111111100011
1111111111011000
1111111111100100
1111111111011101
1111111111100100
1111111111011001
1111111111100100
1111111111011101
1111111111100011
1111111111010100
1111111111010110
1111111111010011
1111111111001111
1111111111010111
1111111111010101
1111111111010101
1111111111001111
1111111111010110
1111111111011001
1111111111010110
1111111111010100
1111111111010110
1111111111011011
1111111111010111
1111111111010010
1111111111010101
1111111111011100
1111111111010100
1111111111010010
1111111111010111
1111111111011111
1111111111010100
1111111111010101
1111111111010110
1111111111100001
1111111111010100
1111111111010111
1111111111011000
1111111111100000
1111111111010000
1111111111011011
1111111111001111
1111111111011101
1111111111011100
1111111111011111
1111111111011000
1111111111011110
1111111111011101
1111111111100010
1111111111011000
1111111111100000
1111111111011010
1111111111100011
1111111111010111
1111111111011110
1111111111011101
1111111111100010
1111111111011000
1111111111100010
1111111111011101
1111111111100001
1111111111010111
1111111111100011
1111111111011101
1111111111100011
1111111111011000
1111111111100011
1111111111011100
1111111111100000
1111111111010110
1111111111100001
1111111111011011
1111111111100011
1111111111010011
1111111111010101
1111111111010010
1111111111001110
1111111111010101
1111111111010110
1111111111010110
1111111111010010
1111111111010110
1111111111010110
1111111111010100
1111111111010000
1111111111010101
1111111111010111
1111111111010101
1111111111010001
1111111111010111
1111111111011100
1111111111010101
1111111111010011
1111111111010101
1111111111011011
1111111111010100
1111111111010101
1111111111010101
1111111111100000
1111111111010001
1111111111010100
1111111111010111
1111111111100010
1111111111010100
1111111111011000
1111111111001111
1111111111011110
1111111111011010
1111111111100001
1111111111011011
1111111111100001
1111111111011101
1111111111011111
1111111111011000
1111111111100011
1111111111011111
1111111111100001
1111111111011000
1111111111100100
1111111111011011
1111111111011111
1111111111011000
1111111111100101
1111111111011110
1111111111100001
1111111111011001
1111111111100101
1111111111011011
1111111111100000
1111111111010111
1111111111100100
1111111111011110
1111111111100001
1111111111011001
1111111111100000
1111111111011110
1111111111100001
1111111111010100
1111111111011001
1111111111010011
1111111111001101
1111111111011000
1111111111010110
1111111111010101
1111111111001100
1111111111010110
1111111111011010
1111111111010011
1111111111010010
1111111111010110
1111111111011010
1111111111010011
1111111111010000
1111111111010100
1111111111011111
1111111111010100
1111111111010100
1111111111010100
1111111111011101
1111111111010001
1111111111010101
1111111111010101
1111111111011110
1111111111010011
1111111111010110
1111111111010010
1111111111100010
1111111111001111
1111111111011000
1111111111001010
1111111111011100
1111111111011101
1111111111011110
1111111111011001
1111111111011101
1111111111011011
1111111111011110
1111111111011010
1111111111011110
1111111111011101
1111111111100001
1111111111011000
1111111111100000
1111111111011110
1111111111100001
1111111111011000
1111111111100001
1111111111011100
1111111111011111
1111111111011010
1111111111100001
1111111111011110
1111111111100011
1111111111010111
1111111111100011
1111111111011101
1111111111100001
1111111111011010
1111111111100001
1111111111011100
1111111111100011
1111111111010101
1111111111010001
1111111111010000
1111111111001001
1111111111001111
1111111111010100
1111111111010010
1111111111001100
1111111111010010
1111111111010110
1111111111010001
1111111111001110
1111111111010101
1111111111010111
1111111111010001
1111111111010000
1111111111010100
1111111111011001
1111111111010010
1111111111010001
1111111111010011
1111111111011101
1111111111010000
1111111111010100
1111111111010010
1111111111100000
1111111111010000
1111111111010100
1111111111010101
1111111111011001
1111111111001101
1111111111010110
1111111111001110
1111111111011000
1111111111011011
1111111111011100
1111111111010111
1111111111011011
1111111111011110
1111111111011110
1111111111010110
1111111111011101
1111111111011011
1111111111011111
1111111111010111
1111111111011101
1111111111011100
1111111111100000
1111111111010111
1111111111100001
1111111111011110
1111111111100000
1111111111011000
1111111111100011
1111111111011110
1111111111011111
1111111111010111
1111111111100011
1111111111011111
1111111111011110
1111111111011001
1111111111011110
1111111111011000
1111111111100001
1111111111010011
1111111111001010
1111111111010000
1111111111001000
1111111111010001
1111111111001111
1111111111001110
1111111111001010
1111111111010011
1111111111010011
1111111111010001
1111111111001100
1111111111010010
1111111111010110
1111111111010010
1111111111001110
1111111111010010
1111111111011000
1111111111010000
1111111111001110
1111111111010101
1111111111011100
1111111111001111
1111111111010010
1111111111010010
1111111111011111
1111111111001111
1111111111010011
1111111111010011
1111111111011001
1111111111001111
1111111111010110
1111111111001011
1111111111011001
1111111111011100
1111111111011001
1111111111010111
1111111111011100
1111111111011100
1111111111011101
1111111111010110
1111111111011110
1111111111011100
1111111111011101
1111111111010111
1111111111011111
1111111111011101
1111111111011110
1111111111010111
1111111111100011
1111111111011100
1111111111011111
1111111111010111
1111111111100000
1111111111011100
1111111111011101
1111111111010111
1111111111011110
1111111111011101
1111111111011101
1111111111010111
1111111111011101
1111111111011011
1111111111011110
1111111111010011
1111111111001100
1111111111001011
1111111111000100
1111111111010001
1111111111001110
1111111111001110
1111111111000110
1111111111001110
1111111111010011
1111111111010000
1111111111001001
1111111111001110
1111111111010100
1111111111001110
1111111111001010
1111111111010000
1111111111011000
1111111111001110
1111111111010000
1111111111010010
1111111111011001
1111111111001101
1111111111001100
1111111111001111
1111111111011011
1111111111001111
1111111111010010
1111111111001110
1111111111011011
1111111111001101
1111111111010011
1111111111001001
1111111111010010
1111111111011010
1111111111011000
1111111111010110
1111111111010101
1111111111011101
1111111111011011
1111111111010101
1111111111011000
1111111111011011
1111111111011100
1111111111010100
1111111111011111
1111111111011101
1111111111011011
1111111111010110
1111111111011101
1111111111011001
1111111111011100
1111111111011000
1111111111011101
1111111111011001
1111111111011110
1111111111010101
1111111111100001
1111111111011101
1111111111011110
1111111111010111
1111111111011100
1111111111011100
1111111111011100
1111111111010010
1111111111000101
1111111111001000
1111111111000001
1111111111001010
1111111111001010
1111111111001101
1111111111000110
1111111111001111
1111111111001010
1111111111001010
1111111111001001
1111111111001011
1111111111010000
1111111111001010
1111111111001010
1111111111001110
1111111111010101
1111111111010000
1111111111001010
1111111111001110
1111111111010011
1111111111001100
1111111111001010
1111111111001111
1111111111011000
1111111111001101
1111111111010001
1111111111001111
1111111111011001
1111111111001100
1111111111010001
1111111111001101
1111111111001111
1111111111011010
1111111111010100
1111111111010110
1111111111010110
1111111111011010
1111111111010110
1111111111010101
1111111111011001
1111111111011001
1111111111011000
1111111111010011
1111111111010111
1111111111011000
1111111111011010
1111111111010111
1111111111011011
1111111111011011
1111111111011101
1111111111010011
1111111111011110
1111111111011001
1111111111011101
1111111111010100
1111111111011110
1111111111011100
1111111111011100
1111111111010111
1111111111011011
1111111111011100
1111111111100000
1111111111010010
1111111111000011
1111111111000111
1111111110111101
1111111111001011
1111111111001001
1111111111000111
1111111111000000
1111111111001010
1111111111001010
1111111111001010
1111111111000000
1111111111001100
1111111111001011
1111111111001100
1111111111000100
1111111111001011
1111111111010010
1111111111001001
1111111111001000
1111111111001011
1111111111010011
1111111111001010
1111111111001001
1111111111001100
1111111111010111
1111111111001011
1111111111001010
1111111111001110
1111111111010111
1111111111001011
1111111111001110
1111111111000111
1111111111001110
1111111111011001
1111111111010100
1111111111010011
1111111111010101
1111111111011100
1111111111010101
1111111111010010
1111111111011000
1111111111011010
1111111111010111
1111111111010011
1111111111010110
1111111111011010
1111111111010110
1111111111010011
1111111111011010
1111111111011000
1111111111011100
1111111111010101
1111111111011100
1111111111011100
1111111111011001
1111111111010100
1111111111011101
1111111111011001
1111111111010111
1111111111010101
1111111111011001
1111111111011100
1111111111011001
1111111111010010
1111111110111010
1111111110111001
1111111110110110
1111111110111111
1111111110111110
1111111110111100
1111111110111001
1111111111000000
1111111111000010
1111111110111110
1111111110111001
1111111110111111
1111111111000100
1111111110111111
1111111110111011
1111111111000001
1111111111000111
1111111111000000
1111111111000010
1111111111000100
1111111111001011
1111111111000001
1111111111000000
1111111111000011
1111111111001111
1111111111000001
1111111111000010
1111111111000010
1111111111001011
1111111111000010
1111111111001000
1111111111000010
0100110010001100
0001100100010111
0111111111111111
0001100100010111
0111111111111111
0001100100010110
0111111111111111
0001100100010110
1111111111000110
1100111100000001
0001011100111111
1101100000010001
1111111111110111
0000000000000111
1111111111111101
1111111111111111
0001011010111101
0000001110000111
0000001001000000
0111111111111111
0001011010111011
0000001110000111
0000001001000000
0111111111111111
0000000000000011
0000000000000011
0000000000000011
0000000000000011
0000000000000011
0000000000000011
0000000000000011
0000000000000011
0000011001000101
0111111111111111
0001100100010111
0111111111111111
0001100100010111
0111111111111111
0001100100010110
0111111111111111
1111111111001111
1111010100111010
1101000001001000
1101100010010001
0000000000001000
1111111111111011
1111111111111100
1111111111111111
0000000011010111
0000000001101010
0010010101010011
0000000000110111
0000000011010111
0000000001101010
0010010101010011
0000000000110111
0000000000000011
0000000000000011
0000000000000011
0000000000000011
0000000000000011
0000000000000011
0000000000000011
0000000000000011
0000000010111011
0110100110011111
0000000000000000
0010000001100001
0000000000000100
0000001100100000
0000001111100000
0001100100101001
1110111000010101
0000000110001001
0000010010011001
0000000000000000
0001100100000001
0000000000000000
0001000000000000
1011111000110011
0100001000010000
1111111111010010
0000001000000010
0000001000000010
0000001000000010
1111000111110001
1101000111100001
1010000011010000
1111111011111111
1111111100000000
1111111100000001
1111000000000001
1111000000000011
1111000100000011
1110000111110100
1100000111110011
1000100010010101
0011100000111100
1110110110101001
0010000100001111
0011001100110011
0011001100110011
0000000000100010
1100110011101111
1101110111001011
0000000011111111
0010001000100001
0011001100110011
0010001000110011
0001000100100010
1110111100000000
1011101111011101
0001011100110001
0010111110100010
0010100101010101
1010010010000001
0100010000110011
1111100111001010
0101110101011010
0101000001010100
0010001101100011
1111100010110000
0001011111000111
0000010001000010
1111011000000000
1100010111001100
1001011110110001
0010011001101001
0000101110100010
0000011110100000
0001111101000000
1111001111101110
0000001111001110
1111110001010000
0001000000011110
1111010000011110
0000000010101110
1111100000000000
0001100000100000
1111000001111110
0000000000001100
1111100011001110
0000110001111110
1111000000111110
1111110010100010
1111100001100000
0000110100110000
1110110010111110
1111110001000000
1111010001011110
0000010001011110
1110111111101110
1111010010010000
1111100000100000
0000101111010000
1110110000100000
1111000001111110
1110110001010010
0000110001000010
1110001111110000
0001011110010010
0000011110100000
0000001100111110
0001001111110000
0000101110110010
0000000001000000
1111100000001110
0001000000011110
0000100010010000
0000000000001110
1111110000010000
0000110001100000
0000100000010010
1111110011001110
1111010001101110
0000110000110000
0000100010010010
1111110001101110
1111100100111100
0000110010100000
0000110000110100
1111110001001110
1111010001001100
0000111111110000
0000010001110010
0000000000101110
1111101111001110
0001000000010010
0000010001100000
1111100001001110
1111100000111110
0000011111110000
0000001110000000
0000001100100000
0001011101100000
1110111110111110
1111111110001110
1111110000000010
0001001110010000
1111001110011110
1111110001101110
1111101111010000
0001000000000000
1110111111101110
1111110000101100
1111100000110000
0000100000100000
1110111111000000
1111010010110000
1111010010101110
0001000001110000
1110100011111110
1111100001010000
1111000001100000
0000010001100000
1110011111001110
1111100000000000
1111010001000000
0000101110010000
1110100000111110
1111000000101110
1111001111110000
0000111111000000
1110001110100000
0000111101100010
0000011100000000
1111111101001110
0001001110010010
0000101101110010
1111111111111100
1111101101111110
0001001110010000
0000100001000000
1111111111001110
1111101111101110
0000111111001110
0000100000010010
1111110000101110
1111010000001100
0000111110110000
0000010010001110
1111110010011110
1111110001011100
0000100011100000
0000100000110000
1111110001011110
1111000001001100
0000111110110000
0000101111101110
0000000001001100
1111101101101110
0000110000010000
0000001111110000
1111111111011110
1111101110111110
0000011110100000
0000111110010000
0000001101100000
0001001110010000
1110110000000000
0000101111101110
1111110000010000
0001001111100000
1111000000100000
0000010010011110
1111101110111110
0001000000110000
1110110001111110
0000010000010000
1111100011001110
0000010010011110
1110110000011100
0000000010000000
1111100000111110
0001000010011110
1110100011111110
1111110010110000
1111100001100000
0000100001000000
1110100010111110
1111100001110000
1111100001100000
0000101111001110
1110100010011110
1111010000111110
1111011110000000
0000110000110000
1110101110110010
0001011101110010
0000001101001110
1111011101111110
0000111111100010
0000111110110010
0000001111010000
1111101110111110
0000111111110000
0000110001100010
1111111110001110
1111101111101110
0000110000100000
0000111111010000
1111110010001110
1111000001001100
0000111111010000
0000110000110010
0000001111111110
1111110001001110
0000110010110000
0000100001110010
1111110000101100
1111010000011110
0000100010000000
0000100001000010
0000000001001110
1111011110011110
0000110001010000
0000011111110000
1111111101010000
1111100000001110
0000011110010000
0000001111100000
0000001110110000
0001001111100010
1111001111111110
1111111111110000
1111110001100010
0000110001101110
1111000000010000
1111110011000000
1111100000010000
0001011111010000
1110110001111110
1111111111101110
1111100001010000
0000111111101110
1110110000111110
1111010001111110
1111100001010000
0000110100000000
1110100010011110
1111010011101110
1111010010101110
0000100000010000
1110100001101110
1111100011101110
1111100010010000
0000101111001110
1110110000101110
1111100001000000
1111011111110000
0000110001010010
1110011110100000
0000101110100100
1111101110011110
1111011110011110
0000101110100010
0000011110100010
1111110000010000
1110110000011100
0000101111100000
0000010001100010
1111101110110000
1111101101101110
0000100000010000
0000101110010000
1111100000001110
1111001110011110
0000101111100000
0000000000010000
1111110000001110
1111010010101100
0000100000110000
0000000010000000
1111100001011110
1111001110111010
0000100000010000
0000000010000010
0000000001011110
1111011101111100
0000111111110000
0000010000010000
1111101111101110
1111010000011110
0000011101110010
1111101110100010
0000001110000010
0001001101110000
1110111111000000
1111111110010000
1111110001010000
0001001101110000
1111000000001110
1111100000101110
1111101101100000
0001001110011110
1110110000000000
1111101111011110
1111101111000000
0000111100100000
1110111100111110
1111100000000000
1111101111000000
0000110000010000
1110111111101110
1111010001011110
1111010000011110
0000010000000000
1110101110110000
1111110000000000
1111100000110000
0000101101110000
1110110001010000
1111101110111110
1111011110110000
0000111111000010
1110011110010010
1111111111010010
1111011110111110
1111001110011110
0000001111100000
0000001110110010
1111010010000000
1111001110101110
0000010001000000
1111110001000000
1111011110100000
1111001110111110
0000010000100000
0000001111110000
1111101111101110
1111001101001110
0000101101100000
1111110000100000
1111101111101110
1111010000101100
0000100000010000
1111110001110000
1111100001001110
1110110000101110
0000011111100000
0000100000100100
1111100001111110
1111001110111110
0000100010000000
0000011111100010
1111011111110000
1111011111111110
0000011111000010
0000111110010010
0000011101110000
0001001101110000
1111000000110000
0000011110110000
1111110001010000
0000110000000000
1111000001000000
0000010000010010
1111111110011110
0000111110001110
1111001110000000
0000011110010010
1111111111010000
0000011111000000
1110111110011110
0000000000010000
1111100000110000
0001001111110000
1110110000110000
1111110000110010
1111100010000000
0000010001110000
1110100000010000
1111010011100000
1111110000110000
0000011111111110
1110110010011110
1110110010111110
1111000001000000
0000101111110000
1110011110100000
0000101110110100
1111011110000000
1110111110011110
0000000001010000
0000011111010010
1111000010001110
1110100000011110
0000000001100000
0000100000010010
1111011110111110
1111001110011110
0000011110110000
0000101110000010
1111011111111110
1110111111001100
0000011110111110
0000010000010010
1111010001001110
1111000000101110
0000010001100000
0000000001010100
1111010011001110
1110100001111110
0000010000110010
1111110100000010
1111100001100000
1110110000001110
0000010010010000
1111100011010000
1111000001001110
1111000000011110
1111111111000000
0000010000100010
0001001110100010
0001101111110000
1111110001100000
0000101111001110
0000110010011110
0001101111110000
0000001111110000
0000100000110000
0000100000010000
0001111101010000
1111110000111110
0000100000001110
0000100001101110
0001101101110000
1111111111001110
0000010000010000
0000100000100010
0001100010010000
1111010010101110
0000100000000000
0000100000110010
0001011110000000
1111010001011110
0000000010110000
0000100010110000
0001011111010000
1111110010000000
0000000011100000
0000000001000000
0001101111110000
1111101110110010
0000000000100010
1111101111000000
1111001111111110
0000010010000010
0000011111010010
1111110010010000
1111001111101110
0000110000000010
0000010001000010
1111100000100000
1111101101011110
0000110000110000
0000010000000000
1111110001110000
1111011101101110
0000111111000000
0000010000010010
1111110000111110
1111010010101110
0000110011010010
0000100000010010
0000000001001110
1111011110011110
0000100001100000
0000100010010010
0000010011001110
1111101111011110
0001000010100000
0000010011010000
0000000001010000
1111110000001110
0000111111010000
1111100000110000
0001001101100100
0001011101100010
1111111111010000
0000000000100000
0000100001010000
0001000000000010
1111100001100000
0000000000010000
0000011110010000
0001101101100000
1111100000001110
0000011111010000
0000101110010010
0001011100110000
1111101111010000
0000011110010010
0000011111110000
0001010001000000
1111010000111110
0000011111100000
0000011111010000
0000110001000000
1111010000010000
0000010001000000
0000100001100000
0001001111010010
1111100001000000
1111110001110000
0000000000100010
0001011111000010
1111011110010000
1110110000110010
1111011101100000
1110101101100000
1111111111010010
1111010000100010
1111000001100000
1110011111101110
0000010001010010
1111110000000000
1111011110010000
1111001101001110
0000000000010000
0000001111000000
1111101110100000
1110111100101110
0000011111000010
0000011110000010
1111101111111110
1111000000111110
0000100000100010
0000011111010010
1111101111000000
1110100000111110
0000100000010000
0000100000100010
0000000001100000
1111001110110000
0000110000110000
0000010001010010
1111100000101110
1111011111001110
0000101110110000
0000011111110010
0000111111000010
0001001111000010
1111100000000000
1111111111010000
0000100000000010
0000101111010010
1111100000100000
0000010000000000
0000011110000010
0000111101010000
1111101110100000
0000101100110010
0000011111000010
0000101100110000
1111011110001110
0000011111100000
0000011111000000
0001000000110000
1111000001110000
0000000000100000
1111110010100000
0000101111110000
1111001111010000
1111010011011110
0000010001000000
0000011111100000
1111010001000000
1111010001011110
1111110001010000
0000101111010010
1111001110110010
0000001111010100
1111111111000010
1110101110010000
0000101111110010
0000001110110010
1111111111100000
1110111111001110
0000100000010010
0000111111110010
1111111110001110
1111101100111110
0000111110010010
0001001100010100
0000001110111110
1111011100101110
0000111101100000
0000111111010010
0000011110111110
1111100000011110
0001000001100010
0000110000000010
0000000010100000
1111011111011110
0001001111000000
0000100010110010
0000100000110000
1111101111001110
0001010000100000
0000110000110000
0000000001000000
1111111111001110
0001001110100010
1110010001010000
0000000001110010
0000000000000010
1111000001010000
1110110001000000
0000010001110010
0000010000000010
1111010001100010
1111000011010000
0000001111010010
0000111111000010
1111000000111110
1111101110100000
0000000000010010
0000011111000000
1111000000000000
1111100000000010
0000001111100000
0000100010110000
1111000000100000
1111010010110000
1111110010000010
0000000001010000
1110110001110000
1111010011110000
0000010000100000
0000011111010010
1111010001000000
1111000010100000
1111110001010010
0000010001100000
1111001111000000
1111100001000100
1111110001010010
1110101111100000
0000100000110010
0000000000010010
0000010001010010
1111001111010000
0001000000110010
0000010010110010
0000011111000000
1111101110100000
0001000000110010
0001001110000100
0000100000010000
1111101110101110
0001011111100010
0001001111100100
0000111111000000
1111110010011110
0001100000010010
0000110010010010
0000100001110000
1111100000101110
0001100001010010
0001000011000010
0001100000010000
0000011110011110
0010010000110010
0001010010000010
0001000001000000
0000100000110000
0010001110100010
1110100000100010
0001001110100100
0000011111000010
1111111111010010
1111111110000010
0000110000100010
0000100000100010
1111110000000000
1111111111010000
0000111100100010
0001001111000000
1111101111100000
1111111110010000
0000111101010010
0000111101110000
1111111101100000
0000001110110000
0000100000010000
0001000000110010
1111100001100000
0000001110010000
0000100000110000
0000111110110000
1111101110110010
1111110000010000
0001000000100010
0000111101010010
0000001111100000
1111100001000000
0000101111010000
0001001111000010
1111111110110010
1110010001100010
1111000000000010
1101110000000000
0000000000110010
1111101110110100
1111010001110010
1101110001100000
0000100001100100
1111110000100010
1111101110000000
1110100000011110
0000100001000010
1111111111010000
1111111110110000
1110101111010000
0000111111010010
0000010000000010
1111110001110000
1111010001110000
0000110010110010
0000101111110100
0000000010100000
1111001111111110
0001000000010010
0000100001010100
0000100010000000
1111011110011110
0001100000110010
0000100010000010
0000100000110000
1111110000101110
0001100000010010
1110010011000010
0000110000010100
0000011111010010
1111100001000010
1111101111000000
0000100001000010
0000011110100010
1111100000010000
1111100001110000
0000101100110010
0000011110110000
1111010000100000
1111111110110010
0000101110100010
0000001110110010
1111101111000000
1111100001000000
0000100000000010
0000110010010000
1111100010000000
0000000001000000
0000111111000010
0000010000110010
1111101111010000
1111000001100000
0000110001100000
0000001101110000
1111110000110000
1110110010110000
0000100000010000
0000000000110000
0000001111100000
1110110001000010
1111111111010010
1110101110010000
0000110000010100
0000001110010010
1111110000010010
1110101101110000
0001001111100100
0000010000110010
0000011100010010
1111011101110000
0000100000000010
0000111101110010
0000101101110000
1111001110010000
0001001110100010
0000100000100010
0000111111100000
0000000001010000
0001110001010010
0001010000010010
0001011110100000
1111100000000000
0010001110100010
0001000000110010
0001010000110000
0000001101000000
0010001111110010
0001000010010010
0001101111100000
0000100000000000
0010101111010010
0000000010111011
0110100110011111
0000000000000000
0010000001100001
0000000000000100
0000001100100000
0000001111100000
0001100100101001
1110111000010101
0000000110001001
0000010010011001
0000000000000000
0001100100000001
0000000000000000
0001000000000000
1011111000110011
0100001000010000
1111111111010010
0000001000000010
0000001000000010
0000001000000010
1111000111110001
1101000111100001
1010000011010000
1111111011111111
1111111100000000
1111111100000001
1111000000000001
1111000000000011
1111000100000011
1110000111110100
1100000111110011
1000100010010101
0011100000111100
1110110110101001
0010000100001111
0011001100110011
0011001100110011
0000000000100010
1100110011101111
1101110111001011
0000000011111111
0010001000100001
0011001100110011
0010001000110011
0001000100100010
1110111100000000
1011101111011101
0001011100110001
0010111110100010
0010100101010101
1010010010000001
0100010000110011
1111100111001010
0101110101011010
0101000001010100
0010001101100011
1111100010110000
0001011111000111
0000010001000010
1111011000000000
1100010111001100
1001011110110001
0010011001101001
0000101110100010
0000011110100000
0001111101000000
1111001111101110
0000001111001110
1111110001010000
0001000000011110
1111010000011110
0000000010101110
1111100000000000
0001100000100000
1111000001111110
0000000000001100
1111100011001110
0000110001111110
1111000000111110
1111110010100010
1111100001100000
0000110100110000
1110110010111110
1111110001000000
1111010001011110
0000010001011110
1110111111101110
1111010010010000
1111100000100000
0000101111010000
1110110000100000
1111000001111110
1110110001010010
0000110001000010
1110001111110000
0001011110010010
0000011110100000
0000001100111110
0001001111110000
0000101110110010
0000000001000000
1111100000001110
0001000000011110
0000100010010000
0000000000001110
1111110000010000
0000110001100000
0000100000010010
1111110011001110
1111010001101110
0000110000110000
0000100010010010
1111110001101110
1111100100111100
0000110010100000
0000110000110100
1111110001001110
1111010001001100
0000111111110000
0000010001110010
0000000000101110
1111101111001110
0001000000010010
0000010001100000
1111100001001110
1111100000111110
0000011111110000
0000001110000000
0000001100100000
0001011101100000
1110111110111110
1111111110001110
1111110000000010
0001001110010000
1111001110011110
1111110001101110
1111101111010000
0001000000000000
1110111111101110
1111110000101100
1111100000110000
0000100000100000
1110111111000000
1111010010110000
1111010010101110
0001000001110000
1110100011111110
1111100001010000
1111000001100000
0000010001100000
1110011111001110
1111100000000000
1111010001000000
0000101110010000
1110100000111110
1111000000101110
1111001111110000
0000111111000000
1110001110100000
0000111101100010
0000011100000000
1111111101001110
0001001110010010
0000101101110010
1111111111111100
1111101101111110
0001001110010000
0000100001000000
1111111111001110
1111101111101110
0000111111001110
0000100000010010
1111110000101110
1111010000001100
0000111110110000
0000010010001110
1111110010011110
1111110001011100
0000100011100000
0000100000110000
1111110001011110
1111000001001100
0000111110110000
0000101111101110
0000000001001100
1111101101101110
0000110000010000
0000001111110000
1111111111011110
1111101110111110
0000011110100000
0000111110010000
0000001101100000
0001001110010000
1110110000000000
0000101111101110
1111110000010000
0001001111100000
1111000000100000
0000010010011110
1111101110111110
0001000000110000
1110110001111110
0000010000010000
1111100011001110
0000010010011110
1110110000011100
0000000010000000
1111100000111110
0001000010011110
1110100011111110
1111110010110000
1111100001100000
0000100001000000
1110100010111110
1111100001110000
1111100001100000
0000101111001110
1110100010011110
1111010000111110
1111011110000000
0000110000110000
1110101110110010
0001011101110010
0000001101001110
1111011101111110
0000111111100010
0000111110110010
0000001111010000
1111101110111110
0000111111110000
0000110001100010
1111111110001110
1111101111101110
0000110000100000
0000111111010000
1111110010001110
1111000001001100
0000111111010000
0000110000110010
0000001111111110
1111110001001110
0000110010110000
0000100001110010
1111110000101100
1111010000011110
0000100010000000
0000100001000010
0000000001001110
1111011110011110
0000110001010000
0000011111110000
1111111101010000
1111100000001110
0000011110010000
0000001111100000
0000001110110000
0001001111100010
1111001111111110
1111111111110000
1111110001100010
0000110001101110
1111000000010000
1111110011000000
1111100000010000
0001011111010000
1110110001111110
1111111111101110
1111100001010000
0000111111101110
1110110000111110
1111010001111110
1111100001010000
0000110100000000
1110100010011110
1111010011101110
1111010010101110
0000100000010000
1110100001101110
1111100011101110
1111100010010000
0000101111001110
1110110000101110
1111100001000000
1111011111110000
0000110001010010
1110011110100000
0000101110100100
1111101110011110
1111011110011110
0000101110100010
0000011110100010
1111110000010000
1110110000011100
0000101111100000
0000010001100010
1111101110110000
1111101101101110
0000100000010000
0000101110010000
1111100000001110
1111001110011110
0000101111100000
0000000000010000
1111110000001110
1111010010101100
0000100000110000
0000000010000000
1111100001011110
1111001110111010
0000100000010000
0000000010000010
0000000001011110
1111011101111100
0000111111110000
0000010000010000
1111101111101110
1111010000011110
0000011101110010
1111101110100010
0000001110000010
0001001101110000
1110111111000000
1111111110010000
1111110001010000
0001001101110000
1111000000001110
1111100000101110
1111101101100000
0001001110011110
1110110000000000
1111101111011110
1111101111000000
0000111100100000
1110111100111110
1111100000000000
1111101111000000
0000110000010000
1110111111101110
1111010001011110
1111010000011110
0000010000000000
1110101110110000
1111110000000000
1111100000110000
0000101101110000
1110110001010000
1111101110111110
1111011110110000
0000111111000010
1110011110010010
1111111111010010
1111011110111110
1111001110011110
0000001111100000
0000001110110010
1111010010000000
1111001110101110
0000010001000000
1111110001000000
1111011110100000
1111001110111110
0000010000100000
0000001111110000
1111101111101110
1111001101001110
0000101101100000
1111110000100000
1111101111101110
1111010000101100
0000100000010000
1111110001110000
1111100001001110
1110110000101110
0000011111100000
0000100000100100
1111100001111110
1111001110111110
0000100010000000
0000011111100010
1111011111110000
1111011111111110
0000011111000010
0000111110010010
0000011101110000
0001001101110000
1111000000110000
0000011110110000
1111110001010000
0000110000000000
1111000001000000
0000010000010010
1111111110011110
0000111110001110
1111001110000000
0000011110010010
1111111111010000
0000011111000000
1110111110011110
0000000000010000
1111100000110000
0001001111110000
1110110000110000
1111110000110010
1111100010000000
0000010001110000
1110100000010000
1111010011100000
1111110000110000
0000011111111110
1110110010011110
1110110010111110
1111000001000000
0000101111110000
1110011110100000
0000101110110100
1111011110000000
1110111110011110
0000000001010000
0000011111010010
1111000010001110
1110100000011110
0000000001100000
0000100000010010
1111011110111110
1111001110011110
0000011110110000
0000101110000010
1111011111111110
1110111111001100
0000011110111110
0000010000010010
1111010001001110
1111000000101110
0000010001100000
0000000001010100
1111010011001110
1110100001111110
0000010000110010
1111110100000010
1111100001100000
1110110000001110
0000010010010000
1111100011010000
1111000001001110
1111000000011110
1111111111000000
0000010000100010
0001001110100010
0001101111110000
1111110001100000
0000101111001110
0000110010011110
0001101111110000
0000001111110000
0000100000110000
0000100000010000
0001111101010000
1111110000111110
0000100000001110
0000100001101110
0001101101110000
1111111111001110
0000010000010000
0000100000100010
0001100010010000
1111010010101110
0000100000000000
0000100000110010
0001011110000000
1111010001011110
0000000010110000
0000100010110000
0001011111010000
1111110010000000
0000000011100000
0000000001000000
0001101111110000
1111101110110010
0000000000100010
1111101111000000
1111001111111110
0000010010000010
0000011111010010
1111110010010000
1111001111101110
0000110000000010
0000010001000010
1111100000100000
1111101101011110
0000110000110000
0000010000000000
1111110001110000
1111011101101110
0000111111000000
0000010000010010
1111110000111110
1111010010101110
0000110011010010
0000100000010010
0000000001001110
1111011110011110
0000100001100000
0000100010010010
0000010011001110
1111101111011110
0001000010100000
0000010011010000
0000000001010000
1111110000001110
0000111111010000
1111100000110000
0001001101100100
0001011101100010
1111111111010000
0000000000100000
0000100001010000
0001000000000010
1111100001100000
0000000000010000
0000011110010000
0001101101100000
1111100000001110
0000011111010000
0000101110010010
0001011100110000
1111101111010000
0000011110010010
0000011111110000
0001010001000000
1111010000111110
0000011111100000
0000011111010000
0000110001000000
1111010000010000
0000010001000000
0000100001100000
0001001111010010
1111100001000000
1111110001110000
0000000000100010
0001011111000010
1111011110010000
1110110000110010
1111011101100000
1110101101100000
1111111111010010
1111010000100010
1111000001100000
1110011111101110
0000010001010010
1111110000000000
1111011110010000
1111001101001110
0000000000010000
0000001111000000
1111101110100000
1110111100101110
0000011111000010
0000011110000010
1111101111111110
1111000000111110
0000100000100010
0000011111010010
1111101111000000
1110100000111110
0000100000010000
0000100000100010
0000000001100000
1111001110110000
0000110000110000
0000010001010010
1111100000101110
1111011111001110
0000101110110000
0000011111110010
0000111111000010
0001001111000010
1111100000000000
1111111111010000
0000100000000010
0000101111010010
1111100000100000
0000010000000000
0000011110000010
0000111101010000
1111101110100000
0000101100110010
0000011111000010
0000101100110000
1111011110001110
0000011111100000
0000011111000000
0001000000110000
1111000001110000
0000000000100000
1111110010100000
0000101111110000
1111001111010000
1111010011011110
0000010001000000
0000011111100000
1111010001000000
1111010001011110
1111110001010000
0000101111010010
1111001110110010
0000001111010100
1111111111000010
1110101110010000
0000101111110010
0000001110110010
1111111111100000
1110111111001110
0000100000010010
0000111111110010
1111111110001110
1111101100111110
0000111110010010
0001001100010100
0000001110111110
1111011100101110
0000111101100000
0000111111010010
0000011110111110
1111100000011110
0001000001100010
0000110000000010
0000000010100000
1111011111011110
0001001111000000
0000100010110010
0000100000110000
1111101111001110
0001010000100000
0000110000110000
0000000001000000
1111111111001110
0001001110100010
1110010001010000
0000000001110010
0000000000000010
1111000001010000
1110110001000000
0000010001110010
0000010000000010
1111010001100010
1111000011010000
0000001111010010
0000111111000010
1111000000111110
1111101110100000
0000000000010010
0000011111000000
1111000000000000
1111100000000010
0000001111100000
0000100010110000
1111000000100000
1111010010110000
1111110010000010
0000000001010000
1110110001110000
1111010011110000
0000010000100000
0000011111010010
1111010001000000
1111000010100000
1111110001010010
0000010001100000
1111001111000000
1111100001000100
1111110001010010
1110101111100000
0000100000110010
0000000000010010
0000010001010010
1111001111010000
0001000000110010
0000010010110010
0000011111000000
1111101110100000
0001000000110010
0001001110000100
0000100000010000
1111101110101110
0001011111100010
0001001111100100
0000111111000000
1111110010011110
0001100000010010
0000110010010010
0000100001110000
1111100000101110
0001100001010010
0001000011000010
0001100000010000
0000011110011110
0010010000110010
0001010010000010
0001000001000000
0000100000110000
0010001110100010
1110100000100010
0001001110100100
0000011111000010
1111111111010010
1111111110000010
0000110000100010
0000100000100010
1111110000000000
1111111111010000
0000111100100010
0001001111000000
1111101111100000
1111111110010000
0000111101010010
0000111101110000
1111111101100000
0000001110110000
0000100000010000
0001000000110010
1111100001100000
0000001110010000
0000100000110000
0000111110110000
1111101110110010
1111110000010000
0001000000100010
0000111101010010
0000001111100000
1111100001000000
0000101111010000
0001001111000010
1111111110110010
1110010001100010
1111000000000010
1101110000000000
0000000000110010
1111101110110100
1111010001110010
1101110001100000
0000100001100100
1111110000100010
1111101110000000
1110100000011110
0000100001000010
1111111111010000
1111111110110000
1110101111010000
0000111111010010
0000010000000010
1111110001110000
1111010001110000
0000110010110010
0000101111110100
0000000010100000
1111001111111110
0001000000010010
0000100001010100
0000100010000000
1111011110011110
0001100000110010
0000100010000010
0000100000110000
1111110000101110
0001100000010010
1110010011000010
0000110000010100
0000011111010010
1111100001000010
1111101111000000
0000100001000010
0000011110100010
1111100000010000
1111100001110000
0000101100110010
0000011110110000
1111010000100000
1111111110110010
0000101110100010
0000001110110010
1111101111000000
1111100001000000
0000100000000010
0000110010010000
1111100010000000
0000000001000000
0000111111000010
0000010000110010
1111101111010000
1111000001100000
0000110001100000
0000001101110000
1111110000110000
1110110010110000
0000100000010000
0000000000110000
0000001111100000
1110110001000010
1111111111010010
1110101110010000
0000110000010100
0000001110010010
1111110000010010
1110101101110000
0001001111100100
0000010000110010
0000011100010010
1111011101110000
0000100000000010
0000111101110010
0000101101110000
1111001110010000
0001001110100010
0000100000100010
0000111111100000
0000000001010000
0001110001010010
0001010000010010
0001011110100000
1111100000000000
0010001110100010
0001000000110010
0001010000110000
0000001101000000
0010001111110010
0001000010010010
0001101111100000
0000100000000000
0010101111010010
1111111111100000
1111111111011101
1111111111100001
1111111111011001
1111111111100000
1111111111011100
1111111111100000
1111111111011010
1111111111100001
1111111111011110
1111111111100100
1111111111011010
1111111111100001
1111111111011110
1111111111100000
1111111111010111
1111111111100110
1111111111011111
1111111111100011
1111111111011000
1111111111100100
1111111111011011
1111111111100010
1111111111010111
1111111111100010
1111111111011100
1111111111100010
1111111111010111
1111111111011110
1111111111011001
1111111111100011
1111111111010010
1111111111011000
1111111111011000
1111111111010000
1111111111011001
1111111111011000
1111111111010111
1111111111010100
1111111111011010
1111111111011010
1111111111010111
1111111111010100
1111111111011000
1111111111011010
1111111111010100
1111111111010010
1111111111010111
1111111111011110
1111111111010101
1111111111010101
1111111111010111
1111111111011111
1111111111010001
1111111111010101
1111111111010111
1111111111100001
1111111111010010
1111111111011001
1111111111010111
1111111111100000
1111111111010100
1111111111010110
1111111111001111
1111111111011101
1111111111011011
1111111111100001
1111111111011001
1111111111011111
1111111111011100
1111111111011111
1111111111011000
1111111111100001
1111111111011100
1111111111011111
1111111111011000
1111111111100000
1111111111011101
1111111111100010
1111111111010111
1111111111100011
1111111111011100
1111111111100100
1111111111010111
1111111111100011
1111111111011011
1111111111011111
1111111111010111
1111111111100110
1111111111011100
1111111111011111
1111111111010111
1111111111100000
1111111111011100
1111111111100101
1111111111010001
1111111111010111
1111111111010111
1111111111010001
1111111111011001
1111111111010111
1111111111011000
1111111111010011
1111111111011001
1111111111011100
1111111111010101
1111111111010001
1111111111011000
1111111111011010
1111111111010111
1111111111010100
1111111111011000
1111111111011101
1111111111010011
1111111111010110
1111111111010100
1111111111011111
1111111111010101
1111111111010100
1111111111010110
1111111111100011
1111111111010011
1111111111010110
1111111111010110
1111111111011111
1111111111010001
1111111111011010
1111111111001100
1111111111100100
1111111111011110
1111111111100001
1111111111010111
1111111111100011
1111111111011110
1111111111100001
1111111111011010
1111111111100010
1111111111011110
1111111111100010
1111111111011000
1111111111100010
1111111111011101
1111111111100001
1111111111011000
1111111111100100
1111111111011101
1111111111100001
1111111111011010
1111111111100011
1111111111011100
1111111111100010
1111111111010110
1111111111100100
1111111111011101
1111111111100011
1111111111010111
1111111111100001
1111111111011100
1111111111100110
1111111111010010
1111111111011001
1111111111010101
1111111111010000
1111111111011011
1111111111011001
1111111111011000
1111111111010100
1111111111010111
1111111111011011
1111111111010110
1111111111010011
1111111111010110
1111111111011111
1111111111010010
1111111111010010
1111111111010110
1111111111011111
1111111111011000
1111111111010101
1111111111010111
1111111111011110
1111111111010110
1111111111011000
1111111111010111
1111111111100001
1111111111010011
1111111111010110
1111111111010011
1111111111011110
1111111111010101
1111111111011010
1111111111001111
1111111111011110
1111111111011100
1111111111011110
1111111111011000
1111111111011110
1111111111011100
1111111111100000
1111111111011010
1111111111011110
1111111111011100
1111111111100011
1111111111011000
1111111111100000
1111111111011110
1111111111100001
1111111111011000
1111111111100100
1111111111011100
1111111111100001
1111111111011000
1111111111100001
1111111111011101
1111111111100011
1111111111011000
1111111111100100
1111111111011101
1111111111100100
1111111111011001
1111111111100100
1111111111011101
1111111111100011
1111111111010100
1111111111010110
1111111111010011
1111111111001111
1111111111010111
1111111111010101
1111111111010101
1111111111001111
1111111111010110
1111111111011001
1111111111010110
1111111111010100
1111111111010110
1111111111011011
1111111111010111
1111111111010010
1111111111010101
1111111111011100
1111111111010100
1111111111010010
1111111111010111
1111111111011111
1111111111010100
1111111111010101
1111111111010110
1111111111100001
1111111111010100
1111111111010111
1111111111011000
1111111111100000
1111111111010000
1111111111011011
1111111111001111
1111111111011101
1111111111011100
1111111111011111
1111111111011000
1111111111011110
1111111111011101
1111111111100010
1111111111011000
1111111111100000
1111111111011010
1111111111100011
1111111111010111
1111111111011110
1111111111011101
1111111111100010
1111111111011000
1111111111100010
1111111111011101
1111111111100001
1111111111010111
1111111111100011
1111111111011101
1111111111100011
1111111111011000
1111111111100011
1111111111011100
1111111111100000
1111111111010110
1111111111100001
1111111111011011
1111111111100011
1111111111010011
1111111111010101
1111111111010010
1111111111001110
1111111111010101
1111111111010110
1111111111010110
1111111111010010
1111111111010110
1111111111010110
1111111111010100
1111111111010000
1111111111010101
1111111111010111
1111111111010101
1111111111010001
1111111111010111
1111111111011100
1111111111010101
1111111111010011
1111111111010101
1111111111011011
1111111111010100
1111111111010101
1111111111010101
1111111111100000
1111111111010001
1111111111010100
1111111111010111
1111111111100010
1111111111010100
1111111111011000
1111111111001111
1111111111011110
1111111111011010
1111111111100001
1111111111011011
1111111111100001
1111111111011101
1111111111011111
1111111111011000
1111111111100011
1111111111011111
1111111111100001
1111111111011000
1111111111100100
1111111111011011
1111111111011111
1111111111011000
1111111111100101
1111111111011110
1111111111100001
1111111111011001
1111111111100101
1111111111011011
1111111111100000
1111111111010111
1111111111100100
1111111111011110
1111111111100001
1111111111011001
1111111111100000
1111111111011110
1111111111100001
1111111111010100
1111111111011001
1111111111010011
1111111111001101
1111111111011000
1111111111010110
1111111111010101
1111111111001100
1111111111010110
1111111111011010
1111111111010011
1111111111010010
1111111111010110
1111111111011010
1111111111010011
1111111111010000
1111111111010100
1111111111011111
1111111111010100
1111111111010100
1111111111010100
1111111111011101
1111111111010001
1111111111010101
1111111111010101
1111111111011110
1111111111010011
1111111111010110
1111111111010010
1111111111100010
1111111111001111
1111111111011000
1111111111001010
1111111111011100
1111111111011101
1111111111011110
1111111111011001
1111111111011101
1111111111011011
1111111111011110
1111111111011010
1111111111011110
1111111111011101
1111111111100001
1111111111011000
1111111111100000
1111111111011110
1111111111100001
1111111111011000
1111111111100001
1111111111011100
1111111111011111
1111111111011010
1111111111100001
1111111111011110
1111111111100011
1111111111010111
1111111111100011
1111111111011101
1111111111100001
1111111111011010
1111111111100001
1111111111011100
1111111111100011
1111111111010101
1111111111010001
1111111111010000
1111111111001001
1111111111001111
1111111111010100
1111111111010010
1111111111001100
1111111111010010
1111111111010110
1111111111010001
1111111111001110
1111111111010101
1111111111010111
1111111111010001
1111111111010000
1111111111010100
1111111111011001
1111111111010010
1111111111010001
1111111111010011
1111111111011101
1111111111010000
1111111111010100
1111111111010010
1111111111100000
1111111111010000
1111111111010100
1111111111010101
1111111111011001
1111111111001101
1111111111010110
1111111111001110
1111111111011000
1111111111011011
1111111111011100
1111111111010111
1111111111011011
1111111111011110
1111111111011110
1111111111010110
1111111111011101
1111111111011011
1111111111011111
1111111111010111
1111111111011101
1111111111011100
1111111111100000
1111111111010111
1111111111100001
1111111111011110
1111111111100000
1111111111011000
1111111111100011
1111111111011110
1111111111011111
1111111111010111
1111111111100011
1111111111011111
1111111111011110
1111111111011001
1111111111011110
1111111111011000
1111111111100001
1111111111010011
1111111111001010
1111111111010000
1111111111001000
1111111111010001
1111111111001111
1111111111001110
1111111111001010
1111111111010011
1111111111010011
1111111111010001
1111111111001100
1111111111010010
1111111111010110
1111111111010010
1111111111001110
1111111111010010
1111111111011000
1111111111010000
1111111111001110
1111111111010101
1111111111011100
1111111111001111
1111111111010010
1111111111010010
1111111111011111
1111111111001111
1111111111010011
1111111111010011
1111111111011001
1111111111001111
1111111111010110
1111111111001011
1111111111011001
1111111111011100
1111111111011001
1111111111010111
1111111111011100
1111111111011100
1111111111011101
1111111111010110
1111111111011110
1111111111011100
1111111111011101
1111111111010111
1111111111011111
1111111111011101
1111111111011110
1111111111010111
1111111111100011
1111111111011100
1111111111011111
1111111111010111
1111111111100000
1111111111011100
1111111111011101
1111111111010111
1111111111011110
1111111111011101
1111111111011101
1111111111010111
1111111111011101
1111111111011011
1111111111011110
1111111111010011
1111111111001100
1111111111001011
1111111111000100
1111111111010001
1111111111001110
1111111111001110
1111111111000110
1111111111001110
1111111111010011
1111111111010000
1111111111001001
1111111111001110
1111111111010100
1111111111001110
1111111111001010
1111111111010000
1111111111011000
1111111111001110
1111111111010000
1111111111010010
1111111111011001
1111111111001101
1111111111001100
1111111111001111
1111111111011011
1111111111001111
1111111111010010
1111111111001110
1111111111011011
1111111111001101
1111111111010011
1111111111001001
1111111111010010
1111111111011010
1111111111011000
1111111111010110
1111111111010101
1111111111011101
1111111111011011
1111111111010101
1111111111011000
1111111111011011
1111111111011100
1111111111010100
1111111111011111
1111111111011101
1111111111011011
1111111111010110
1111111111011101
1111111111011001
1111111111011100
1111111111011000
1111111111011101
1111111111011001
1111111111011110
1111111111010101
1111111111100001
1111111111011101
1111111111011110
1111111111010111
1111111111011100
1111111111011100
1111111111011100
1111111111010010
1111111111000101
1111111111001000
1111111111000001
1111111111001010
1111111111001010
1111111111001101
1111111111000110
1111111111001111
1111111111001010
1111111111001010
1111111111001001
1111111111001011
1111111111010000
1111111111001010
1111111111001010
1111111111001110
1111111111010101
1111111111010000
1111111111001010
1111111111001110
1111111111010011
1111111111001100
1111111111001010
1111111111001111
1111111111011000
1111111111001101
1111111111010001
1111111111001111
1111111111011001
1111111111001100
1111111111010001
1111111111001101
1111111111001111
1111111111011010
1111111111010100
1111111111010110
1111111111010110
1111111111011010
1111111111010110
1111111111010101
1111111111011001
1111111111011001
1111111111011000
1111111111010011
1111111111010111
1111111111011000
1111111111011010
1111111111010111
1111111111011011
1111111111011011
1111111111011101
1111111111010011
1111111111011110
1111111111011001
1111111111011101
1111111111010100
1111111111011110
1111111111011100
1111111111011100
1111111111010111
1111111111011011
1111111111011100
1111111111100000
1111111111010010
1111111111000011
1111111111000111
1111111110111101
1111111111001011
1111111111001001
1111111111000111
1111111111000000
1111111111001010
1111111111001010
1111111111001010
1111111111000000
1111111111001100
1111111111001011
1111111111001100
1111111111000100
1111111111001011
1111111111010010
1111111111001001
1111111111001000
1111111111001011
1111111111010011
1111111111001010
1111111111001001
1111111111001100
1111111111010111
1111111111001011
1111111111001010
1111111111010010
1111111111010111
1111111111001110
1111111111001110
1111111111001110
1111111111001110
1111111111011001
1111111111010100
1111111111010011
1111111111010101
1111111111011100
1111111111010101
1111111111010010
1111111111011000
1111111111011010
1111111111010101
1111111111010011
1111111111011000
1111111111011010
1111111111010100
1111111111010011
1111111111011011
1111111111011000
1111111111011100
1111111111010101
1111111111011111
1111111111011100
1111111111011101
1111111111010100
1111111111011110
1111111111011001
1111111111011010
1111111111010101
1111111111011111
1111111111011100
1111111111011100
1111111111010010
1111111110111010
1111111110111110
1111111110110110
1111111111000001
1111111110111110
1111111110111110
1111111110111001
1111111111000000
1111111111000010
1111111111000000
1111111110111001
1111111110111110
1111111111000100
1111111111000001
1111111110111011
1111111111000001
1111111111000111
1111111111000000
1111111111000010
1111111111000111
1111111111001011
1111111111000101
1111111111000000
1111111111001000
1111111111001111
1111111111000101
1111111111000010
1111111111000111
1111111111001011
1111111111000101
1111111111001000
1111111111000100
0100110010001011
0001100100010111
0111111111111111
0001100100010111
0111111111111111
0001100100010110
0111111111111111
0001100100010110
1111111111001110
1100111100000001
0001011101000001
1101100000010001
1111111111111011
0000000000000111
1111111111111110
1111111111111111
0001011011000000
0000001110000111
0000001000111111
0111111111111111
0001011010111111
0000001110000111
0000001000111111
0111111111111111
0000000000000011
0000000000000011
0000000000000011
0000000000000011
0000000000000011
0000000000000011
0000000000000011
0000000000000011
0000011001000101
0111111111111111
0001100100010111
0111111111111111
0001100100010111
0111111111111111
0001100100010110
0111111111111111
1111111111001111
1111010100111010
1101000001001000
1101100010010000
0000000000001000
1111111111111100
1111111111111100
0000000000000000
0000000011010111
0000000001101010
0010010101010011
0000000000110111
0000000011010111
0000000001101010
0010010101010011
0000000000110111
0000000000000011
0000000000000011
0000000000000011
0000000000000011
0000000000000011
0000000000000011
0000000000000011
0000000000000011
0000000010111011
0110100110011111
0000000000000000
0010000001100001
0000000000000100
0000001100100000
0000001111100000
0001100100101001
1110111000010101
0000000110001001
0000010010011001
0000000000000000
0001100100000001
0000000000000000
0001000000000000
1011111000110011
0100001000010000
1111111111010010
0000001000000010
0000001000000010
0000001000000010
1111000111110001
1101000111100001
1010000011010000
1111111011111111
1111111100000000
1111111100000001
1111000000000001
1111000000000011
1111000100000011
1110000111110100
1100000111110011
1000100010010101
0011100000111100
1110110110101001
0010000100001111
0011001100110011
0011001100110011
0000000000100010
1100110011101111
1101110111001011
0000000011111111
0010001000100001
0011001100110011
0010001000110011
0001000100100010
1110111100000000
1011101111011101
0001011100110001
0010111110100010
0010100101010101
1010010010000001
0100010000110011
1111100111001010
0101110101011010
0101000001010100
0010001101100011
1111100010110000
0001011111000111
0000010001000010
1111011000000000
1100010111001100
1001011110110001
0010011001101001
0000101110100010
0000011110100000
0001111101000000
1111001111101110
0000001111001110
1111110001010000
0001000000011110
1111010000011110
0000000010101110
1111100000000000
0001100000100000
1111000001111110
0000000000001100
1111100011001110
0000110001111110
1111000000111110
1111110010100010
1111100001100000
0000110100110000
1110110010111110
1111110001000000
1111010001011110
0000010001011110
1110111111101110
1111010010010000
1111100000100000
0000101111010000
1110110000100000
1111000001111110
1110110001010010
0000110001000010
1110001111110000
0001011110010010
0000011110100000
0000001100111110
0001001111110000
0000101110110010
0000000001000000
1111100000001110
0001000000011110
0000100010010000
0000000000001110
1111110000010000
0000110001100000
0000100000010010
1111110011001110
1111010001101110
0000110000110000
0000100010010010
1111110001101110
1111100100111100
0000110010100000
0000110000110100
1111110001001110
1111010001001100
0000111111110000
0000010001110010
0000000000101110
1111101111001110
0001000000010010
0000010001100000
1111100001001110
1111100000111110
0000011111110000
0000001110000000
0000001100100000
0001011101100000
1110111110111110
1111111110001110
1111110000000010
0001001110010000
1111001110011110
1111110001101110
1111101111010000
0001000000000000
1110111111101110
1111110000101100
1111100000110000
0000100000100000
1110111111000000
1111010010110000
1111010010101110
0001000001110000
1110100011111110
1111100001010000
1111000001100000
0000010001100000
1110011111001110
1111100000000000
1111010001000000
0000101110010000
1110100000111110
1111000000101110
1111001111110000
0000111111000000
1110001110100000
0000111101100010
0000011100000000
1111111101001110
0001001110010010
0000101101110010
1111111111111100
1111101101111110
0001001110010000
0000100001000000
1111111111001110
1111101111101110
0000111111001110
0000100000010010
1111110000101110
1111010000001100
0000111110110000
0000010010001110
1111110010011110
1111110001011100
0000100011100000
0000100000110000
1111110001011110
1111000001001100
0000111110110000
0000101111101110
0000000001001100
1111101101101110
0000110000010000
0000001111110000
1111111111011110
1111101110111110
0000011110100000
0000111110010000
0000001101100000
0001001110010000
1110110000000000
0000101111101110
1111110000010000
0001001111100000
1111000000100000
0000010010011110
1111101110111110
0001000000110000
1110110001111110
0000010000010000
1111100011001110
0000010010011110
1110110000011100
0000000010000000
1111100000111110
0001000010011110
1110100011111110
1111110010110000
1111100001100000
0000100001000000
1110100010111110
1111100001110000
1111100001100000
0000101111001110
1110100010011110
1111010000111110
1111011110000000
0000110000110000
1110101110110010
0001011101110010
0000001101001110
1111011101111110
0000111111100010
0000111110110010
0000001111010000
1111101110111110
0000111111110000
0000110001100010
1111111110001110
1111101111101110
0000110000100000
0000111111010000
1111110010001110
1111000001001100
0000111111010000
0000110000110010
0000001111111110
1111110001001110
0000110010110000
0000100001110010
1111110000101100
1111010000011110
0000100010000000
0000100001000010
0000000001001110
1111011110011110
0000110001010000
0000011111110000
1111111101010000
1111100000001110
0000011110010000
0000001111100000
0000001110110000
0001001111100010
1111001111111110
1111111111110000
1111110001100010
0000110001101110
1111000000010000
1111110011000000
1111100000010000
0001011111010000
1110110001111110
1111111111101110
1111100001010000
0000111111101110
1110110000111110
1111010001111110
1111100001010000
0000110100000000
1110100010011110
1111010011101110
1111010010101110
0000100000010000
1110100001101110
1111100011101110
1111100010010000
0000101111001110
1110110000101110
1111100001000000
1111011111110000
0000110001010010
1110011110100000
0000101110100100
1111101110011110
1111011110011110
0000101110100010
0000011110100010
1111110000010000
1110110000011100
0000101111100000
0000010001100010
1111101110110000
1111101101101110
0000100000010000
0000101110010000
1111100000001110
1111001110011110
0000101111100000
0000000000010000
1111110000001110
1111010010101100
0000100000110000
0000000010000000
1111100001011110
1111001110111010
0000100000010000
0000000010000010
0000000001011110
1111011101111100
0000111111110000
0000010000010000
1111101111101110
1111010000011110
0000011101110010
1111101110100010
0000001110000010
0001001101110000
1110111111000000
1111111110010000
1111110001010000
0001001101110000
1111000000001110
1111100000101110
1111101101100000
0001001110011110
1110110000000000
1111101111011110
1111101111000000
0000111100100000
1110111100111110
1111100000000000
1111101111000000
0000110000010000
1110111111101110
1111010001011110
1111010000011110
0000010000000000
1110101110110000
1111110000000000
1111100000110000
0000101101110000
1110110001010000
1111101110111110
1111011110110000
0000111111000010
1110011110010010
1111111111010010
1111011110111110
1111001110011110
0000001111100000
0000001110110010
1111010010000000
1111001110101110
0000010001000000
1111110001000000
1111011110100000
1111001110111110
0000010000100000
0000001111110000
1111101111101110
1111001101001110
0000101101100000
1111110000100000
1111101111101110
1111010000101100
0000100000010000
1111110001110000
1111100001001110
1110110000101110
0000011111100000
0000100000100100
1111100001111110
1111001110111110
0000100010000000
0000011111100010
1111011111110000
1111011111111110
0000011111000010
0000111110010010
0000011101110000
0001001101110000
1111000000110000
0000011110110000
1111110001010000
0000110000000000
1111000001000000
0000010000010010
1111111110011110
0000111110001110
1111001110000000
0000011110010010
1111111111010000
0000011111000000
1110111110011110
0000000000010000
1111100000110000
0001001111110000
1110110000110000
1111110000110010
1111100010000000
0000010001110000
1110100000010000
1111010011100000
1111110000110000
0000011111111110
1110110010011110
1110110010111110
1111000001000000
0000101111110000
1110011110100000
0000101110110100
1111011110000000
1110111110011110
0000000001010000
0000011111010010
1111000010001110
1110100000011110
0000000001100000
0000100000010010
1111011110111110
1111001110011110
0000011110110000
0000101110000010
1111011111111110
1110111111001100
0000011110111110
0000010000010010
1111010001001110
1111000000101110
0000010001100000
0000000001010100
1111010011001110
1110100001111110
0000010000110010
1111110100000010
1111100001100000
1110110000001110
0000010010010000
1111100011010000
1111000001001110
1111000000011110
1111111111000000
0000010000100010
0001001110100010
0001101111110000
1111110001100000
0000101111001110
0000110010011110
0001101111110000
0000001111110000
0000100000110000
0000100000010000
0001111101010000
1111110000111110
0000100000001110
0000100001101110
0001101101110000
1111111111001110
0000010000010000
0000100000100010
0001100010010000
1111010010101110
0000100000000000
0000100000110010
0001011110000000
1111010001011110
0000000010110000
0000100010110000
0001011111010000
1111110010000000
0000000011100000
0000000001000000
0001101111110000
1111101110110010
0000000000100010
1111101111000000
1111001111111110
0000010010000010
0000011111010010
1111110010010000
1111001111101110
0000110000000010
0000010001000010
1111100000100000
1111101101011110
0000110000110000
0000010000000000
1111110001110000
1111011101101110
0000111111000000
0000010000010010
1111110000111110
1111010010101110
0000110011010010
0000100000010010
0000000001001110
1111011110011110
0000100001100000
0000100010010010
0000010011001110
1111101111011110
0001000010100000
0000010011010000
0000000001010000
1111110000001110
0000111111010000
1111100000110000
0001001101100100
0001011101100010
1111111111010000
0000000000100000
0000100001010000
0001000000000010
1111100001100000
0000000000010000
0000011110010000
0001101101100000
1111100000001110
0000011111010000
0000101110010010
0001011100110000
1111101111010000
0000011110010010
0000011111110000
0001010001000000
1111010000111110
0000011111100000
0000011111010000
0000110001000000
1111010000010000
0000010001000000
0000100001100000
0001001111010010
1111100001000000
1111110001110000
0000000000100010
0001011111000010
1111011110010000
1110110000110010
1111011101100000
1110101101100000
1111111111010010
1111010000100010
1111000001100000
1110011111101110
0000010001010010
1111110000000000
1111011110010000
1111001101001110
0000000000010000
0000001111000000
1111101110100000
1110111100101110
0000011111000010
0000011110000010
1111101111111110
1111000000111110
0000100000100010
0000011111010010
1111101111000000
1110100000111110
0000100000010000
0000100000100010
0000000001100000
1111001110110000
0000110000110000
0000010001010010
1111100000101110
1111011111001110
0000101110110000
0000011111110010
0000111111000010
0001001111000010
1111100000000000
1111111111010000
0000100000000010
0000101111010010
1111100000100000
0000010000000000
0000011110000010
0000111101010000
1111101110100000
0000101100110010
0000011111000010
0000101100110000
1111011110001110
0000011111100000
0000011111000000
0001000000110000
1111000001110000
0000000000100000
1111110010100000
0000101111110000
1111001111010000
1111010011011110
0000010001000000
0000011111100000
1111010001000000
1111010001011110
1111110001010000
0000101111010010
1111001110110010
0000001111010100
1111111111000010
1110101110010000
0000101111110010
0000001110110010
1111111111100000
1110111111001110
0000100000010010
0000111111110010
1111111110001110
1111101100111110
0000111110010010
0001001100010100
0000001110111110
1111011100101110
0000111101100000
0000111111010010
0000011110111110
1111100000011110
0001000001100010
0000110000000010
0000000010100000
1111011111011110
0001001111000000
0000100010110010
0000100000110000
1111101111001110
0001010000100000
0000110000110000
0000000001000000
1111111111001110
0001001110100010
1110010001010000
0000000001110010
0000000000000010
1111000001010000
1110110001000000
0000010001110010
0000010000000010
1111010001100010
1111000011010000
0000001111010010
0000111111000010
1111000000111110
1111101110100000
0000000000010010
0000011111000000
1111000000000000
1111100000000010
0000001111100000
0000100010110000
1111000000100000
1111010010110000
1111110010000010
0000000001010000
1110110001110000
1111010011110000
0000010000100000
0000011111010010
1111010001000000
1111000010100000
1111110001010010
0000010001100000
1111001111000000
1111100001000100
1111110001010010
1110101111100000
0000100000110010
0000000000010010
0000010001010010
1111001111010000
0001000000110010
0000010010110010
0000011111000000
1111101110100000
0001000000110010
0001001110000100
0000100000010000
1111101110101110
0001011111100010
0001001111100100
0000111111000000
1111110010011110
0001100000010010
0000110010010010
0000100001110000
1111100000101110
0001100001010010
0001000011000010
0001100000010000
0000011110011110
0010010000110010
0001010010000010
0001000001000000
0000100000110000
0010001110100010
1110100000100010
0001001110100100
0000011111000010
1111111111010010
1111111110000010
0000110000100010
0000100000100010
1111110000000000
1111111111010000
0000111100100010
0001001111000000
1111101111100000
1111111110010000
0000111101010010
0000111101110000
1111111101100000
0000001110110000
0000100000010000
0001000000110010
1111100001100000
0000001110010000
0000100000110000
0000111110110000
1111101110110010
1111110000010000
0001000000100010
0000111101010010
0000001111100000
1111100001000000
0000101111010000
0001001111000010
1111111110110010
1110010001100010
1111000000000010
1101110000000000
0000000000110010
1111101110110100
1111010001110010
1101110001100000
0000100001100100
1111110000100010
1111101110000000
1110100000011110
0000100001000010
1111111111010000
1111111110110000
1110101111010000
0000111111010010
0000010000000010
1111110001110000
1111010001110000
0000110010110010
0000101111110100
0000000010100000
1111001111111110
0001000000010010
0000100001010100
0000100010000000
1111011110011110
0001100000110010
0000100010000010
0000100000110000
1111110000101110
0001100000010010
1110010011000010
0000110000010100
0000011111010010
1111100001000010
1111101111000000
0000100001000010
0000011110100010
1111100000010000
1111100001110000
0000101100110010
0000011110110000
1111010000100000
1111111110110010
0000101110100010
0000001110110010
1111101111000000
1111100001000000
0000100000000010
0000110010010000
1111100010000000
0000000001000000
0000111111000010
0000010000110010
1111101111010000
1111000001100000
0000110001100000
0000001101110000
1111110000110000
1110110010110000
0000100000010000
0000000000110000
0000001111100000
1110110001000010
1111111111010010
1110101110010000
0000110000010100
0000001110010010
1111110000010010
1110101101110000
0001001111100100
0000010000110010
0000011100010010
1111011101110000
0000100000000010
0000111101110010
0000101101110000
1111001110010000
0001001110100010
0000100000100010
0000111111100000
0000000001010000
0001110001010010
0001010000010010
0001011110100000
1111100000000000
0010001110100010
0001000000110010
0001010000110000
0000001101000000
0010001111110010
0001000010010010
0001101111100000
0000100000000000
0010101111010010
1111111111100000
1111111111011101
1111111111100010
1111111111011001
1111111111100000
1111111111011100
1111111111100000
1111111111011010
1111111111100011
1111111111011110
1111111111100001
1111111111011010
1111111111100001
1111111111011110
1111111111100010
1111111111010111
1111111111100011
1111111111011111
1111111111011110
1111111111011000
1111111111100111
1111111111011011
1111111111100100
1111111111010111
1111111111100110
1111111111011100
1111111111100110
1111111111010111
1111111111100011
1111111111011001
1111111111100110
1111111111010010
1111111111011000
1111111111010111
1111111111010000
1111111111011011
1111111111011000
1111111111010110
1111111111010100
1111111111011000
1111111111011010
1111111111011000
1111111111010100
1111111111010101
1111111111011010
1111111111010101
1111111111010010
1111111111011000
1111111111011110
1111111111010101
1111111111010101
1111111111011000
1111111111011111
1111111111010111
1111111111010101
1111111111011001
1111111111100001
1111111111011001
1111111111011001
1111111111011000
1111111111100000
1111111111010101
1111111111010110
1111111111010011
1111111111011111
1111111111011011
1111111111100000
1111111111011001
1111111111011101
1111111111011100
1111111111100001
1111111111011000
1111111111100011
1111111111011100
1111111111100000
1111111111011000
1111111111100000
1111111111011101
1111111111011111
1111111111010111
1111111111100101
1111111111011100
1111111111100010
1111111111010111
1111111111100100
1111111111011011
1111111111100011
1111111111010111
1111111111100111
1111111111011100
1111111111100110
1111111111010111
1111111111100100
1111111111011100
1111111111100111
1111111111010001
1111111111010111
1111111111011000
1111111111010001
1111111111010111
1111111111010111
1111111111010100
1111111111010011
1111111111011001
1111111111011100
1111111111010101
1111111111010001
1111111111011000
1111111111011010
1111111111010111
1111111111010100
1111111111011000
1111111111011101
1111111111010011
1111111111010110
1111111111010111
1111111111011111
1111111111010101
1111111111010100
1111111111011001
1111111111100011
1111111111010110
1111111111010110
1111111111011001
1111111111011111
1111111111010111
1111111111011010
1111111111010000
1111111111011111
1111111111011110
1111111111011110
1111111111010111
1111111111100010
1111111111011110
1111111111100010
1111111111011010
1111111111100011
1111111111011110
1111111111011111
1111111111011000
1111111111100010
1111111111011101
1111111111100001
1111111111011000
1111111111100111
1111111111011101
1111111111100101
1111111111011010
1111111111100101
1111111111011100
1111111111100011
1111111111010110
1111111111100111
1111111111011101
1111111111100101
1111111111010111
1111111111100110
1111111111011100
1111111111101000
1111111111010010
1111111111011001
1111111111010101
1111111111010000
1111111111010111
1111111111011001
1111111111010101
1111111111010100
1111111111011000
1111111111011011
1111111111010101
1111111111010011
1111111111010111
1111111111011111
1111111111011000
1111111111010010
1111111111010111
1111111111011111
1111111111010110
1111111111010101
1111111111011000
1111111111011110
1111111111010110
1111111111011000
1111111111011000
1111111111100001
1111111111010111
1111111111010110
1111111111010101
1111111111011110
1111111111011000
1111111111011010
1111111111010100
1111111111011111
1111111111011100
1111111111011111
1111111111011000
1111111111100000
1111111111011100
1111111111100000
1111111111011010
1111111111011111
1111111111011100
1111111111100011
1111111111011000
1111111111100000
1111111111011110
1111111111100000
1111111111011000
1111111111100100
1111111111011100
1111111111100000
1111111111011000
1111111111100011
1111111111011101
1111111111100100
1111111111011000
1111111111100111
1111111111011101
1111111111100011
1111111111011001
1111111111101001
1111111111011101
1111111111101000
1111111111010100
1111111111010110
1111111111010100
1111111111001111
1111111111010101
1111111111010101
1111111111010100
1111111111001111
1111111111011000
1111111111011001
1111111111010101
1111111111010100
1111111111011000
1111111111011011
1111111111010110
1111111111010010
1111111111010110
1111111111011100
1111111111010111
1111111111010010
1111111111010111
1111111111011111
1111111111010110
1111111111010101
1111111111010101
1111111111100001
1111111111011001
1111111111010111
1111111111010101
1111111111100000
1111111111011000
1111111111011011
1111111111010011
1111111111011110
1111111111011100
1111111111011110
1111111111011000
1111111111011110
1111111111011101
1111111111100001
1111111111011000
1111111111011110
1111111111011010
1111111111011111
1111111111010111
1111111111011101
1111111111011101
1111111111100011
1111111111011000
1111111111100011
1111111111011101
1111111111100011
1111111111010111
1111111111100101
1111111111011101
1111111111100011
1111111111011000
1111111111101011
1111111111011100
1111111111100100
1111111111010110
1111111111100110
1111111111011011
1111111111101001
1111111111010011
1111111111010101
1111111111010010
1111111111001110
1111111111010111
1111111111010110
1111111111010011
1111111111010010
1111111111010111
1111111111010110
1111111111010101
1111111111010000
1111111111010110
1111111111010111
1111111111010101
1111111111010001
1111111111010111
1111111111011100
1111111111010111
1111111111010011
1111111111011001
1111111111011011
1111111111010111
1111111111010101
1111111111011000
1111111111100000
1111111111010110
1111111111010100
1111111111011000
1111111111100010
1111111111010111
1111111111011000
1111111111010100
1111111111100010
1111111111011010
1111111111011110
1111111111011011
1111111111011101
1111111111011101
1111111111011111
1111111111011000
1111111111100011
1111111111011111
1111111111011101
1111111111011000
1111111111100011
1111111111011011
1111111111100000
1111111111011000
1111111111100101
1111111111011110
1111111111100001
1111111111011001
1111111111100110
1111111111011011
1111111111100011
1111111111010111
1111111111100110
1111111111011110
1111111111100100
1111111111011001
1111111111100111
1111111111011110
1111111111100111
1111111111010100
1111111111011001
1111111111010010
1111111111001101
1111111111010100
1111111111010110
1111111111010100
1111111111001100
1111111111010101
1111111111011010
1111111111010100
1111111111010010
1111111111010010
1111111111011010
1111111111010101
1111111111010000
1111111111010101
1111111111011111
1111111111010010
1111111111010100
1111111111011001
1111111111011101
1111111111010100
1111111111010101
1111111111010110
1111111111011110
1111111111010110
1111111111010110
1111111111010110
1111111111100010
1111111111010100
1111111111011000
1111111111010010
1111111111011011
1111111111011101
1111111111011101
1111111111011001
1111111111011101
1111111111011011
1111111111011101
1111111111011010
1111111111100000
1111111111011101
1111111111100001
1111111111011000
1111111111011110
1111111111011110
1111111111100001
1111111111011000
1111111111100001
1111111111011100
1111111111100000
1111111111011010
1111111111100110
1111111111011110
1111111111100101
1111111111010111
1111111111101000
1111111111011101
1111111111100100
1111111111011010
1111111111100111
1111111111011100
1111111111101000
1111111111010101
1111111111010001
1111111111001110
1111111111001001
1111111111010010
1111111111010100
1111111111010010
1111111111001100
1111111111010010
1111111111010110
1111111111010011
1111111111001110
1111111111010101
1111111111010111
1111111111010011
1111111111010000
1111111111010100
1111111111011001
1111111111010100
1111111111010001
1111111111010110
1111111111011101
1111111111011000
1111111111010100
1111111111010110
1111111111100000
1111111111010110
1111111111010100
1111111111011001
1111111111011001
1111111111010110
1111111111010110
1111111111010001
1111111111011011
1111111111011011
1111111111011011
1111111111010111
1111111111011010
1111111111011110
1111111111011011
1111111111010110
1111111111011101
1111111111011011
1111111111011100
1111111111010111
1111111111011110
1111111111011100
1111111111011111
1111111111010111
1111111111100010
1111111111011110
1111111111100000
1111111111011000
1111111111100100
1111111111011110
1111111111100001
1111111111010111
1111111111101000
1111111111011111
1111111111100011
1111111111011001
1111111111100110
1111111111011000
1111111111100111
1111111111010011
1111111111001010
1111111111010000
1111111111001000
1111111111010001
1111111111001111
1111111111010001
1111111111001010
1111111111010000
1111111111010011
1111111111010010
1111111111001100
1111111111010010
1111111111010110
1111111111010000
1111111111001110
1111111111010010
1111111111011000
1111111111010001
1111111111001110
1111111111010010
1111111111011100
1111111111010010
1111111111010010
1111111111010101
1111111111011111
1111111111010011
1111111111010011
1111111111010101
1111111111011001
1111111111010100
1111111111010110
1111111111010000
1111111111011010
1111111111011100
1111111111011010
1111111111010111
1111111111011001
1111111111011100
1111111111011001
1111111111010110
1111111111011101
1111111111011100
1111111111011010
1111111111010111
1111111111011111
1111111111011101
1111111111011101
1111111111010111
1111111111100011
1111111111011100
1111111111011111
1111111111010111
1111111111100100
1111111111011100
1111111111100011
1111111111010111
1111111111100100
1111111111011101
1111111111100010
1111111111010111
1111111111100010
1111111111011011
1111111111100011
1111111111010011
1111111111001100
1111111111001101
1111111111000100
1111111111010000
1111111111001110
1111111111010001
1111111111000110
1111111111001111
1111111111010011
1111111111001110
1111111111001001
1111111111001110
1111111111010100
1111111111001110
1111111111001010
1111111111001111
1111111111011000
1111111111010001
1111111111010000
1111111111001111
1111111111011001
1111111111010001
1111111111001100
1111111111010100
1111111111011011
1111111111010010
1111111111010010
1111111111010101
1111111111011011
1111111111010001
1111111111010011
1111111111001111
1111111111010100
1111111111011010
1111111111011000
1111111111010110
1111111111011000
1111111111011101
1111111111011000
1111111111010101
1111111111011011
1111111111011011
1111111111011100
1111111111010100
1111111111011011
1111111111011101
1111111111011011
1111111111010110
1111111111100000
1111111111011001
1111111111011101
1111111111011000
1111111111011110
1111111111011001
1111111111011111
1111111111010101
1111111111100011
1111111111011101
1111111111100010
1111111111010111
1111111111100010
1111111111011100
1111111111100000
1111111111010010
1111111111000101
1111111111001010
1111111111000001
1111111111001100
1111111111001010
1111111111001011
1111111111000110
1111111111001110
1111111111001010
1111111111001100
1111111111001001
1111111111001110
1111111111010000
1111111111001101
1111111111001010
1111111111001111
1111111111010101
1111111111001111
1111111111001010
1111111111010010
1111111111010011
1111111111001111
1111111111001010
1111111111010000
1111111111011000
1111111111010011
1111111111010001
1111111111010100
1111111111011001
1111111111010010
1111111111010001
1111111111010001
1111111111001111
1111111111011010
1111111111010100
1111111111010110
1111111111010101
1111111111011010
1111111111010110
1111111111010101
1111111111011010
1111111111011001
1111111111011000
1111111111010011
1111111111011001
1111111111011000
1111111111011010
1111111111010111
1111111111100000
1111111111011011
1111111111011101
1111111111010011
1111111111100000
1111111111011001
1111111111011101
1111111111010100
1111111111100011
1111111111011100
1111111111011110
1111111111010111
1111111111011111
1111111111011100
1111111111100000
1111111111010010
1111111111000011
1111111111000101
1111111110111101
1111111111001010
1111111111001001
1111111111001010
1111111111000000
1111111111001010
1111111111001010
1111111111001000
1111111111000000
1111111111001100
1111111111001011
1111111111001010
1111111111000100
1111111111001010
1111111111010010
1111111111001010
1111111111001000
1111111111001111
1111111111010011
1111111111001101
1111111111001001
1111111111010000
1111111111010111
1111111111001100
1111111111001010
1111111111010010
1111111111010111
1111111111001110
1111111111001110
1111111111001110
1111111111001110
1111111111011001
1111111111010100
1111111111010011
1111111111010101
1111111111011100
1111111111010101
1111111111010010
1111111111011000
1111111111011010
1111111111010101
1111111111010011
1111111111011000
1111111111011010
1111111111010100
1111111111010011
1111111111011011
1111111111011000
1111111111011100
1111111111010101
1111111111011111
1111111111011100
1111111111011101
1111111111010100
1111111111011110
1111111111011001
1111111111011010
1111111111010101
1111111111011111
1111111111011100
1111111111011100
1111111111010010
1111111110111010
1111111110111110
1111111110110110
1111111111000001
1111111110111110
1111111110111110
1111111110111001
1111111111000000
1111111111000010
1111111111000000
1111111110111001
1111111110111110
1111111111000100
1111111111000001
1111111110111011
1111111111000001
1111111111000111
1111111111000000
1111111111000010
1111111111000111
1111111111001011
1111111111000101
1111111111000000
1111111111001000
1111111111001111
1111111111000101
1111111111000010
1111111111000111
1111111111001011
1111111111000101
1111111111001000
1111111111000100
0100110010001011
0001100100010111
0111111111111111
0001100100010111
0111111111111111
0001100100010110
0111111111111111
0001100100010110
1111111111001110
1100111100000001
0001011101000001
1101100000010001
1111111111111011
0000000000000111
1111111111111110
1111111111111111
0001011011000000
0000001110000111
0000001000111111
0111111111111111
0001011010111111
0000001110000111
0000001000111111
0111111111111111
0000000000000011
0000000000000011
0000000000000011
0000000000000011
0000000000000011
0000000000000011
0000000000000011
0000000000000011
0000011001000101
0111111111111111
0001100100010111
0111111111111111
0001100100010111
0111111111111111
0001100100010110
0111111111111111
1111111111001111
1111010100111010
1101000001001000
1101100010010000
0000000000001000
1111111111111100
1111111111111100
0000000000000000
0000000011010111
0000000001101010
0010010101010011
0000000000110111
0000000011010111
0000000001101010
0010010101010011
0000000000110111
0000000000000011
0000000000000011
0000000000000011
0000000000000011
0000000000000011
0000000000000011
0000000000000011
0000000000000011
0000000010111011
0110100110011111
0000000000000000
0010000001100001
0000000000000100
0000001100100000
0000001111100000
0001100100101001
1110111000010101
0000000110001001
0000010010011001
0000000000000000
0001100100000001
0000000000000000
0001000000000000
1011111000110011
0100001000010000
1111111111010010
0000001000000010
0000001000000010
0000001000000010
1111000111110001
1101000111100001
1010000011010000
1111111011111111
1111111100000000
1111111100000001
1111000000000001
1111000000000011
1111000100000011
1110000111110100
1100000111110011
1000100010010101
0011100000111100
1110110110101001
0010000100001111
0011001100110011
0011001100110011
0000000000100010
1100110011101111
1101110111001011
0000000011111111
0010001000100001
0011001100110011
0010001000110011
0001000100100010
1110111100000000
1011101111011101
0001011100110001
0010111110100010
0010100101010101
1010010010000001
0100010000110011
1111100111001010
0101110101011010
0101000001010100
0010001101100011
1111100010110000
0001011111000111
0000010001000010
1111011000000000
1100010111001100
1001011110110001
0010011001101001
0000101110100010
0000011110100000
0001111101000000
1111001111101110
0000001111001110
1111110001010000
0001000000011110
1111010000011110
0000000010101110
1111100000000000
0001100000100000
1111000001111110
0000000000001100
1111100011001110
0000110001111110
1111000000111110
1111110010100010
1111100001100000
0000110100110000
1110110010111110
1111110001000000
1111010001011110
0000010001011110
1110111111101110
1111010010010000
1111100000100000
0000101111010000
1110110000100000
1111000001111110
1110110001010010
0000110001000010
1110001111110000
0001011110010010
0000011110100000
0000001100111110
0001001111110000
0000101110110010
0000000001000000
1111100000001110
0001000000011110
0000100010010000
0000000000001110
1111110000010000
0000110001100000
0000100000010010
1111110011001110
1111010001101110
0000110000110000
0000100010010010
1111110001101110
1111100100111100
0000110010100000
0000110000110100
1111110001001110
1111010001001100
0000111111110000
0000010001110010
0000000000101110
1111101111001110
0001000000010010
0000010001100000
1111100001001110
1111100000111110
0000011111110000
0000001110000000
0000001100100000
0001011101100000
1110111110111110
1111111110001110
1111110000000010
0001001110010000
1111001110011110
1111110001101110
1111101111010000
0001000000000000
1110111111101110
1111110000101100
1111100000110000
0000100000100000
1110111111000000
1111010010110000
1111010010101110
0001000001110000
1110100011111110
1111100001010000
1111000001100000
0000010001100000
1110011111001110
1111100000000000
1111010001000000
0000101110010000
1110100000111110
1111000000101110
1111001111110000
0000111111000000
1110001110100000
0000111101100010
0000011100000000
1111111101001110
0001001110010010
0000101101110010
1111111111111100
1111101101111110
0001001110010000
0000100001000000
1111111111001110
1111101111101110
0000111111001110
0000100000010010
1111110000101110
1111010000001100
0000111110110000
0000010010001110
1111110010011110
1111110001011100
0000100011100000
0000100000110000
1111110001011110
1111000001001100
0000111110110000
0000101111101110
0000000001001100
1111101101101110
0000110000010000
0000001111110000
1111111111011110
1111101110111110
0000011110100000
0000111110010000
0000001101100000
0001001110010000
1110110000000000
0000101111101110
1111110000010000
0001001111100000
1111000000100000
0000010010011110
1111101110111110
0001000000110000
1110110001111110
0000010000010000
1111100011001110
0000010010011110
1110110000011100
0000000010000000
1111100000111110
0001000010011110
1110100011111110
1111110010110000
1111100001100000
0000100001000000
1110100010111110
1111100001110000
1111100001100000
0000101111001110
1110100010011110
1111010000111110
1111011110000000
0000110000110000
1110101110110010
0001011101110010
0000001101001110
1111011101111110
0000111111100010
0000111110110010
0000001111010000
1111101110111110
0000111111110000
0000110001100010
1111111110001110
1111101111101110
0000110000100000
0000111111010000
1111110010001110
1111000001001100
0000111111010000
0000110000110010
0000001111111110
1111110001001110
0000110010110000
0000100001110010
1111110000101100
1111010000011110
0000100010000000
0000100001000010
0000000001001110
1111011110011110
0000110001010000
0000011111110000
1111111101010000
1111100000001110
0000011110010000
0000001111100000
0000001110110000
0001001111100010
1111001111111110
1111111111110000
1111110001100010
0000110001101110
1111000000010000
1111110011000000
1111100000010000
0001011111010000
1110110001111110
1111111111101110
1111100001010000
0000111111101110
1110110000111110
1111010001111110
1111100001010000
0000110100000000
1110100010011110
1111010011101110
1111010010101110
0000100000010000
1110100001101110
1111100011101110
1111100010010000
0000101111001110
1110110000101110
1111100001000000
1111011111110000
0000110001010010
1110011110100000
0000101110100100
1111101110011110
1111011110011110
0000101110100010
0000011110100010
1111110000010000
1110110000011100
0000101111100000
0000010001100010
1111101110110000
1111101101101110
0000100000010000
0000101110010000
1111100000001110
1111001110011110
0000101111100000
0000000000010000
1111110000001110
1111010010101100
0000100000110000
0000000010000000
1111100001011110
1111001110111010
0000100000010000
0000000010000010
0000000001011110
1111011101111100
0000111111110000
0000010000010000
1111101111101110
1111010000011110
0000011101110010
1111101110100010
0000001110000010
0001001101110000
1110111111000000
1111111110010000
1111110001010000
0001001101110000
1111000000001110
1111100000101110
1111101101100000
0001001110011110
1110110000000000
1111101111011110
1111101111000000
0000111100100000
1110111100111110
1111100000000000
1111101111000000
0000110000010000
1110111111101110
1111010001011110
1111010000011110
0000010000000000
1110101110110000
1111110000000000
1111100000110000
0000101101110000
1110110001010000
1111101110111110
1111011110110000
0000111111000010
1110011110010010
1111111111010010
1111011110111110
1111001110011110
0000001111100000
0000001110110010
1111010010000000
1111001110101110
0000010001000000
1111110001000000
1111011110100000
1111001110111110
0000010000100000
0000001111110000
1111101111101110
1111001101001110
0000101101100000
1111110000100000
1111101111101110
1111010000101100
0000100000010000
1111110001110000
1111100001001110
1110110000101110
0000011111100000
0000100000100100
1111100001111110
1111001110111110
0000100010000000
0000011111100010
1111011111110000
1111011111111110
0000011111000010
0000111110010010
0000011101110000
0001001101110000
1111000000110000
0000011110110000
1111110001010000
0000110000000000
1111000001000000
0000010000010010
1111111110011110
0000111110001110
1111001110000000
0000011110010010
1111111111010000
0000011111000000
1110111110011110
0000000000010000
1111100000110000
0001001111110000
1110110000110000
1111110000110010
1111100010000000
0000010001110000
1110100000010000
1111010011100000
1111110000110000
0000011111111110
1110110010011110
1110110010111110
1111000001000000
0000101111110000
1110011110100000
0000101110110100
1111011110000000
1110111110011110
0000000001010000
0000011111010010
1111000010001110
1110100000011110
0000000001100000
0000100000010010
1111011110111110
1111001110011110
0000011110110000
0000101110000010
1111011111111110
1110111111001100
0000011110111110
0000010000010010
1111010001001110
1111000000101110
0000010001100000
0000000001010100
1111010011001110
1110100001111110
0000010000110010
1111110100000010
1111100001100000
1110110000001110
0000010010010000
1111100011010000
1111000001001110
1111000000011110
1111111111000000
0000010000100010
0001001110100010
0001101111110000
1111110001100000
0000101111001110
0000110010011110
0001101111110000
0000001111110000
0000100000110000
0000100000010000
0001111101010000
1111110000111110
0000100000001110
0000100001101110
0001101101110000
1111111111001110
0000010000010000
0000100000100010
0001100010010000
1111010010101110
0000100000000000
0000100000110010
0001011110000000
1111010001011110
0000000010110000
0000100010110000
0001011111010000
1111110010000000
0000000011100000
0000000001000000
0001101111110000
1111101110110010
0000000000100010
1111101111000000
1111001111111110
0000010010000010
0000011111010010
1111110010010000
1111001111101110
0000110000000010
0000010001000010
1111100000100000
1111101101011110
0000110000110000
0000010000000000
1111110001110000
1111011101101110
0000111111000000
0000010000010010
1111110000111110
1111010010101110
0000110011010010
0000100000010010
0000000001001110
1111011110011110
0000100001100000
0000100010010010
0000010011001110
1111101111011110
0001000010100000
0000010011010000
0000000001010000
1111110000001110
0000111111010000
1111100000110000
0001001101100100
0001011101100010
1111111111010000
0000000000100000
0000100001010000
0001000000000010
1111100001100000
0000000000010000
0000011110010000
0001101101100000
1111100000001110
0000011111010000
0000101110010010
0001011100110000
1111101111010000
0000011110010010
0000011111110000
0001010001000000
1111010000111110
0000011111100000
0000011111010000
0000110001000000
1111010000010000
0000010001000000
0000100001100000
0001001111010010
1111100001000000
1111110001110000
0000000000100010
0001011111000010
1111011110010000
1110110000110010
1111011101100000
1110101101100000
1111111111010010
1111010000100010
1111000001100000
1110011111101110
0000010001010010
1111110000000000
1111011110010000
1111001101001110
0000000000010000
0000001111000000
1111101110100000
1110111100101110
0000011111000010
0000011110000010
1111101111111110
1111000000111110
0000100000100010
0000011111010010
1111101111000000
1110100000111110
0000100000010000
0000100000100010
0000000001100000
1111001110110000
0000110000110000
0000010001010010
1111100000101110
1111011111001110
0000101110110000
0000011111110010
0000111111000010
0001001111000010
1111100000000000
1111111111010000
0000100000000010
0000101111010010
1111100000100000
0000010000000000
0000011110000010
0000111101010000
1111101110100000
0000101100110010
0000011111000010
0000101100110000
1111011110001110
0000011111100000
0000011111000000
0001000000110000
1111000001110000
0000000000100000
1111110010100000
0000101111110000
1111001111010000
1111010011011110
0000010001000000
0000011111100000
1111010001000000
1111010001011110
1111110001010000
0000101111010010
1111001110110010
0000001111010100
1111111111000010
1110101110010000
0000101111110010
0000001110110010
1111111111100000
1110111111001110
0000100000010010
0000111111110010
1111111110001110
1111101100111110
0000111110010010
0001001100010100
0000001110111110
1111011100101110
0000111101100000
0000111111010010
0000011110111110
1111100000011110
0001000001100010
0000110000000010
0000000010100000
1111011111011110
0001001111000000
0000100010110010
0000100000110000
1111101111001110
0001010000100000
0000110000110000
0000000001000000
1111111111001110
0001001110100010
1110010001010000
0000000001110010
0000000000000010
1111000001010000
1110110001000000
0000010001110010
0000010000000010
1111010001100010
1111000011010000
0000001111010010
0000111111000010
1111000000111110
1111101110100000
0000000000010010
0000011111000000
1111000000000000
1111100000000010
0000001111100000
0000100010110000
1111000000100000
1111010010110000
1111110010000010
0000000001010000
1110110001110000
1111010011110000
0000010000100000
0000011111010010
1111010001000000
1111000010100000
1111110001010010
0000010001100000
1111001111000000
1111100001000100
1111110001010010
1110101111100000
0000100000110010
0000000000010010
0000010001010010
1111001111010000
0001000000110010
0000010010110010
0000011111000000
1111101110100000
0001000000110010
0001001110000100
0000100000010000
1111101110101110
0001011111100010
0001001111100100
0000111111000000
1111110010011110
0001100000010010
0000110010010010
0000100001110000
1111100000101110
0001100001010010
0001000011000010
0001100000010000
0000011110011110
0010010000110010
0001010010000010
0001000001000000
0000100000110000
0010001110100010
1110100000100010
0001001110100100
0000011111000010
1111111111010010
1111111110000010
0000110000100010
0000100000100010
1111110000000000
1111111111010000
0000111100100010
0001001111000000
1111101111100000
1111111110010000
0000111101010010
0000111101110000
1111111101100000
0000001110110000
0000100000010000
0001000000110010
1111100001100000
0000001110010000
0000100000110000
0000111110110000
1111101110110010
1111110000010000
0001000000100010
0000111101010010
0000001111100000
1111100001000000
0000101111010000
0001001111000010
1111111110110010
1110010001100010
1111000000000010
1101110000000000
0000000000110010
1111101110110100
1111010001110010
1101110001100000
0000100001100100
1111110000100010
1111101110000000
1110100000011110
0000100001000010
1111111111010000
1111111110110000
1110101111010000
0000111111010010
0000010000000010
1111110001110000
1111010001110000
0000110010110010
0000101111110100
0000000010100000
1111001111111110
0001000000010010
0000100001010100
0000100010000000
1111011110011110
0001100000110010
0000100010000010
0000100000110000
1111110000101110
0001100000010010
1110010011000010
0000110000010100
0000011111010010
1111100001000010
1111101111000000
0000100001000010
0000011110100010
1111100000010000
1111100001110000
0000101100110010
0000011110110000
1111010000100000
1111111110110010
0000101110100010
0000001110110010
1111101111000000
1111100001000000
0000100000000010
0000110010010000
1111100010000000
0000000001000000
0000111111000010
0000010000110010
1111101111010000
1111000001100000
0000110001100000
0000001101110000
1111110000110000
1110110010110000
0000100000010000
0000000000110000
0000001111100000
1110110001000010
1111111111010010
1110101110010000
0000110000010100
0000001110010010
1111110000010010
1110101101110000
0001001111100100
0000010000110010
0000011100010010
1111011101110000
0000100000000010
0000111101110010
0000101101110000
1111001110010000
0001001110100010
0000100000100010
0000111111100000
0000000001010000
0001110001010010
0001010000010010
0001011110100000
1111100000000000
0010001110100010
0001000000110010
0001010000110000
0000001101000000
0010001111110010
0001000010010010
0001101111100000
0000100000000000
0010101111010010
1111111111100000
1111111111011101
1111111111100010
1111111111011001
1111111111100000
1111111111011100
1111111111100000
1111111111011010
1111111111100011
1111111111011110
1111111111100001
1111111111011010
1111111111100001
1111111111011110
1111111111100010
1111111111010111
1111111111100011
1111111111011111
1111111111011110
1111111111011000
1111111111100111
1111111111011011
1111111111100100
1111111111010111
1111111111100110
1111111111011100
1111111111100110
1111111111010111
1111111111100011
1111111111011001
1111111111100110
1111111111010010
1111111111011000
1111111111010111
1111111111010000
1111111111011011
1111111111011000
1111111111010110
1111111111010100
1111111111011000
1111111111011010
1111111111011000
1111111111010100
1111111111010101
1111111111011010
1111111111010101
1111111111010010
1111111111011000
1111111111011110
1111111111010101
1111111111010101
1111111111011000
1111111111011111
1111111111010111
1111111111010101
1111111111011001
1111111111100001
1111111111011001
1111111111011001
1111111111011000
1111111111100000
1111111111010101
1111111111010110
1111111111010011
1111111111011111
1111111111011011
1111111111100000
1111111111011001
1111111111011101
1111111111011100
1111111111100001
1111111111011000
1111111111100011
1111111111011100
1111111111100000
1111111111011000
1111111111100000
1111111111011101
1111111111011111
1111111111010111
1111111111100101
1111111111011100
1111111111100010
1111111111010111
1111111111100100
1111111111011011
1111111111100011
1111111111010111
1111111111100111
1111111111011100
1111111111100110
1111111111010111
1111111111100100
1111111111011100
1111111111100111
1111111111010001
1111111111010111
1111111111011000
1111111111010001
1111111111010111
1111111111010111
1111111111010100
1111111111010011
1111111111011001
1111111111011100
1111111111010101
1111111111010001
1111111111011000
1111111111011010
1111111111010111
1111111111010100
1111111111011000
1111111111011101
1111111111010011
1111111111010110
1111111111010111
1111111111011111
1111111111010101
1111111111010100
1111111111011001
1111111111100011
1111111111010110
1111111111010110
1111111111011001
1111111111011111
1111111111010111
1111111111011010
1111111111010000
1111111111011111
1111111111011110
1111111111011110
1111111111010111
1111111111100010
1111111111011110
1111111111100010
1111111111011010
1111111111100011
1111111111011110
1111111111011111
1111111111011000
1111111111100010
1111111111011101
1111111111100001
1111111111011000
1111111111100111
1111111111011101
1111111111100101
1111111111011010
1111111111100101
1111111111011100
1111111111100011
1111111111010110
1111111111100111
1111111111011101
1111111111100101
1111111111010111
1111111111100110
1111111111011100
1111111111101000
1111111111010010
1111111111011001
1111111111010101
1111111111010000
1111111111010111
1111111111011001
1111111111010101
1111111111010100
1111111111011000
1111111111011011
1111111111010101
1111111111010011
1111111111010111
1111111111011111
1111111111011000
1111111111010010
1111111111010111
1111111111011111
1111111111010110
1111111111010101
1111111111011000
1111111111011110
1111111111010110
1111111111011000
1111111111011000
1111111111100001
1111111111010111
1111111111010110
1111111111010101
1111111111011110
1111111111011000
1111111111011010
1111111111010100
1111111111011111
1111111111011100
1111111111011111
1111111111011000
1111111111100000
1111111111011100
1111111111100000
1111111111011010
1111111111011111
1111111111011100
1111111111100011
1111111111011000
1111111111100000
1111111111011110
1111111111100000
1111111111011000
1111111111100100
1111111111011100
1111111111100000
1111111111011000
1111111111100011
1111111111011101
1111111111100100
1111111111011000
1111111111100111
1111111111011101
1111111111100011
1111111111011001
1111111111101001
1111111111011101
1111111111101000
1111111111010100
1111111111010110
1111111111010100
1111111111001111
1111111111010101
1111111111010101
1111111111010100
1111111111001111
1111111111011000
1111111111011001
1111111111010101
1111111111010100
1111111111011000
1111111111011011
1111111111010110
1111111111010010
1111111111010110
1111111111011100
1111111111010111
1111111111010010
1111111111010111
1111111111011111
1111111111010110
1111111111010101
1111111111010101
1111111111100001
1111111111011001
1111111111010111
1111111111010101
1111111111100000
1111111111011000
1111111111011011
1111111111010011
1111111111011110
1111111111011100
1111111111011110
1111111111011000
1111111111011110
1111111111011101
1111111111100001
1111111111011000
1111111111011110
1111111111011010
1111111111011111
1111111111010111
1111111111011101
1111111111011101
1111111111100011
1111111111011000
1111111111100011
1111111111011101
1111111111100011
1111111111010111
1111111111100101
1111111111011101
1111111111100011
1111111111011000
1111111111101011
1111111111011100
1111111111100100
1111111111010110
1111111111100110
1111111111011011
1111111111101001
1111111111010011
1111111111010101
1111111111010010
1111111111001110
1111111111010111
1111111111010110
1111111111010011
1111111111010010
1111111111010111
1111111111010110
1111111111010101
1111111111010000
1111111111010110
1111111111010111
1111111111010101
1111111111010001
1111111111010111
1111111111011100
1111111111010111
1111111111010011
1111111111011001
1111111111011011
1111111111010111
1111111111010101
1111111111011000
1111111111100000
1111111111010110
1111111111010100
1111111111011000
1111111111100010
1111111111010111
1111111111011000
1111111111010100
1111111111100010
1111111111011010
1111111111011110
1111111111011011
1111111111011101
1111111111011101
1111111111011111
1111111111011000
1111111111100011
1111111111011111
1111111111011101
1111111111011000
1111111111100011
1111111111011011
1111111111100000
1111111111011000
1111111111100101
1111111111011110
1111111111100001
1111111111011001
1111111111100110
1111111111011011
1111111111100011
1111111111010111
1111111111100110
1111111111011110
1111111111100100
1111111111011001
1111111111100111
1111111111011110
1111111111100111
1111111111010100
1111111111011001
1111111111010010
1111111111001101
1111111111010100
1111111111010110
1111111111010100
1111111111001100
1111111111010101
1111111111011010
1111111111010100
1111111111010010
1111111111010010
1111111111011010
1111111111010101
1111111111010000
1111111111010101
1111111111011111
1111111111010010
1111111111010100
1111111111011001
1111111111011101
1111111111010100
1111111111010101
1111111111010110
1111111111011110
1111111111010110
1111111111010110
1111111111010110
1111111111100010
1111111111010100
1111111111011000
1111111111010010
1111111111011011
1111111111011101
1111111111011101
1111111111011001
1111111111011101
1111111111011011
1111111111011101
1111111111011010
1111111111100000
1111111111011101
1111111111100001
1111111111011000
1111111111011110
1111111111011110
1111111111100001
1111111111011000
1111111111100001
1111111111011100
1111111111100000
1111111111011010
1111111111100110
1111111111011110
1111111111100101
1111111111010111
1111111111101000
1111111111011101
1111111111100100
1111111111011010
1111111111100111
1111111111011100
1111111111101000
1111111111010101
1111111111010001
1111111111001110
1111111111001001
1111111111010010
1111111111010100
1111111111010010
1111111111001100
1111111111010010
1111111111010110
1111111111010011
1111111111001110
1111111111010101
1111111111010111
1111111111010011
1111111111010000
1111111111010100
1111111111011001
1111111111010100
1111111111010001
1111111111010110
1111111111011101
1111111111011000
1111111111010100
1111111111010110
1111111111100000
1111111111010110
1111111111010100
1111111111011001
1111111111011001
1111111111010110
1111111111010110
1111111111010001
1111111111011011
1111111111011011
1111111111011011
1111111111010111
1111111111011010
1111111111011110
1111111111011011
1111111111010110
1111111111011101
1111111111011011
1111111111011100
1111111111010111
1111111111011110
1111111111011100
1111111111011111
1111111111010111
1111111111100010
1111111111011110
1111111111100000
1111111111011000
1111111111100100
1111111111011110
1111111111100001
1111111111010111
1111111111101000
1111111111011111
1111111111100011
1111111111011001
1111111111100110
1111111111011000
1111111111100111
1111111111010011
1111111111001010
1111111111010000
1111111111001000
1111111111010001
1111111111001111
1111111111010001
1111111111001010
1111111111010000
1111111111010011
1111111111010010
1111111111001100
1111111111010010
1111111111010110
1111111111010000
1111111111001110
1111111111010010
1111111111011000
1111111111010001
1111111111001110
1111111111010010
1111111111011100
1111111111010010
1111111111010010
1111111111010101
1111111111011111
1111111111010011
1111111111010011
1111111111010101
1111111111011001
1111111111010100
1111111111010110
1111111111010000
1111111111011010
1111111111011100
1111111111011010
1111111111010111
1111111111011001
1111111111011100
1111111111011001
1111111111010110
1111111111011101
1111111111011100
1111111111011010
1111111111010111
1111111111011111
1111111111011101
1111111111011101
1111111111010111
1111111111100011
1111111111011100
1111111111011111
1111111111010111
1111111111100100
1111111111011100
1111111111100011
1111111111010111
1111111111100100
1111111111011101
1111111111100010
1111111111010111
1111111111100010
1111111111011011
1111111111100011
1111111111010011
1111111111001100
1111111111001101
1111111111000100
1111111111010000
1111111111001110
1111111111010001
1111111111000110
1111111111001111
1111111111010011
1111111111001110
1111111111001001
1111111111001110
1111111111010100
1111111111001110
1111111111001010
1111111111001111
1111111111011000
1111111111010001
1111111111010000
1111111111001111
1111111111011001
1111111111010001
1111111111001100
1111111111010100
1111111111011011
1111111111010010
1111111111010010
1111111111010101
1111111111011011
1111111111010001
1111111111010011
1111111111001111
1111111111010100
1111111111011010
1111111111011000
1111111111010110
1111111111011000
1111111111011101
1111111111011000
1111111111010101
1111111111011011
1111111111011011
1111111111011100
1111111111010100
1111111111011011
1111111111011101
1111111111011011
1111111111010110
1111111111100000
1111111111011001
1111111111011101
1111111111011000
1111111111011110
1111111111011001
1111111111011111
1111111111010101
1111111111100011
1111111111011101
1111111111100010
1111111111010111
1111111111100010
1111111111011100
1111111111100000
1111111111010010
1111111111000101
1111111111001010
1111111111000001
1111111111001100
1111111111001010
1111111111001011
1111111111000110
1111111111001110
1111111111001010
1111111111001100
1111111111001001
1111111111001110
1111111111010000
1111111111001101
1111111111001010
1111111111001111
1111111111010101
1111111111001111
1111111111001010
1111111111010010
1111111111010011
1111111111001111
1111111111001010
1111111111010000
1111111111011000
1111111111010011
1111111111010001
1111111111010100
1111111111011001
1111111111010010
1111111111010001
1111111111010001
1111111111001111
1111111111011010
1111111111010100
1111111111010110
1111111111010101
1111111111011010
1111111111010110
1111111111010101
1111111111011010
1111111111011001
1111111111011000
1111111111010011
1111111111011001
1111111111011000
1111111111011010
1111111111010111
1111111111100000
1111111111011011
1111111111011101
1111111111010011
1111111111100000
1111111111011001
1111111111011101
1111111111010100
1111111111100011
1111111111011100
1111111111011110
1111111111010111
1111111111011111
1111111111011100
1111111111100000
1111111111010010
1111111111000011
1111111111000101
1111111110111101
1111111111001010
1111111111001001
1111111111001010
1111111111000000
1111111111001010
1111111111001010
1111111111001000
1111111111000000
1111111111001100
1111111111001011
1111111111001010
1111111111000100
1111111111001010
1111111111010010
1111111111001010
1111111111001000
1111111111001111
1111111111010011
1111111111001101
1111111111001001
1111111111010000
1111111111010111
1111111111001100
1111111111001010
1111111111010010
1111111111010111
1111111111001110
1111111111001110
1111111111001110
1111111111001110
1111111111011001
1111111111010100
1111111111010011
1111111111010101
1111111111011100
1111111111010101
1111111111010010
1111111111011000
1111111111011010
1111111111010101
1111111111010011
1111111111011000
1111111111011010
1111111111010100
1111111111010011
1111111111011011
1111111111011000
1111111111011100
1111111111010101
1111111111011111
1111111111011100
1111111111011101
1111111111010100
1111111111011110
1111111111011001
1111111111011010
1111111111010101
1111111111011111
1111111111011100
1111111111011100
1111111111010010
1111111110111010
1111111110111110
1111111110110110
1111111111000001
1111111110111110
1111111110111110
1111111110111001
1111111111000000
1111111111000010
1111111111000000
1111111110111001
1111111110111110
1111111111000100
1111111111000001
1111111110111011
1111111111000001
1111111111000111
1111111111000000
1111111111000010
1111111111000111
1111111111001011
1111111111000101
1111111111000000
1111111111001000
1111111111001111
1111111111000101
1111111111000010
1111111111000111
1111111111001011
1111111111000101
1111111111001000
1111111111000100
0100110010001011
0001100100010111
0111111111111111
0001100100010111
0111111111111111
0001100100010110
0111111111111111
0001100100010110
1111111111001110
1100111100000001
0001011101000001
1101100000010001
1111111111111011
0000000000000111
1111111111111110
1111111111111111
0001011011000000
0000001110000111
0000001000111111
0111111111111111
0001011010111111
0000001110000111
0000001000111111
0111111111111111
0000000000000011
0000000000000011
0000000000000011
0000000000000011
0000000000000011
0000000000000011
0000000000000011
0000000000000011
0000011001000101
0111111111111111
0001100100010111
0111111111111111
0001100100010111
0111111111111111
0001100100010110
0111111111111111
1111111111001111
1111010100111010
1101000001001000
1101100010010000
0000000000001000
1111111111111100
1111111111111100
0000000000000000
0000000011010111
0000000001101010
0010010101010011
0000000000110111
0000000011010111
0000000001101010
0010010101010011
0000000000110111
0000000000000011
0000000000000011
0000000000000011
0000000000000011
0000000000000011
0000000000000011
0000000000000011
0000000000000011
0000000010111011
0110100110011111
0000000000000000
0010000001100001
0000000000000100
0000001100100000
0000001111100000
0001100100101001
1110111000010101
0000000110001001
0000010010011001
0000000000000000
0001100100000001
0000000000000000
0001000000000000
1011111000110011
0100001000010000
1111111111010010
0000001000000010
0000001000000010
0000001000000010
1111000111110001
1101000111100001
1010000011010000
1111111011111111
1111111100000000
1111111100000001
1111000000000001
1111000000000011
1111000100000011
1110000111110100
1100000111110011
1000100010010101
0011100000111100
1110110110101001
0010000100001111
0011001100110011
0011001100110011
0000000000100010
1100110011101111
1101110111001011
0000000011111111
0010001000100001
0011001100110011
0010001000110011
0001000100100010
1110111100000000
1011101111011101
0001011100110001
0010111110100010
0010100101010101
1010010010000001
0100010000110011
1111100111001010
0101110101011010
0101000001010100
0010001101100011
1111100010110000
0001011111000111
0000010001000010
1111011000000000
1100010111001100
1001011110110001
0010011001101001
0000101110100010
0000011110100000
0001111101000000
1111001111101110
0000001111001110
1111110001010000
0001000000011110
1111010000011110
0000000010101110
1111100000000000
0001100000100000
1111000001111110
0000000000001100
1111100011001110
0000110001111110
1111000000111110
1111110010100010
1111100001100000
0000110100110000
1110110010111110
1111110001000000
1111010001011110
0000010001011110
1110111111101110
1111010010010000
1111100000100000
0000101111010000
1110110000100000
1111000001111110
1110110001010010
0000110001000010
1110001111110000
0001011110010010
0000011110100000
0000001100111110
0001001111110000
0000101110110010
0000000001000000
1111100000001110
0001000000011110
0000100010010000
0000000000001110
1111110000010000
0000110001100000
0000100000010010
1111110011001110
1111010001101110
0000110000110000
0000100010010010
1111110001101110
1111100100111100
0000110010100000
0000110000110100
1111110001001110
1111010001001100
0000111111110000
0000010001110010
0000000000101110
1111101111001110
0001000000010010
0000010001100000
1111100001001110
1111100000111110
0000011111110000
0000001110000000
0000001100100000
0001011101100000
1110111110111110
1111111110001110
1111110000000010
0001001110010000
1111001110011110
1111110001101110
1111101111010000
0001000000000000
1110111111101110
1111110000101100
1111100000110000
0000100000100000
1110111111000000
1111010010110000
1111010010101110
0001000001110000
1110100011111110
1111100001010000
1111000001100000
0000010001100000
1110011111001110
1111100000000000
1111010001000000
0000101110010000
1110100000111110
1111000000101110
1111001111110000
0000111111000000
1110001110100000
0000111101100010
0000011100000000
1111111101001110
0001001110010010
0000101101110010
1111111111111100
1111101101111110
0001001110010000
0000100001000000
1111111111001110
1111101111101110
0000111111001110
0000100000010010
1111110000101110
1111010000001100
0000111110110000
0000010010001110
1111110010011110
1111110001011100
0000100011100000
0000100000110000
1111110001011110
1111000001001100
0000111110110000
0000101111101110
0000000001001100
1111101101101110
0000110000010000
0000001111110000
1111111111011110
1111101110111110
0000011110100000
0000111110010000
0000001101100000
0001001110010000
1110110000000000
0000101111101110
1111110000010000
0001001111100000
1111000000100000
0000010010011110
1111101110111110
0001000000110000
1110110001111110
0000010000010000
1111100011001110
0000010010011110
1110110000011100
0000000010000000
1111100000111110
0001000010011110
1110100011111110
1111110010110000
1111100001100000
0000100001000000
1110100010111110
1111100001110000
1111100001100000
0000101111001110
1110100010011110
1111010000111110
1111011110000000
0000110000110000
1110101110110010
0001011101110010
0000001101001110
1111011101111110
0000111111100010
0000111110110010
0000001111010000
1111101110111110
0000111111110000
0000110001100010
1111111110001110
1111101111101110
0000110000100000
0000111111010000
1111110010001110
1111000001001100
0000111111010000
0000110000110010
0000001111111110
1111110001001110
0000110010110000
0000100001110010
1111110000101100
1111010000011110
0000100010000000
0000100001000010
0000000001001110
1111011110011110
0000110001010000
0000011111110000
1111111101010000
1111100000001110
0000011110010000
0000001111100000
0000001110110000
0001001111100010
1111001111111110
1111111111110000
1111110001100010
0000110001101110
1111000000010000
1111110011000000
1111100000010000
0001011111010000
1110110001111110
1111111111101110
1111100001010000
0000111111101110
1110110000111110
1111010001111110
1111100001010000
0000110100000000
1110100010011110
1111010011101110
1111010010101110
0000100000010000
1110100001101110
1111100011101110
1111100010010000
0000101111001110
1110110000101110
1111100001000000
1111011111110000
0000110001010010
1110011110100000
0000101110100100
1111101110011110
1111011110011110
0000101110100010
0000011110100010
1111110000010000
1110110000011100
0000101111100000
0000010001100010
1111101110110000
1111101101101110
0000100000010000
0000101110010000
1111100000001110
1111001110011110
0000101111100000
0000000000010000
1111110000001110
1111010010101100
0000100000110000
0000000010000000
1111100001011110
1111001110111010
0000100000010000
0000000010000010
0000000001011110
1111011101111100
0000111111110000
0000010000010000
1111101111101110
1111010000011110
0000011101110010
1111101110100010
0000001110000010
0001001101110000
1110111111000000
1111111110010000
1111110001010000
0001001101110000
1111000000001110
1111100000101110
1111101101100000
0001001110011110
1110110000000000
1111101111011110
1111101111000000
0000111100100000
1110111100111110
1111100000000000
1111101111000000
0000110000010000
1110111111101110
1111010001011110
1111010000011110
0000010000000000
1110101110110000
1111110000000000
1111100000110000
0000101101110000
1110110001010000
1111101110111110
1111011110110000
0000111111000010
1110011110010010
1111111111010010
1111011110111110
1111001110011110
0000001111100000
0000001110110010
1111010010000000
1111001110101110
0000010001000000
1111110001000000
1111011110100000
1111001110111110
0000010000100000
0000001111110000
1111101111101110
1111001101001110
0000101101100000
1111110000100000
1111101111101110
1111010000101100
0000100000010000
1111110001110000
1111100001001110
1110110000101110
0000011111100000
0000100000100100
1111100001111110
1111001110111110
0000100010000000
0000011111100010
1111011111110000
1111011111111110
0000011111000010
0000111110010010
0000011101110000
0001001101110000
1111000000110000
0000011110110000
1111110001010000
0000110000000000
1111000001000000
0000010000010010
1111111110011110
0000111110001110
1111001110000000
0000011110010010
1111111111010000
0000011111000000
1110111110011110
0000000000010000
1111100000110000
0001001111110000
1110110000110000
1111110000110010
1111100010000000
0000010001110000
1110100000010000
1111010011100000
1111110000110000
0000011111111110
1110110010011110
1110110010111110
1111000001000000
0000101111110000
1110011110100000
0000101110110100
1111011110000000
1110111110011110
0000000001010000
0000011111010010
1111000010001110
1110100000011110
0000000001100000
0000100000010010
1111011110111110
1111001110011110
0000011110110000
0000101110000010
1111011111111110
1110111111001100
0000011110111110
0000010000010010
1111010001001110
1111000000101110
0000010001100000
0000000001010100
1111010011001110
1110100001111110
0000010000110010
1111110100000010
1111100001100000
1110110000001110
0000010010010000
1111100011010000
1111000001001110
1111000000011110
1111111111000000
0000010000100010
0001001110100010
0001101111110000
1111110001100000
0000101111001110
0000110010011110
0001101111110000
0000001111110000
0000100000110000
0000100000010000
0001111101010000
1111110000111110
0000100000001110
0000100001101110
0001101101110000
1111111111001110
0000010000010000
0000100000100010
0001100010010000
1111010010101110
0000100000000000
0000100000110010
0001011110000000
1111010001011110
0000000010110000
0000100010110000
0001011111010000
1111110010000000
0000000011100000
0000000001000000
0001101111110000
1111101110110010
0000000000100010
1111101111000000
1111001111111110
0000010010000010
0000011111010010
1111110010010000
1111001111101110
0000110000000010
0000010001000010
1111100000100000
1111101101011110
0000110000110000
0000010000000000
1111110001110000
1111011101101110
0000111111000000
0000010000010010
1111110000111110
1111010010101110
0000110011010010
0000100000010010
0000000001001110
1111011110011110
0000100001100000
0000100010010010
0000010011001110
1111101111011110
0001000010100000
0000010011010000
0000000001010000
1111110000001110
0000111111010000
1111100000110000
0001001101100100
0001011101100010
1111111111010000
0000000000100000
0000100001010000
0001000000000010
1111100001100000
0000000000010000
0000011110010000
0001101101100000
1111100000001110
0000011111010000
0000101110010010
0001011100110000
1111101111010000
0000011110010010
0000011111110000
0001010001000000
1111010000111110
0000011111100000
0000011111010000
0000110001000000
1111010000010000
0000010001000000
0000100001100000
0001001111010010
1111100001000000
1111110001110000
0000000000100010
0001011111000010
1111011110010000
1110110000110010
1111011101100000
1110101101100000
1111111111010010
1111010000100010
1111000001100000
1110011111101110
0000010001010010
1111110000000000
1111011110010000
1111001101001110
0000000000010000
0000001111000000
1111101110100000
1110111100101110
0000011111000010
0000011110000010
1111101111111110
1111000000111110
0000100000100010
0000011111010010
1111101111000000
1110100000111110
0000100000010000
0000100000100010
0000000001100000
1111001110110000
0000110000110000
0000010001010010
1111100000101110
1111011111001110
0000101110110000
0000011111110010
0000111111000010
0001001111000010
1111100000000000
1111111111010000
0000100000000010
0000101111010010
1111100000100000
0000010000000000
0000011110000010
0000111101010000
1111101110100000
0000101100110010
0000011111000010
0000101100110000
1111011110001110
0000011111100000
0000011111000000
0001000000110000
1111000001110000
0000000000100000
1111110010100000
0000101111110000
1111001111010000
1111010011011110
0000010001000000
0000011111100000
1111010001000000
1111010001011110
1111110001010000
0000101111010010
1111001110110010
0000001111010100
1111111111000010
1110101110010000
0000101111110010
0000001110110010
1111111111100000
1110111111001110
0000100000010010
0000111111110010
1111111110001110
1111101100111110
0000111110010010
0001001100010100
0000001110111110
1111011100101110
0000111101100000
0000111111010010
0000011110111110
1111100000011110
0001000001100010
0000110000000010
0000000010100000
1111011111011110
0001001111000000
0000100010110010
0000100000110000
1111101111001110
0001010000100000
0000110000110000
0000000001000000
1111111111001110
0001001110100010
1110010001010000
0000000001110010
0000000000000010
1111000001010000
1110110001000000
0000010001110010
0000010000000010
1111010001100010
1111000011010000
0000001111010010
0000111111000010
1111000000111110
1111101110100000
0000000000010010
0000011111000000
1111000000000000
1111100000000010
0000001111100000
0000100010110000
1111000000100000
1111010010110000
1111110010000010
0000000001010000
1110110001110000
1111010011110000
0000010000100000
0000011111010010
1111010001000000
1111000010100000
1111110001010010
0000010001100000
1111001111000000
1111100001000100
1111110001010010
1110101111100000
0000100000110010
0000000000010010
0000010001010010
1111001111010000
0001000000110010
0000010010110010
0000011111000000
1111101110100000
0001000000110010
0001001110000100
0000100000010000
1111101110101110
0001011111100010
0001001111100100
0000111111000000
1111110010011110
0001100000010010
0000110010010010
0000100001110000
1111100000101110
0001100001010010
0001000011000010
0001100000010000
0000011110011110
0010010000110010
0001010010000010
0001000001000000
0000100000110000
0010001110100010
1110100000100010
0001001110100100
0000011111000010
1111111111010010
1111111110000010
0000110000100010
0000100000100010
1111110000000000
1111111111010000
0000111100100010
0001001111000000
1111101111100000
1111111110010000
0000111101010010
0000111101110000
1111111101100000
0000001110110000
0000100000010000
0001000000110010
1111100001100000
0000001110010000
0000100000110000
0000111110110000
1111101110110010
1111110000010000
0001000000100010
0000111101010010
0000001111100000
1111100001000000
0000101111010000
0001001111000010
1111111110110010
1110010001100010
1111000000000010
1101110000000000
0000000000110010
1111101110110100
1111010001110010
1101110001100000
0000100001100100
1111110000100010
1111101110000000
1110100000011110
0000100001000010
1111111111010000
1111111110110000
1110101111010000
0000111111010010
0000010000000010
1111110001110000
1111010001110000
0000110010110010
0000101111110100
0000000010100000
1111001111111110
0001000000010010
0000100001010100
0000100010000000
1111011110011110
0001100000110010
0000100010000010
0000100000110000
1111110000101110
0001100000010010
1110010011000010
0000110000010100
0000011111010010
1111100001000010
1111101111000000
0000100001000010
0000011110100010
1111100000010000
1111100001110000
0000101100110010
0000011110110000
1111010000100000
1111111110110010
0000101110100010
0000001110110010
1111101111000000
1111100001000000
0000100000000010
0000110010010000
1111100010000000
0000000001000000
0000111111000010
0000010000110010
1111101111010000
1111000001100000
0000110001100000
0000001101110000
1111110000110000
1110110010110000
0000100000010000
0000000000110000
0000001111100000
1110110001000010
1111111111010010
1110101110010000
0000110000010100
0000001110010010
1111110000010010
1110101101110000
0001001111100100
0000010000110010
0000011100010010
1111011101110000
0000100000000010
0000111101110010
0000101101110000
1111001110010000
0001001110100010
0000100000100010
0000111111100000
0000000001010000
0001110001010010
0001010000010010
0001011110100000
1111100000000000
0010001110100010
0001000000110010
0001010000110000
0000001101000000
0010001111110010
0001000010010010
0001101111100000
0000100000000000
0010101111010010
1111111111100000
1111111111011101
1111111111100010
1111111111011001
1111111111100000
1111111111011100
1111111111100000
1111111111011010
1111111111100011
1111111111011110
1111111111100001
1111111111011010
1111111111100001
1111111111011110
1111111111100010
1111111111010111
1111111111100011
1111111111011111
1111111111011110
1111111111011000
1111111111100111
1111111111011011
1111111111100100
1111111111010111
1111111111100110
1111111111011100
1111111111100110
1111111111010111
1111111111100011
1111111111011001
1111111111100110
1111111111010010
1111111111011000
1111111111010111
1111111111010000
1111111111011011
1111111111011000
1111111111010110
1111111111010100
1111111111011000
1111111111011010
1111111111011000
1111111111010100
1111111111010101
1111111111011010
1111111111010101
1111111111010010
1111111111011000
1111111111011110
1111111111010101
1111111111010101
1111111111011000
1111111111011111
1111111111010111
1111111111010101
1111111111011001
1111111111100001
1111111111011001
1111111111011001
1111111111011000
1111111111100000
1111111111010101
1111111111010110
1111111111010011
1111111111011111
1111111111011011
1111111111100000
1111111111011001
1111111111011101
1111111111011100
1111111111100001
1111111111011000
1111111111100011
1111111111011100
1111111111100000
1111111111011000
1111111111100000
1111111111011101
1111111111011111
1111111111010111
1111111111100101
1111111111011100
1111111111100010
1111111111010111
1111111111100100
1111111111011011
1111111111100011
1111111111010111
1111111111100111
1111111111011100
1111111111100110
1111111111010111
1111111111100100
1111111111011100
1111111111100111
1111111111010001
1111111111010111
1111111111011000
1111111111010001
1111111111010111
1111111111010111
1111111111010100
1111111111010011
1111111111011001
1111111111011100
1111111111010101
1111111111010001
1111111111011000
1111111111011010
1111111111010111
1111111111010100
1111111111011000
1111111111011101
1111111111010011
1111111111010110
1111111111010111
1111111111011111
1111111111010101
1111111111010100
1111111111011001
1111111111100011
1111111111010110
1111111111010110
1111111111011001
1111111111011111
1111111111010111
1111111111011010
1111111111010000
1111111111011111
1111111111011110
1111111111011110
1111111111010111
1111111111100010
1111111111011110
1111111111100010
1111111111011010
1111111111100011
1111111111011110
1111111111011111
1111111111011000
1111111111100010
1111111111011101
1111111111100001
1111111111011000
1111111111100111
1111111111011101
1111111111100101
1111111111011010
1111111111100101
1111111111011100
1111111111100011
1111111111010110
1111111111100111
1111111111011101
1111111111100101
1111111111010111
1111111111100110
1111111111011100
1111111111101000
1111111111010010
1111111111011001
1111111111010101
1111111111010000
1111111111010111
1111111111011001
1111111111010101
1111111111010100
1111111111011000
1111111111011011
1111111111010101
1111111111010011
1111111111010111
1111111111011111
1111111111011000
1111111111010010
1111111111010111
1111111111011111
1111111111010110
1111111111010101
1111111111011000
1111111111011110
1111111111010110
1111111111011000
1111111111011000
1111111111100001
1111111111010111
1111111111010110
1111111111010101
1111111111011110
1111111111011000
1111111111011010
1111111111010100
1111111111011111
1111111111011100
1111111111011111
1111111111011000
1111111111100000
1111111111011100
1111111111100000
1111111111011010
1111111111011111
1111111111011100
1111111111100011
1111111111011000
1111111111100000
1111111111011110
1111111111100000
1111111111011000
1111111111100100
1111111111011100
1111111111100000
1111111111011000
1111111111100011
1111111111011101
1111111111100100
1111111111011000
1111111111100111
1111111111011101
1111111111100011
1111111111011001
1111111111101001
1111111111011101
1111111111101000
1111111111010100
1111111111010110
1111111111010100
1111111111001111
1111111111010101
1111111111010101
1111111111010100
1111111111001111
1111111111011000
1111111111011001
1111111111010101
1111111111010100
1111111111011000
1111111111011011
1111111111010110
1111111111010010
1111111111010110
1111111111011100
1111111111010111
1111111111010010
1111111111010111
1111111111011111
1111111111010110
1111111111010101
1111111111010101
1111111111100001
1111111111011001
1111111111010111
1111111111010101
1111111111100000
1111111111011000
1111111111011011
1111111111010011
1111111111011110
1111111111011100
1111111111011110
1111111111011000
1111111111011110
1111111111011101
1111111111100001
1111111111011000
1111111111011110
1111111111011010
1111111111011111
1111111111010111
1111111111011101
1111111111011101
1111111111100011
1111111111011000
1111111111100011
1111111111011101
1111111111100011
1111111111010111
1111111111100101
1111111111011101
1111111111100011
1111111111011000
1111111111101011
1111111111011100
1111111111100100
1111111111010110
1111111111100110
1111111111011011
1111111111101001
1111111111010011
1111111111010101
1111111111010010
1111111111001110
1111111111010111
1111111111010110
1111111111010011
1111111111010010
1111111111010111
1111111111010110
1111111111010101
1111111111010000
1111111111010110
1111111111010111
1111111111010101
1111111111010001
1111111111010111
1111111111011100
1111111111010111
1111111111010011
1111111111011001
1111111111011011
1111111111010111
1111111111010101
1111111111011000
1111111111100000
1111111111010110
1111111111010100
1111111111011000
1111111111100010
1111111111010111
1111111111011000
1111111111010100
1111111111100010
1111111111011010
1111111111011110
1111111111011011
1111111111011101
1111111111011101
1111111111011111
1111111111011000
1111111111100011
1111111111011111
1111111111011101
1111111111011000
1111111111100011
1111111111011011
1111111111100000
1111111111011000
1111111111100101
1111111111011110
1111111111100001
1111111111011001
1111111111100110
1111111111011011
1111111111100011
1111111111010111
1111111111100110
1111111111011110
1111111111100100
1111111111011001
1111111111100111
1111111111011110
1111111111100111
1111111111010100
1111111111011001
1111111111010010
1111111111001101
1111111111010100
1111111111010110
1111111111010100
1111111111001100
1111111111010101
1111111111011010
1111111111010100
1111111111010010
1111111111010010
1111111111011010
1111111111010101
1111111111010000
1111111111010101
1111111111011111
1111111111010010
1111111111010100
1111111111011001
1111111111011101
1111111111010100
1111111111010101
1111111111010110
1111111111011110
1111111111010110
1111111111010110
1111111111010110
1111111111100010
1111111111010100
1111111111011000
1111111111010010
1111111111011011
1111111111011101
1111111111011101
1111111111011001
1111111111011101
1111111111011011
1111111111011101
1111111111011010
1111111111100000
1111111111011101
1111111111100001
1111111111011000
1111111111011110
1111111111011110
1111111111100001
1111111111011000
1111111111100001
1111111111011100
1111111111100000
1111111111011010
1111111111100110
1111111111011110
1111111111100101
1111111111010111
1111111111101000
1111111111011101
1111111111100100
1111111111011010
1111111111100111
1111111111011100
1111111111101000
1111111111010101
1111111111010001
1111111111001110
1111111111001001
1111111111010010
1111111111010100
1111111111010010
1111111111001100
1111111111010010
1111111111010110
1111111111010011
1111111111001110
1111111111010101
1111111111010111
1111111111010011
1111111111010000
1111111111010100
1111111111011001
1111111111010100
1111111111010001
1111111111010110
1111111111011101
1111111111011000
1111111111010100
1111111111010110
1111111111100000
1111111111010110
1111111111010100
1111111111011001
1111111111011001
1111111111010110
1111111111010110
1111111111010001
1111111111011011
1111111111011011
1111111111011011
1111111111010111
1111111111011010
1111111111011110
1111111111011011
1111111111010110
1111111111011101
1111111111011011
1111111111011100
1111111111010111
1111111111011110
1111111111011100
1111111111011111
1111111111010111
1111111111100010
1111111111011110
1111111111100000
1111111111011000
1111111111100100
1111111111011110
1111111111100001
1111111111010111
1111111111101000
1111111111011111
1111111111100011
1111111111011001
1111111111100110
1111111111011000
1111111111100111
1111111111010011
1111111111001010
1111111111010000
1111111111001000
1111111111010001
1111111111001111
1111111111010001
1111111111001010
1111111111010000
1111111111010011
1111111111010010
1111111111001100
1111111111010010
1111111111010110
1111111111010000
1111111111001110
1111111111010010
1111111111011000
1111111111010001
1111111111001110
1111111111010010
1111111111011100
1111111111010010
1111111111010010
1111111111010101
1111111111011111
1111111111010011
1111111111010011
1111111111010101
1111111111011001
1111111111010100
1111111111010110
1111111111010000
1111111111011010
1111111111011100
1111111111011010
1111111111010111
1111111111011001
1111111111011100
1111111111011001
1111111111010110
1111111111011101
1111111111011100
1111111111011010
1111111111010111
1111111111011111
1111111111011101
1111111111011101
1111111111010111
1111111111100011
1111111111011100
1111111111011111
1111111111010111
1111111111100100
1111111111011100
1111111111100011
1111111111010111
1111111111100100
1111111111011101
1111111111100010
1111111111010111
1111111111100010
1111111111011011
1111111111100011
1111111111010011
1111111111001100
1111111111001101
1111111111000100
1111111111010000
1111111111001110
1111111111010001
1111111111000110
1111111111001111
1111111111010011
1111111111001110
1111111111001001
1111111111001110
1111111111010100
1111111111001110
1111111111001010
1111111111001111
1111111111011000
1111111111010001
1111111111010000
1111111111001111
1111111111011001
1111111111010001
1111111111001100
1111111111010100
1111111111011011
1111111111010010
1111111111010010
1111111111010101
1111111111011011
1111111111010001
1111111111010011
1111111111001111
1111111111010100
1111111111011010
1111111111011000
1111111111010110
1111111111011000
1111111111011101
1111111111011000
1111111111010101
1111111111011011
1111111111011011
1111111111011100
1111111111010100
1111111111011011
1111111111011101
1111111111011011
1111111111010110
1111111111100000
1111111111011001
1111111111011101
1111111111011000
1111111111011110
1111111111011001
1111111111011111
1111111111010101
1111111111100011
1111111111011101
1111111111100010
1111111111010111
1111111111100010
1111111111011100
1111111111100000
1111111111010010
1111111111000101
1111111111001010
1111111111000001
1111111111001100
1111111111001010
1111111111001011
1111111111000110
1111111111001110
1111111111001010
1111111111001100
1111111111001001
1111111111001110
1111111111010000
1111111111001101
1111111111001010
1111111111001111
1111111111010101
1111111111001111
1111111111001010
1111111111010010
1111111111010011
1111111111001111
1111111111001010
1111111111010000
1111111111011000
1111111111010011
1111111111010001
1111111111010100
1111111111011001
1111111111010010
1111111111010001
1111111111010001
1111111111001111
1111111111011010
1111111111010100
1111111111010110
1111111111010101
1111111111011010
1111111111010110
1111111111010101
1111111111011010
1111111111011001
1111111111011000
1111111111010011
1111111111011001
1111111111011000
1111111111011010
1111111111010111
1111111111100000
1111111111011011
1111111111011101
1111111111010011
1111111111100000
1111111111011001
1111111111011101
1111111111010100
1111111111100011
1111111111011100
1111111111011110
1111111111010111
1111111111011111
1111111111011100
1111111111100000
1111111111010010
1111111111000011
1111111111000101
1111111110111101
1111111111001010
1111111111001001
1111111111001010
1111111111000000
1111111111001010
1111111111001010
1111111111001000
1111111111000000
1111111111001100
1111111111001011
1111111111001010
1111111111000100
1111111111001010
1111111111010010
1111111111001010
1111111111001000
1111111111001111
1111111111010011
1111111111001101
1111111111001001
1111111111010000
1111111111010111
1111111111001100
1111111111001010
1111111111010010
1111111111010111
1111111111001110
1111111111001110
1111111111001110
1111111111001110
1111111111011001
1111111111010100
1111111111010011
1111111111010101
1111111111011100
1111111111010101
1111111111010010
1111111111011000
1111111111011010
1111111111010101
1111111111010011
1111111111011000
1111111111011010
1111111111010100
1111111111010011
1111111111011011
1111111111011000
1111111111011100
1111111111010101
1111111111011111
1111111111011100
1111111111011101
1111111111010100
1111111111011110
1111111111011001
1111111111011010
1111111111010101
1111111111011111
1111111111011100
1111111111011100
1111111111010010
1111111110111010
1111111110111110
1111111110110110
1111111111000001
1111111110111110
1111111110111110
1111111110111001
1111111111000000
1111111111000010
1111111111000000
1111111110111001
1111111110111110
1111111111000100
1111111111000001
1111111110111011
1111111111000001
1111111111000111
1111111111000000
1111111111000010
1111111111000111
1111111111001011
1111111111000101
1111111111000000
1111111111001000
1111111111001111
1111111111000101
1111111111000010
1111111111000111
1111111111001011
1111111111000101
1111111111001000
1111111111000100
0100110010001011
0001100100010111
0111111111111111
0001100100010111
0111111111111111
0001100100010110
0111111111111111
0001100100010110
1111111111001110
1100111100000001
0001011101000001
1101100000010001
1111111111111011
0000000000000111
1111111111111110
1111111111111111
0001011011000000
0000001110000111
0000001000111111
0111111111111111
0001011010111111
0000001110000111
0000001000111111
0111111111111111
0000000000000011
0000000000000011
0000000000000011
0000000000000011
0000000000000011
0000000000000011
0000000000000011
0000000000000011
0000011001000101
0111111111111111
0001100100010111
0111111111111111
0001100100010111
0111111111111111
0001100100010110
0111111111111111
1111111111001111
1111010100111010
1101000001001000
1101100010010000
0000000000001000
1111111111111100
1111111111111100
0000000000000000
0000000011010111
0000000001101010
0010010101010011
0000000000110111
0000000011010111
0000000001101010
0010010101010011
0000000000110111
0000000000000011
0000000000000011
0000000000000011
0000000000000011
0000000000000011
0000000000000011
0000000000000011
0000000000000011
0000000010111011
0110100110011111
0000000000000000
0010000001100001
0000000000000100
0000001100100000
0000001111100000
0001100100101001
1110111000010101
0000000110001001
0000010010011001
0000000000000000
0001100100000001
0000000000000000
0001000000000000
1011111000110011
0100001000010000
1111111111010010
0000001000000010
0000001000000010
0000001000000010
1111000111110001
1101000111100001
1010000011010000
1111111011111111
1111111100000000
1111111100000001
1111000000000001
1111000000000011
1111000100000011
1110000111110100
1100000111110011
1000100010010101
0011100000111100
1110110110101001
0010000100001111
0011001100110011
0011001100110011
0000000000100010
1100110011101111
1101110111001011
0000000011111111
0010001000100001
0011001100110011
0010001000110011
0001000100100010
1110111100000000
1011101111011101
0001011100110001
0010111110100010
0010100101010101
1010010010000001
0100010000110011
1111100111001010
0101110101011010
0101000001010100
0010001101100011
1111100010110000
0001011111000111
0000010001000010
1111011000000000
1100010111001100
1001011110110001
0010011001101001
0000101110100010
0000011110100000
0001111101000000
1111001111101110
0000001111001110
1111110001010000
0001000000011110
1111010000011110
0000000010101110
1111100000000000
0001100000100000
1111000001111110
0000000000001100
1111100011001110
0000110001111110
1111000000111110
1111110010100010
1111100001100000
0000110100110000
1110110010111110
1111110001000000
1111010001011110
0000010001011110
1110111111101110
1111010010010000
1111100000100000
0000101111010000
1110110000100000
1111000001111110
1110110001010010
0000110001000010
1110001111110000
0001011110010010
0000011110100000
0000001100111110
0001001111110000
0000101110110010
0000000001000000
1111100000001110
0001000000011110
0000100010010000
0000000000001110
1111110000010000
0000110001100000
0000100000010010
1111110011001110
1111010001101110
0000110000110000
0000100010010010
1111110001101110
1111100100111100
0000110010100000
0000110000110100
1111110001001110
1111010001001100
0000111111110000
0000010001110010
0000000000101110
1111101111001110
0001000000010010
0000010001100000
1111100001001110
1111100000111110
0000011111110000
0000001110000000
0000001100100000
0001011101100000
1110111110111110
1111111110001110
1111110000000010
0001001110010000
1111001110011110
1111110001101110
1111101111010000
0001000000000000
1110111111101110
1111110000101100
1111100000110000
0000100000100000
1110111111000000
1111010010110000
1111010010101110
0001000001110000
1110100011111110
1111100001010000
1111000001100000
0000010001100000
1110011111001110
1111100000000000
1111010001000000
0000101110010000
1110100000111110
1111000000101110
1111001111110000
0000111111000000
1110001110100000
0000111101100010
0000011100000000
1111111101001110
0001001110010010
0000101101110010
1111111111111100
1111101101111110
0001001110010000
0000100001000000
1111111111001110
1111101111101110
0000111111001110
0000100000010010
1111110000101110
1111010000001100
0000111110110000
0000010010001110
1111110010011110
1111110001011100
0000100011100000
0000100000110000
1111110001011110
1111000001001100
0000111110110000
0000101111101110
0000000001001100
1111101101101110
0000110000010000
0000001111110000
1111111111011110
1111101110111110
0000011110100000
0000111110010000
0000001101100000
0001001110010000
1110110000000000
0000101111101110
1111110000010000
0001001111100000
1111000000100000
0000010010011110
1111101110111110
0001000000110000
1110110001111110
0000010000010000
1111100011001110
0000010010011110
1110110000011100
0000000010000000
1111100000111110
0001000010011110
1110100011111110
1111110010110000
1111100001100000
0000100001000000
1110100010111110
1111100001110000
1111100001100000
0000101111001110
1110100010011110
1111010000111110
1111011110000000
0000110000110000
1110101110110010
0001011101110010
0000001101001110
1111011101111110
0000111111100010
0000111110110010
0000001111010000
1111101110111110
0000111111110000
0000110001100010
1111111110001110
1111101111101110
0000110000100000
0000111111010000
1111110010001110
1111000001001100
0000111111010000
0000110000110010
0000001111111110
1111110001001110
0000110010110000
0000100001110010
1111110000101100
1111010000011110
0000100010000000
0000100001000010
0000000001001110
1111011110011110
0000110001010000
0000011111110000
1111111101010000
1111100000001110
0000011110010000
0000001111100000
0000001110110000
0001001111100010
1111001111111110
1111111111110000
1111110001100010
0000110001101110
1111000000010000
1111110011000000
1111100000010000
0001011111010000
1110110001111110
1111111111101110
1111100001010000
0000111111101110
1110110000111110
1111010001111110
1111100001010000
0000110100000000
1110100010011110
1111010011101110
1111010010101110
0000100000010000
1110100001101110
1111100011101110
1111100010010000
0000101111001110
1110110000101110
1111100001000000
1111011111110000
0000110001010010
1110011110100000
0000101110100100
1111101110011110
1111011110011110
0000101110100010
0000011110100010
1111110000010000
1110110000011100
0000101111100000
0000010001100010
1111101110110000
1111101101101110
0000100000010000
0000101110010000
1111100000001110
1111001110011110
0000101111100000
0000000000010000
1111110000001110
1111010010101100
0000100000110000
0000000010000000
1111100001011110
1111001110111010
0000100000010000
0000000010000010
0000000001011110
1111011101111100
0000111111110000
0000010000010000
1111101111101110
1111010000011110
0000011101110010
1111101110100010
0000001110000010
0001001101110000
1110111111000000
1111111110010000
1111110001010000
0001001101110000
1111000000001110
1111100000101110
1111101101100000
0001001110011110
1110110000000000
1111101111011110
1111101111000000
0000111100100000
1110111100111110
1111100000000000
1111101111000000
0000110000010000
1110111111101110
1111010001011110
1111010000011110
0000010000000000
1110101110110000
1111110000000000
1111100000110000
0000101101110000
1110110001010000
1111101110111110
1111011110110000
0000111111000010
1110011110010010
1111111111010010
1111011110111110
1111001110011110
0000001111100000
0000001110110010
1111010010000000
1111001110101110
0000010001000000
1111110001000000
1111011110100000
1111001110111110
0000010000100000
0000001111110000
1111101111101110
1111001101001110
0000101101100000
1111110000100000
1111101111101110
1111010000101100
0000100000010000
1111110001110000
1111100001001110
1110110000101110
0000011111100000
0000100000100100
1111100001111110
1111001110111110
0000100010000000
0000011111100010
1111011111110000
1111011111111110
0000011111000010
0000111110010010
0000011101110000
0001001101110000
1111000000110000
0000011110110000
1111110001010000
0000110000000000
1111000001000000
0000010000010010
1111111110011110
0000111110001110
1111001110000000
0000011110010010
1111111111010000
0000011111000000
1110111110011110
0000000000010000
1111100000110000
0001001111110000
1110110000110000
1111110000110010
1111100010000000
0000010001110000
1110100000010000
1111010011100000
1111110000110000
0000011111111110
1110110010011110
1110110010111110
1111000001000000
0000101111110000
1110011110100000
0000101110110100
1111011110000000
1110111110011110
0000000001010000
0000011111010010
1111000010001110
1110100000011110
0000000001100000
0000100000010010
1111011110111110
1111001110011110
0000011110110000
0000101110000010
1111011111111110
1110111111001100
0000011110111110
0000010000010010
1111010001001110
1111000000101110
0000010001100000
0000000001010100
1111010011001110
1110100001111110
0000010000110010
1111110100000010
1111100001100000
1110110000001110
0000010010010000
1111100011010000
1111000001001110
1111000000011110
1111111111000000
0000010000100010
0001001110100010
0001101111110000
1111110001100000
0000101111001110
0000110010011110
0001101111110000
0000001111110000
0000100000110000
0000100000010000
0001111101010000
1111110000111110
0000100000001110
0000100001101110
0001101101110000
1111111111001110
0000010000010000
0000100000100010
0001100010010000
1111010010101110
0000100000000000
0000100000110010
0001011110000000
1111010001011110
0000000010110000
0000100010110000
0001011111010000
1111110010000000
0000000011100000
0000000001000000
0001101111110000
1111101110110010
0000000000100010
1111101111000000
1111001111111110
0000010010000010
0000011111010010
1111110010010000
1111001111101110
0000110000000010
0000010001000010
1111100000100000
1111101101011110
0000110000110000
0000010000000000
1111110001110000
1111011101101110
0000111111000000
0000010000010010
1111110000111110
1111010010101110
0000110011010010
0000100000010010
0000000001001110
1111011110011110
0000100001100000
0000100010010010
0000010011001110
1111101111011110
0001000010100000
0000010011010000
0000000001010000
1111110000001110
0000111111010000
1111100000110000
0001001101100100
0001011101100010
1111111111010000
0000000000100000
0000100001010000
0001000000000010
1111100001100000
0000000000010000
0000011110010000
0001101101100000
1111100000001110
0000011111010000
0000101110010010
0001011100110000
1111101111010000
0000011110010010
0000011111110000
0001010001000000
1111010000111110
0000011111100000
0000011111010000
0000110001000000
1111010000010000
0000010001000000
0000100001100000
0001001111010010
1111100001000000
1111110001110000
0000000000100010
0001011111000010
1111011110010000
1110110000110010
1111011101100000
1110101101100000
1111111111010010
1111010000100010
1111000001100000
1110011111101110
0000010001010010
1111110000000000
1111011110010000
1111001101001110
0000000000010000
0000001111000000
1111101110100000
1110111100101110
0000011111000010
0000011110000010
1111101111111110
1111000000111110
0000100000100010
0000011111010010
1111101111000000
1110100000111110
0000100000010000
0000100000100010
0000000001100000
1111001110110000
0000110000110000
0000010001010010
1111100000101110
1111011111001110
0000101110110000
0000011111110010
0000111111000010
0001001111000010
1111100000000000
1111111111010000
0000100000000010
0000101111010010
1111100000100000
0000010000000000
0000011110000010
0000111101010000
1111101110100000
0000101100110010
0000011111000010
0000101100110000
1111011110001110
0000011111100000
0000011111000000
0001000000110000
1111000001110000
0000000000100000
1111110010100000
0000101111110000
1111001111010000
1111010011011110
0000010001000000
0000011111100000
1111010001000000
1111010001011110
1111110001010000
0000101111010010
1111001110110010
0000001111010100
1111111111000010
1110101110010000
0000101111110010
0000001110110010
1111111111100000
1110111111001110
0000100000010010
0000111111110010
1111111110001110
1111101100111110
0000111110010010
0001001100010100
0000001110111110
1111011100101110
0000111101100000
0000111111010010
0000011110111110
1111100000011110
0001000001100010
0000110000000010
0000000010100000
1111011111011110
0001001111000000
0000100010110010
0000100000110000
1111101111001110
0001010000100000
0000110000110000
0000000001000000
1111111111001110
0001001110100010
1110010001010000
0000000001110010
0000000000000010
1111000001010000
1110110001000000
0000010001110010
0000010000000010
1111010001100010
1111000011010000
0000001111010010
0000111111000010
1111000000111110
1111101110100000
0000000000010010
0000011111000000
1111000000000000
1111100000000010
0000001111100000
0000100010110000
1111000000100000
1111010010110000
1111110010000010
0000000001010000
1110110001110000
1111010011110000
0000010000100000
0000011111010010
1111010001000000
1111000010100000
1111110001010010
0000010001100000
1111001111000000
1111100001000100
1111110001010010
1110101111100000
0000100000110010
0000000000010010
0000010001010010
1111001111010000
0001000000110010
0000010010110010
0000011111000000
1111101110100000
0001000000110010
0001001110000100
0000100000010000
1111101110101110
0001011111100010
0001001111100100
0000111111000000
1111110010011110
0001100000010010
0000110010010010
0000100001110000
1111100000101110
0001100001010010
0001000011000010
0001100000010000
0000011110011110
0010010000110010
0001010010000010
0001000001000000
0000100000110000
0010001110100010
1110100000100010
0001001110100100
0000011111000010
1111111111010010
1111111110000010
0000110000100010
0000100000100010
1111110000000000
1111111111010000
0000111100100010
0001001111000000
1111101111100000
1111111110010000
0000111101010010
0000111101110000
1111111101100000
0000001110110000
0000100000010000
0001000000110010
1111100001100000
0000001110010000
0000100000110000
0000111110110000
1111101110110010
1111110000010000
0001000000100010
0000111101010010
0000001111100000
1111100001000000
0000101111010000
0001001111000010
1111111110110010
1110010001100010
1111000000000010
1101110000000000
0000000000110010
1111101110110100
1111010001110010
1101110001100000
0000100001100100
1111110000100010
1111101110000000
1110100000011110
0000100001000010
1111111111010000
1111111110110000
1110101111010000
0000111111010010
0000010000000010
1111110001110000
1111010001110000
0000110010110010
0000101111110100
0000000010100000
1111001111111110
0001000000010010
0000100001010100
0000100010000000
1111011110011110
0001100000110010
0000100010000010
0000100000110000
1111110000101110
0001100000010010
1110010011000010
0000110000010100
0000011111010010
1111100001000010
1111101111000000
0000100001000010
0000011110100010
1111100000010000
1111100001110000
0000101100110010
0000011110110000
1111010000100000
1111111110110010
0000101110100010
0000001110110010
1111101111000000
1111100001000000
0000100000000010
0000110010010000
1111100010000000
0000000001000000
0000111111000010
0000010000110010
1111101111010000
1111000001100000
0000110001100000
0000001101110000
1111110000110000
1110110010110000
0000100000010000
0000000000110000
0000001111100000
1110110001000010
1111111111010010
1110101110010000
0000110000010100
0000001110010010
1111110000010010
1110101101110000
0001001111100100
0000010000110010
0000011100010010
1111011101110000
0000100000000010
0000111101110010
0000101101110000
1111001110010000
0001001110100010
0000100000100010
0000111111100000
0000000001010000
0001110001010010
0001010000010010
0001011110100000
1111100000000000
0010001110100010
0001000000110010
0001010000110000
0000001101000000
0010001111110010
0001000010010010
0001101111100000
0000100000000000
0010101111010010
1111111111100000
1111111111011101
1111111111100010
1111111111011001
1111111111100000
1111111111011100
1111111111100000
1111111111011010
1111111111100011
1111111111011110
1111111111100001
1111111111011010
1111111111100001
1111111111011110
1111111111100010
1111111111010111
1111111111100011
1111111111011111
1111111111011110
1111111111011000
1111111111100111
1111111111011011
1111111111100100
1111111111010111
1111111111100110
1111111111011100
1111111111100110
1111111111010111
1111111111100011
1111111111011001
1111111111100110
1111111111010010
1111111111011000
1111111111010111
1111111111010000
1111111111011011
1111111111011000
1111111111010110
1111111111010100
1111111111011000
1111111111011010
1111111111011000
1111111111010100
1111111111010101
1111111111011010
1111111111010101
1111111111010010
1111111111011000
1111111111011110
1111111111010101
1111111111010101
1111111111011000
1111111111011111
1111111111010111
1111111111010101
1111111111011001
1111111111100001
1111111111011001
1111111111011001
1111111111011000
1111111111100000
1111111111010101
1111111111010110
1111111111010011
1111111111011111
1111111111011011
1111111111100000
1111111111011001
1111111111011101
1111111111011100
1111111111100001
1111111111011000
1111111111100011
1111111111011100
1111111111100000
1111111111011000
1111111111100000
1111111111011101
1111111111011111
1111111111010111
1111111111100101
1111111111011100
1111111111100010
1111111111010111
1111111111100100
1111111111011011
1111111111100011
1111111111010111
1111111111100111
1111111111011100
1111111111100110
1111111111010111
1111111111100100
1111111111011100
1111111111100111
1111111111010001
1111111111010111
1111111111011000
1111111111010001
1111111111010111
1111111111010111
1111111111010100
1111111111010011
1111111111011001
1111111111011100
1111111111010101
1111111111010001
1111111111011000
1111111111011010
1111111111010111
1111111111010100
1111111111011000
1111111111011101
1111111111010011
1111111111010110
1111111111010111
1111111111011111
1111111111010101
1111111111010100
1111111111011001
1111111111100011
1111111111010110
1111111111010110
1111111111011001
1111111111011111
1111111111010111
1111111111011010
1111111111010000
1111111111011111
1111111111011110
1111111111011110
1111111111010111
1111111111100010
1111111111011110
1111111111100010
1111111111011010
1111111111100011
1111111111011110
1111111111011111
1111111111011000
1111111111100010
1111111111011101
1111111111100001
1111111111011000
1111111111100111
1111111111011101
1111111111100101
1111111111011010
1111111111100101
1111111111011100
1111111111100011
1111111111010110
1111111111100111
1111111111011101
1111111111100101
1111111111010111
1111111111100110
1111111111011100
1111111111101000
1111111111010010
1111111111011001
1111111111010101
1111111111010000
1111111111010111
1111111111011001
1111111111010101
1111111111010100
1111111111011000
1111111111011011
1111111111010101
1111111111010011
1111111111010111
1111111111011111
1111111111011000
1111111111010010
1111111111010111
1111111111011111
1111111111010110
1111111111010101
1111111111011000
1111111111011110
1111111111010110
1111111111011000
1111111111011000
1111111111100001
1111111111010111
1111111111010110
1111111111010101
1111111111011110
1111111111011000
1111111111011010
1111111111010100
1111111111011111
1111111111011100
1111111111011111
1111111111011000
1111111111100000
1111111111011100
1111111111100000
1111111111011010
1111111111011111
1111111111011100
1111111111100011
1111111111011000
1111111111100000
1111111111011110
1111111111100000
1111111111011000
1111111111100100
1111111111011100
1111111111100000
1111111111011000
1111111111100011
1111111111011101
1111111111100100
1111111111011000
1111111111100111
1111111111011101
1111111111100011
1111111111011001
1111111111101001
1111111111011101
1111111111101000
1111111111010100
1111111111010110
1111111111010100
1111111111001111
1111111111010101
1111111111010101
1111111111010100
1111111111001111
1111111111011000
1111111111011001
1111111111010101
1111111111010100
1111111111011000
1111111111011011
1111111111010110
1111111111010010
1111111111010110
1111111111011100
1111111111010111
1111111111010010
1111111111010111
1111111111011111
1111111111010110
1111111111010101
1111111111010101
1111111111100001
1111111111011001
1111111111010111
1111111111010101
1111111111100000
1111111111011000
1111111111011011
1111111111010011
1111111111011110
1111111111011100
1111111111011110
1111111111011000
1111111111011110
1111111111011101
1111111111100001
1111111111011000
1111111111011110
1111111111011010
1111111111011111
1111111111010111
1111111111011101
1111111111011101
1111111111100011
1111111111011000
1111111111100011
1111111111011101
1111111111100011
1111111111010111
1111111111100101
1111111111011101
1111111111100011
1111111111011000
1111111111101011
1111111111011100
1111111111100100
1111111111010110
1111111111100110
1111111111011011
1111111111101001
1111111111010011
1111111111010101
1111111111010010
1111111111001110
1111111111010111
1111111111010110
1111111111010011
1111111111010010
1111111111010111
1111111111010110
1111111111010101
1111111111010000
1111111111010110
1111111111010111
1111111111010101
1111111111010001
1111111111010111
1111111111011100
1111111111010111
1111111111010011
1111111111011001
1111111111011011
1111111111010111
1111111111010101
1111111111011000
1111111111100000
1111111111010110
1111111111010100
1111111111011000
1111111111100010
1111111111010111
1111111111011000
1111111111010100
1111111111100010
1111111111011010
1111111111011110
1111111111011011
1111111111011101
1111111111011101
1111111111011111
1111111111011000
1111111111100011
1111111111011111
1111111111011101
1111111111011000
1111111111100011
1111111111011011
1111111111100000
1111111111011000
1111111111100101
1111111111011110
1111111111100001
1111111111011001
1111111111100110
1111111111011011
1111111111100011
1111111111010111
1111111111100110
1111111111011110
1111111111100100
1111111111011001
1111111111100111
1111111111011110
1111111111100111
1111111111010100
1111111111011001
1111111111010010
1111111111001101
1111111111010100
1111111111010110
1111111111010100
1111111111001100
1111111111010101
1111111111011010
1111111111010100
1111111111010010
1111111111010010
1111111111011010
1111111111010101
1111111111010000
1111111111010101
1111111111011111
1111111111010010
1111111111010100
1111111111011001
1111111111011101
1111111111010100
1111111111010101
1111111111010110
1111111111011110
1111111111010110
1111111111010110
1111111111010110
1111111111100010
1111111111010100
1111111111011000
1111111111010010
1111111111011011
1111111111011101
1111111111011101
1111111111011001
1111111111011101
1111111111011011
1111111111011101
1111111111011010
1111111111100000
1111111111011101
1111111111100001
1111111111011000
1111111111011110
1111111111011110
1111111111100001
1111111111011000
1111111111100001
1111111111011100
1111111111100000
1111111111011010
1111111111100110
1111111111011110
1111111111100101
1111111111010111
1111111111101000
1111111111011101
1111111111100100
1111111111011010
1111111111100111
1111111111011100
1111111111101000
1111111111010101
1111111111010001
1111111111001110
1111111111001001
1111111111010010
1111111111010100
1111111111010010
1111111111001100
1111111111010010
1111111111010110
1111111111010011
1111111111001110
1111111111010101
1111111111010111
1111111111010011
1111111111010000
1111111111010100
1111111111011001
1111111111010100
1111111111010001
1111111111010110
1111111111011101
1111111111011000
1111111111010100
1111111111010110
1111111111100000
1111111111010110
1111111111010100
1111111111011001
1111111111011001
1111111111010110
1111111111010110
1111111111010001
1111111111011011
1111111111011011
1111111111011011
1111111111010111
1111111111011010
1111111111011110
1111111111011011
1111111111010110
1111111111011101
1111111111011011
1111111111011100
1111111111010111
1111111111011110
1111111111011100
1111111111011111
1111111111010111
1111111111100010
1111111111011110
1111111111100000
1111111111011000
1111111111100100
1111111111011110
1111111111100001
1111111111010111
1111111111101000
1111111111011111
1111111111100011
1111111111011001
1111111111100110
1111111111011000
1111111111100111
1111111111010011
1111111111001010
1111111111010000
1111111111001000
1111111111010001
1111111111001111
1111111111010001
1111111111001010
1111111111010000
1111111111010011
1111111111010010
1111111111001100
1111111111010010
1111111111010110
1111111111010000
1111111111001110
1111111111010010
1111111111011000
1111111111010001
1111111111001110
1111111111010010
1111111111011100
1111111111010010
1111111111010010
1111111111010101
1111111111011111
1111111111010011
1111111111010011
1111111111010101
1111111111011001
1111111111010100
1111111111010110
1111111111010000
1111111111011010
1111111111011100
1111111111011010
1111111111010111
1111111111011001
1111111111011100
1111111111011001
1111111111010110
1111111111011101
1111111111011100
1111111111011010
1111111111010111
1111111111011111
1111111111011101
1111111111011101
1111111111010111
1111111111100011
1111111111011100
1111111111011111
1111111111010111
1111111111100100
1111111111011100
1111111111100011
1111111111010111
1111111111100100
1111111111011101
1111111111100010
1111111111010111
1111111111100010
1111111111011011
1111111111100011
1111111111010011
1111111111001100
1111111111001101
1111111111000100
1111111111010000
1111111111001110
1111111111010001
1111111111000110
1111111111001111
1111111111010011
1111111111001110
1111111111001001
1111111111001110
1111111111010100
1111111111001110
1111111111001010
1111111111001111
1111111111011000
1111111111010001
1111111111010000
1111111111001111
1111111111011001
1111111111010001
1111111111001100
1111111111010100
1111111111011011
1111111111010010
1111111111010010
1111111111010101
1111111111011011
1111111111010001
1111111111010011
1111111111001111
1111111111010100
1111111111011010
1111111111011000
1111111111010110
1111111111011000
1111111111011101
1111111111011000
1111111111010101
1111111111011011
1111111111011011
1111111111011100
1111111111010100
1111111111011011
1111111111011101
1111111111011011
1111111111010110
1111111111100000
1111111111011001
1111111111011101
1111111111011000
1111111111011110
1111111111011001
1111111111011111
1111111111010101
1111111111100011
1111111111011101
1111111111100010
1111111111010111
1111111111100010
1111111111011100
1111111111100000
1111111111010010
1111111111000101
1111111111001010
1111111111000001
1111111111001100
1111111111001010
1111111111001011
1111111111000110
1111111111001110
1111111111001010
1111111111001100
1111111111001001
1111111111001110
1111111111010000
1111111111001101
1111111111001010
1111111111001111
1111111111010101
1111111111001111
1111111111001010
1111111111010010
1111111111010011
1111111111001111
1111111111001010
1111111111010000
1111111111011000
1111111111010011
1111111111010001
1111111111010100
1111111111011001
1111111111010010
1111111111010001
1111111111010001
1111111111001111
1111111111011010
1111111111010100
1111111111010110
1111111111010101
1111111111011010
1111111111010110
1111111111010101
1111111111011010
1111111111011001
1111111111011000
1111111111010011
1111111111011001
1111111111011000
1111111111011010
1111111111010111
1111111111100000
1111111111011011
1111111111011101
1111111111010011
1111111111100000
1111111111011001
1111111111011101
1111111111010100
1111111111100011
1111111111011100
1111111111011110
1111111111010111
1111111111011111
1111111111011100
1111111111100000
1111111111010010
1111111111000011
1111111111000101
1111111110111101
1111111111001010
1111111111001001
1111111111001010
1111111111000000
1111111111001010
1111111111001010
1111111111001000
1111111111000000
1111111111001100
1111111111001011
1111111111001010
1111111111000100
1111111111001010
1111111111010010
1111111111001010
1111111111001000
1111111111001111
1111111111010011
1111111111001101
1111111111001001
1111111111010000
1111111111010111
1111111111001100
1111111111001010
1111111111010010
1111111111010111
1111111111001110
1111111111001110
1111111111001110
1111111111001110
1111111111011001
1111111111010100
1111111111010011
1111111111010101
1111111111011100
1111111111010101
1111111111010010
1111111111011000
1111111111011010
1111111111010101
1111111111010011
1111111111011000
1111111111011010
1111111111010100
1111111111010011
1111111111011011
1111111111011000
1111111111011100
1111111111010101
1111111111011111
1111111111011100
1111111111011101
1111111111010100
1111111111011110
1111111111011001
1111111111011010
1111111111010101
1111111111011111
1111111111011100
1111111111011100
1111111111010010
1111111110111010
1111111110111110
1111111110110110
1111111111000001
1111111110111110
1111111110111110
1111111110111001
1111111111000000
1111111111000010
1111111111000000
1111111110111001
1111111110111110
1111111111000100
1111111111000001
1111111110111011
1111111111000001
1111111111000111
1111111111000000
1111111111000010
1111111111000111
1111111111001011
1111111111000101
1111111111000000
1111111111001000
1111111111001111
1111111111000101
1111111111000010
1111111111000111
1111111111001011
1111111111000101
1111111111001000
1111111111000100
0100110010001011
0001100100010111
0111111111111111
0001100100010111
0111111111111111
0001100100010110
0111111111111111
0001100100010110
1111111111001110
1100111100000001
0001011101000001
1101100000010001
1111111111111011
0000000000000111
1111111111111110
1111111111111111
0001011011000000
0000001110000111
0000001000111111
0111111111111111
0001011010111111
0000001110000111
0000001000111111
0111111111111111
0000000000000011
0000000000000011
0000000000000011
0000000000000011
0000000000000011
0000000000000011
0000000000000011
0000000000000011
0000011001000101
0111111111111111
0001100100010111
0111111111111111
0001100100010111
0111111111111111
0001100100010110
0111111111111111
1111111111001111
1111010100111010
1101000001001000
1101100010010000
0000000000001000
1111111111111100
1111111111111100
0000000000000000
0000000011010111
0000000001101010
0010010101010011
0000000000110111
0000000011010111
0000000001101010
0010010101010011
0000000000110111
0000000000000011
0000000000000011
0000000000000011
0000000000000011
0000000000000011
0000000000000011
0000000000000011
0000000000000011
0000000010111011
0110100110011111
0000000000000000
0010000001100001
0000000000000100
0000001100100000
0000001111100000
0001100100101001
1110111000010101
0000000110001001
0000010010011001
0000000000000000
0001100100000001
0000000000000000
0001000000000000
1011111000110011
0100001000010000
1111111111010010
0000001000000010
0000001000000010
0000001000000010
1111000111110001
1101000111100001
1010000011010000
1111111011111111
1111111100000000
1111111100000001
1111000000000001
1111000000000011
1111000100000011
1110000111110100
1100000111110011
1000100010010101
0011100000111100
1110110110101001
0010000100001111
0011001100110011
0011001100110011
0000000000100010
1100110011101111
1101110111001011
0000000011111111
0010001000100001
0011001100110011
0010001000110011
0001000100100010
1110111100000000
1011101111011101
0001011100110001
0010111110100010
0010100101010101
1010010010000001
0100010000110011
1111100111001010
0101110101011010
0101000001010100
0010001101100011
1111100010110000
0001011111000111
0000010001000010
1111011000000000
1100010111001100
1001011110110001
0010011001101001
0000101110100010
0000011110100000
0001111101000000
1111001111101110
0000001111001110
1111110001010000
0001000000011110
1111010000011110
0000000010101110
1111100000000000
0001100000100000
1111000001111110
0000000000001100
1111100011001110
0000110001111110
1111000000111110
1111110010100010
1111100001100000
0000110100110000
1110110010111110
1111110001000000
1111010001011110
0000010001011110
1110111111101110
1111010010010000
1111100000100000
0000101111010000
1110110000100000
1111000001111110
1110110001010010
0000110001000010
1110001111110000
0001011110010010
0000011110100000
0000001100111110
0001001111110000
0000101110110010
0000000001000000
1111100000001110
0001000000011110
0000100010010000
0000000000001110
1111110000010000
0000110001100000
0000100000010010
1111110011001110
1111010001101110
0000110000110000
0000100010010010
1111110001101110
1111100100111100
0000110010100000
0000110000110100
1111110001001110
1111010001001100
0000111111110000
0000010001110010
0000000000101110
1111101111001110
0001000000010010
0000010001100000
1111100001001110
1111100000111110
0000011111110000
0000001110000000
0000001100100000
0001011101100000
1110111110111110
1111111110001110
1111110000000010
0001001110010000
1111001110011110
1111110001101110
1111101111010000
0001000000000000
1110111111101110
1111110000101100
1111100000110000
0000100000100000
1110111111000000
1111010010110000
1111010010101110
0001000001110000
1110100011111110
1111100001010000
1111000001100000
0000010001100000
1110011111001110
1111100000000000
1111010001000000
0000101110010000
1110100000111110
1111000000101110
1111001111110000
0000111111000000
1110001110100000
0000111101100010
0000011100000000
1111111101001110
0001001110010010
0000101101110010
1111111111111100
1111101101111110
0001001110010000
0000100001000000
1111111111001110
1111101111101110
0000111111001110
0000100000010010
1111110000101110
1111010000001100
0000111110110000
0000010010001110
1111110010011110
1111110001011100
0000100011100000
0000100000110000
1111110001011110
1111000001001100
0000111110110000
0000101111101110
0000000001001100
1111101101101110
0000110000010000
0000001111110000
1111111111011110
1111101110111110
0000011110100000
0000111110010000
0000001101100000
0001001110010000
1110110000000000
0000101111101110
1111110000010000
0001001111100000
1111000000100000
0000010010011110
1111101110111110
0001000000110000
1110110001111110
0000010000010000
1111100011001110
0000010010011110
1110110000011100
0000000010000000
1111100000111110
0001000010011110
1110100011111110
1111110010110000
1111100001100000
0000100001000000
1110100010111110
1111100001110000
1111100001100000
0000101111001110
1110100010011110
1111010000111110
1111011110000000
0000110000110000
1110101110110010
0001011101110010
0000001101001110
1111011101111110
0000111111100010
0000111110110010
0000001111010000
1111101110111110
0000111111110000
0000110001100010
1111111110001110
1111101111101110
0000110000100000
0000111111010000
1111110010001110
1111000001001100
0000111111010000
0000110000110010
0000001111111110
1111110001001110
0000110010110000
0000100001110010
1111110000101100
1111010000011110
0000100010000000
0000100001000010
0000000001001110
1111011110011110
0000110001010000
0000011111110000
1111111101010000
1111100000001110
0000011110010000
0000001111100000
0000001110110000
0001001111100010
1111001111111110
1111111111110000
1111110001100010
0000110001101110
1111000000010000
1111110011000000
1111100000010000
0001011111010000
1110110001111110
1111111111101110
1111100001010000
0000111111101110
1110110000111110
1111010001111110
1111100001010000
0000110100000000
1110100010011110
1111010011101110
1111010010101110
0000100000010000
1110100001101110
1111100011101110
1111100010010000
0000101111001110
1110110000101110
1111100001000000
1111011111110000
0000110001010010
1110011110100000
0000101110100100
1111101110011110
1111011110011110
0000101110100010
0000011110100010
1111110000010000
1110110000011100
0000101111100000
0000010001100010
1111101110110000
1111101101101110
0000100000010000
0000101110010000
1111100000001110
1111001110011110
0000101111100000
0000000000010000
1111110000001110
1111010010101100
0000100000110000
0000000010000000
1111100001011110
1111001110111010
0000100000010000
0000000010000010
0000000001011110
1111011101111100
0000111111110000
0000010000010000
1111101111101110
1111010000011110
0000011101110010
1111101110100010
0000001110000010
0001001101110000
1110111111000000
1111111110010000
1111110001010000
0001001101110000
1111000000001110
1111100000101110
1111101101100000
0001001110011110
1110110000000000
1111101111011110
1111101111000000
0000111100100000
1110111100111110
1111100000000000
1111101111000000
0000110000010000
1110111111101110
1111010001011110
1111010000011110
0000010000000000
1110101110110000
1111110000000000
1111100000110000
0000101101110000
1110110001010000
1111101110111110
1111011110110000
0000111111000010
1110011110010010
1111111111010010
1111011110111110
1111001110011110
0000001111100000
0000001110110010
1111010010000000
1111001110101110
0000010001000000
1111110001000000
1111011110100000
1111001110111110
0000010000100000
0000001111110000
1111101111101110
1111001101001110
0000101101100000
1111110000100000
1111101111101110
1111010000101100
0000100000010000
1111110001110000
1111100001001110
1110110000101110
0000011111100000
0000100000100100
1111100001111110
1111001110111110
0000100010000000
0000011111100010
1111011111110000
1111011111111110
0000011111000010
0000111110010010
0000011101110000
0001001101110000
1111000000110000
0000011110110000
1111110001010000
0000110000000000
1111000001000000
0000010000010010
1111111110011110
0000111110001110
1111001110000000
0000011110010010
1111111111010000
0000011111000000
1110111110011110
0000000000010000
1111100000110000
0001001111110000
1110110000110000
1111110000110010
1111100010000000
0000010001110000
1110100000010000
1111010011100000
1111110000110000
0000011111111110
1110110010011110
1110110010111110
1111000001000000
0000101111110000
1110011110100000
0000101110110100
1111011110000000
1110111110011110
0000000001010000
0000011111010010
1111000010001110
1110100000011110
0000000001100000
0000100000010010
1111011110111110
1111001110011110
0000011110110000
0000101110000010
1111011111111110
1110111111001100
0000011110111110
0000010000010010
1111010001001110
1111000000101110
0000010001100000
0000000001010100
1111010011001110
1110100001111110
0000010000110010
1111110100000010
1111100001100000
1110110000001110
0000010010010000
1111100011010000
1111000001001110
1111000000011110
1111111111000000
0000010000100010
0001001110100010
0001101111110000
1111110001100000
0000101111001110
0000110010011110
0001101111110000
0000001111110000
0000100000110000
0000100000010000
0001111101010000
1111110000111110
0000100000001110
0000100001101110
0001101101110000
1111111111001110
0000010000010000
0000100000100010
0001100010010000
1111010010101110
0000100000000000
0000100000110010
0001011110000000
1111010001011110
0000000010110000
0000100010110000
0001011111010000
1111110010000000
0000000011100000
0000000001000000
0001101111110000
1111101110110010
0000000000100010
1111101111000000
1111001111111110
0000010010000010
0000011111010010
1111110010010000
1111001111101110
0000110000000010
0000010001000010
1111100000100000
1111101101011110
0000110000110000
0000010000000000
1111110001110000
1111011101101110
0000111111000000
0000010000010010
1111110000111110
1111010010101110
0000110011010010
0000100000010010
0000000001001110
1111011110011110
0000100001100000
0000100010010010
0000010011001110
1111101111011110
0001000010100000
0000010011010000
0000000001010000
1111110000001110
0000111111010000
1111100000110000
0001001101100100
0001011101100010
1111111111010000
0000000000100000
0000100001010000
0001000000000010
1111100001100000
0000000000010000
0000011110010000
0001101101100000
1111100000001110
0000011111010000
0000101110010010
0001011100110000
1111101111010000
0000011110010010
0000011111110000
0001010001000000
1111010000111110
0000011111100000
0000011111010000
0000110001000000
1111010000010000
0000010001000000
0000100001100000
0001001111010010
1111100001000000
1111110001110000
0000000000100010
0001011111000010
1111011110010000
1110110000110010
1111011101100000
1110101101100000
1111111111010010
1111010000100010
1111000001100000
1110011111101110
0000010001010010
1111110000000000
1111011110010000
1111001101001110
0000000000010000
0000001111000000
1111101110100000
1110111100101110
0000011111000010
0000011110000010
1111101111111110
1111000000111110
0000100000100010
0000011111010010
1111101111000000
1110100000111110
0000100000010000
0000100000100010
0000000001100000
1111001110110000
0000110000110000
0000010001010010
1111100000101110
1111011111001110
0000101110110000
0000011111110010
0000111111000010
0001001111000010
1111100000000000
1111111111010000
0000100000000010
0000101111010010
1111100000100000
0000010000000000
0000011110000010
0000111101010000
1111101110100000
0000101100110010
0000011111000010
0000101100110000
1111011110001110
0000011111100000
0000011111000000
0001000000110000
1111000001110000
0000000000100000
1111110010100000
0000101111110000
1111001111010000
1111010011011110
0000010001000000
0000011111100000
1111010001000000
1111010001011110
1111110001010000
0000101111010010
1111001110110010
0000001111010100
1111111111000010
1110101110010000
0000101111110010
0000001110110010
1111111111100000
1110111111001110
0000100000010010
0000111111110010
1111111110001110
1111101100111110
0000111110010010
0001001100010100
0000001110111110
1111011100101110
0000111101100000
0000111111010010
0000011110111110
1111100000011110
0001000001100010
0000110000000010
0000000010100000
1111011111011110
0001001111000000
0000100010110010
0000100000110000
1111101111001110
0001010000100000
0000110000110000
0000000001000000
1111111111001110
0001001110100010
1110010001010000
0000000001110010
0000000000000010
1111000001010000
1110110001000000
0000010001110010
0000010000000010
1111010001100010
1111000011010000
0000001111010010
0000111111000010
1111000000111110
1111101110100000
0000000000010010
0000011111000000
1111000000000000
1111100000000010
0000001111100000
0000100010110000
1111000000100000
1111010010110000
1111110010000010
0000000001010000
1110110001110000
1111010011110000
0000010000100000
0000011111010010
1111010001000000
1111000010100000
1111110001010010
0000010001100000
1111001111000000
1111100001000100
1111110001010010
1110101111100000
0000100000110010
0000000000010010
0000010001010010
1111001111010000
0001000000110010
0000010010110010
0000011111000000
1111101110100000
0001000000110010
0001001110000100
0000100000010000
1111101110101110
0001011111100010
0001001111100100
0000111111000000
1111110010011110
0001100000010010
0000110010010010
0000100001110000
1111100000101110
0001100001010010
0001000011000010
0001100000010000
0000011110011110
0010010000110010
0001010010000010
0001000001000000
0000100000110000
0010001110100010
1110100000100010
0001001110100100
0000011111000010
1111111111010010
1111111110000010
0000110000100010
0000100000100010
1111110000000000
1111111111010000
0000111100100010
0001001111000000
1111101111100000
1111111110010000
0000111101010010
0000111101110000
1111111101100000
0000001110110000
0000100000010000
0001000000110010
1111100001100000
0000001110010000
0000100000110000
0000111110110000
1111101110110010
1111110000010000
0001000000100010
0000111101010010
0000001111100000
1111100001000000
0000101111010000
0001001111000010
1111111110110010
1110010001100010
1111000000000010
1101110000000000
0000000000110010
1111101110110100
1111010001110010
1101110001100000
0000100001100100
1111110000100010
1111101110000000
1110100000011110
0000100001000010
1111111111010000
1111111110110000
1110101111010000
0000111111010010
0000010000000010
1111110001110000
1111010001110000
0000110010110010
0000101111110100
0000000010100000
1111001111111110
0001000000010010
0000100001010100
0000100010000000
1111011110011110
0001100000110010
0000100010000010
0000100000110000
1111110000101110
0001100000010010
1110010011000010
0000110000010100
0000011111010010
1111100001000010
1111101111000000
0000100001000010
0000011110100010
1111100000010000
1111100001110000
0000101100110010
0000011110110000
1111010000100000
1111111110110010
0000101110100010
0000001110110010
1111101111000000
1111100001000000
0000100000000010
0000110010010000
1111100010000000
0000000001000000
0000111111000010
0000010000110010
1111101111010000
1111000001100000
0000110001100000
0000001101110000
1111110000110000
1110110010110000
0000100000010000
0000000000110000
0000001111100000
1110110001000010
1111111111010010
1110101110010000
0000110000010100
0000001110010010
1111110000010010
1110101101110000
0001001111100100
0000010000110010
0000011100010010
1111011101110000
0000100000000010
0000111101110010
0000101101110000
1111001110010000
0001001110100010
0000100000100010
0000111111100000
0000000001010000
0001110001010010
0001010000010010
0001011110100000
1111100000000000
0010001110100010
0001000000110010
0001010000110000
0000001101000000
0010001111110010
0001000010010010
0001101111100000
0000100000000000
0010101111010010
1111111111011101
1111111111011100
1111111111100001
1111111111011010
1111111111011101
1111111111011101
1111111111100000
1111111111011010
1111111111100000
1111111111011011
1111111111100001
1111111111011001
1111111111011111
1111111111011011
1111111111100000
1111111111010111
1111111111100000
1111111111011100
1111111111100010
1111111111010101
1111111111100011
1111111111011110
1111111111100001
1111111111010110
1111111111100101
1111111111011000
1111111111100001
1111111111010111
1111111111011111
1111111111011000
1111111111100011
1111111111010000
1111111111011000
1111111111010110
1111111111010010
1111111111011000
1111111111011001
1111111111010110
1111111111010011
1111111111010111
1111111111011010
1111111111010101
1111111111010010
1111111111010111
1111111111011001
1111111111010110
1111111111010010
1111111111010111
1111111111011110
1111111111010011
1111111111010011
1111111111010101
1111111111011110
1111111111010011
1111111111010110
1111111111011000
1111111111011110
1111111111010100
1111111111010110
1111111111010111
1111111111011101
1111111111010000
1111111111010110
1111111111010000
1111111111011011
1111111111011010
1111111111011110
1111111111011000
1111111111100000
1111111111011011
1111111111100000
1111111111011001
1111111111100001
1111111111011010
1111111111011100
1111111111011000
1111111111011100
1111111111011010
1111111111100011
1111111111011000
1111111111100010
1111111111011010
1111111111100010
1111111111010111
1111111111100000
1111111111011001
1111111111011110
1111111111010101
1111111111100011
1111111111011010
1111111111011110
1111111111010100
1111111111100000
1111111111011000
1111111111100011
1111111111001111
1111111111010111
1111111111010100
1111111111010000
1111111111010111
1111111111010110
1111111111010100
1111111111010001
1111111111011001
1111111111011001
1111111111010100
1111111111010001
1111111111010111
1111111111011011
1111111111010011
1111111111010001
1111111111010100
1111111111011010
1111111111010011
1111111111010110
1111111111010011
1111111111011010
1111111111010100
1111111111010101
1111111111010111
1111111111100001
1111111111010011
1111111111010101
1111111111010100
1111111111011100
1111111111010011
1111111111010110
1111111111001110
1111111111011111
1111111111011101
1111111111011101
1111111111010101
1111111111011111
1111111111011100
1111111111011110
1111111111011001
1111111111100001
1111111111011011
1111111111011111
1111111111010110
1111111111100001
1111111111011100
1111111111011101
1111111111010110
1111111111100011
1111111111011100
1111111111100010
1111111111010110
1111111111100101
1111111111011010
1111111111100000
1111111111010110
1111111111100011
1111111111011100
1111111111100001
1111111111010010
1111111111100001
1111111111011000
1111111111011110
1111111111010001
1111111111011001
1111111111010011
1111111111001110
1111111111010111
1111111111011010
1111111111010100
1111111111010010
1111111111011000
1111111111011011
1111111111010110
1111111111010001
1111111111010110
1111111111011100
1111111111010110
1111111111010001
1111111111010101
1111111111011101
1111111111010110
1111111111010110
1111111111010101
1111111111011101
1111111111010100
1111111111010100
1111111111010110
1111111111011111
1111111111010011
1111111111010110
1111111111010011
1111111111011110
1111111111010100
1111111111011000
1111111111010001
1111111111011100
1111111111011100
1111111111011100
1111111111011000
1111111111011101
1111111111011011
1111111111011111
1111111111011001
1111111111011101
1111111111011100
1111111111011110
1111111111010111
1111111111100000
1111111111011100
1111111111011110
1111111111011000
1111111111100011
1111111111011010
1111111111011110
1111111111010110
1111111111100001
1111111111011000
1111111111100011
1111111111010110
1111111111100011
1111111111011001
1111111111100100
1111111111010110
1111111111100011
1111111111011001
1111111111100100
1111111111010001
1111111111010101
1111111111010010
1111111111010000
1111111111010110
1111111111010101
1111111111010011
1111111111001111
1111111111010100
1111111111010111
1111111111010011
1111111111010001
1111111111010110
1111111111011001
1111111111010100
1111111111010001
1111111111010111
1111111111011010
1111111111010001
1111111111010001
1111111111010100
1111111111011110
1111111111010100
1111111111010010
1111111111010100
1111111111011110
1111111111010100
1111111111010011
1111111111010101
1111111111011010
1111111111010001
1111111111010110
1111111111001111
1111111111011010
1111111111011011
1111111111011111
1111111111010111
1111111111011011
1111111111011110
1111111111011111
1111111111011000
1111111111011101
1111111111011101
1111111111011111
1111111111010111
1111111111011110
1111111111011100
1111111111011100
1111111111010111
1111111111100000
1111111111011100
1111111111011111
1111111111010110
1111111111100001
1111111111011010
1111111111011111
1111111111010100
1111111111100110
1111111111011010
1111111111100000
1111111111010101
1111111111100011
1111111111011010
1111111111100111
1111111111010001
1111111111010011
1111111111010010
1111111111001110
1111111111010000
1111111111010110
1111111111010100
1111111111001111
1111111111010101
1111111111010100
1111111111010100
1111111111010001
1111111111010110
1111111111010101
1111111111010100
1111111111010000
1111111111010110
1111111111011011
1111111111010011
1111111111001111
1111111111010011
1111111111011100
1111111111010010
1111111111010100
1111111111010101
1111111111100000
1111111111010010
1111111111010010
1111111111010011
1111111111011101
1111111111010000
1111111111010111
1111111111001101
1111111111100000
1111111111011101
1111111111011111
1111111111010110
1111111111100000
1111111111011100
1111111111011101
1111111111010111
1111111111100001
1111111111011110
1111111111011100
1111111111011000
1111111111100001
1111111111011100
1111111111011101
1111111111010110
1111111111100100
1111111111011011
1111111111011111
1111111111010111
1111111111100011
1111111111011100
1111111111011110
1111111111010101
1111111111100011
1111111111011010
1111111111100001
1111111111010110
1111111111100010
1111111111011001
1111111111100011
1111111111010010
1111111111010101
1111111111010010
1111111111001011
1111111111010111
1111111111010111
1111111111010010
1111111111001101
1111111111010010
1111111111011000
1111111111010001
1111111111010000
1111111111010101
1111111111011000
1111111111010001
1111111111001110
1111111111010100
1111111111011011
1111111111010011
1111111111010010
1111111111010101
1111111111011001
1111111111010000
1111111111010010
1111111111010100
1111111111011011
1111111111010001
1111111111010100
1111111111010010
1111111111011100
1111111111001110
1111111111010101
1111111111001111
1111111111011100
1111111111011101
1111111111011011
1111111111010111
1111111111011100
1111111111011110
1111111111011110
1111111111011001
1111111111011011
1111111111011101
1111111111011110
1111111111011000
1111111111011110
1111111111011010
1111111111011110
1111111111010101
1111111111100000
1111111111011100
1111111111011110
1111111111010101
1111111111100001
1111111111011011
1111111111100000
1111111111010101
1111111111100011
1111111111010111
1111111111011111
1111111111010100
1111111111011110
1111111111011000
1111111111100100
1111111111001111
1111111111010001
1111111111001100
1111111111001010
1111111111001111
1111111111010101
1111111111001101
1111111111001101
1111111111010100
1111111111010100
1111111111010000
1111111111001101
1111111111010001
1111111111010011
1111111111010000
1111111111001111
1111111111010010
1111111111011001
1111111111001101
1111111111010001
1111111111010001
1111111111011010
1111111111010001
1111111111010000
1111111111010011
1111111111011011
1111111111010000
1111111111010100
1111111111010010
1111111111011000
1111111111001101
1111111111010100
1111111111001111
1111111111010111
1111111111011101
1111111111011110
1111111111011001
1111111111011001
1111111111011100
1111111111011011
1111111111011000
1111111111011100
1111111111011010
1111111111011101
1111111111010100
1111111111011100
1111111111011110
1111111111011011
1111111111010101
1111111111011111
1111111111011000
1111111111100000
1111111111010100
1111111111011110
1111111111011000
1111111111011110
1111111111010100
1111111111100010
1111111111011010
1111111111100010
1111111111010110
1111111111011111
1111111111011000
1111111111100010
1111111111001110
1111111111001100
1111111111001101
1111111111001000
1111111111001111
1111111111001101
1111111111001101
1111111111000110
1111111111010000
1111111111010011
1111111111001111
1111111111001010
1111111111010001
1111111111010011
1111111111001110
1111111111001100
1111111111010001
1111111111010110
1111111111001110
1111111111001011
1111111111010010
1111111111011001
1111111111001111
1111111111001010
1111111111010001
1111111111011100
1111111111001110
1111111111010010
1111111111010011
1111111111011001
1111111111001101
1111111111010010
1111111111001100
1111111111011010
1111111111011011
1111111111011001
1111111111010110
1111111111011010
1111111111011101
1111111111011001
1111111111010110
1111111111011100
1111111111011010
1111111111011100
1111111111010101
1111111111011100
1111111111011011
1111111111011010
1111111111010101
1111111111100000
1111111111011011
1111111111011110
1111111111010010
1111111111100000
1111111111011001
1111111111100000
1111111111010100
1111111111011111
1111111111011010
1111111111011101
1111111111010011
1111111111011101
1111111111011000
1111111111011111
1111111111010000
1111111111001010
1111111111001010
1111111111000101
1111111111001101
1111111111001101
1111111111010000
1111111111000110
1111111111001110
1111111111010011
1111111111001100
1111111111001001
1111111111001110
1111111111010100
1111111111001101
1111111111001000
1111111111001101
1111111111010110
1111111111010000
1111111111001011
1111111111010000
1111111111010110
1111111111001110
1111111111001101
1111111111010000
1111111111011000
1111111111001101
1111111111001110
1111111111001111
1111111111010110
1111111111001011
1111111111010001
1111111111001010
1111111111010001
1111111111011001
1111111111010101
1111111111010111
1111111111010110
1111111111011101
1111111111011000
1111111111010101
1111111111010111
1111111111011000
1111111111011010
1111111111010011
1111111111011001
1111111111010111
1111111111011101
1111111111010010
1111111111011101
1111111111011010
1111111111011010
1111111111010110
1111111111011100
1111111111011001
1111111111011101
1111111111010101
1111111111011110
1111111111011011
1111111111011111
1111111111010101
1111111111011101
1111111111010111
1111111111011110
1111111111010001
1111111111000100
1111111111000101
1111111111000000
1111111111001010
1111111111001001
1111111111001010
1111111111000110
1111111111001101
1111111111001010
1111111111001011
1111111111000101
1111111111001110
1111111111001110
1111111111001001
1111111111001000
1111111111001110
1111111111010100
1111111111001101
1111111111000110
1111111111001111
1111111111010010
1111111111001010
1111111111001010
1111111111001111
1111111111011000
1111111111001110
1111111111001101
1111111111010000
1111111111010101
1111111111001100
1111111111001110
1111111111001100
1111111111001111
1111111111011001
1111111111010101
1111111111010010
1111111111010110
1111111111011001
1111111111010100
1111111111010101
1111111111011000
1111111111011001
1111111111011010
1111111111010100
1111111111010101
1111111111010111
1111111111010110
1111111111010010
1111111111011000
1111111111010110
1111111111011001
1111111111010001
1111111111011100
1111111111011000
1111111111011101
1111111111010011
1111111111011110
1111111111011011
1111111111011100
1111111111010011
1111111111011010
1111111111010101
1111111111011100
1111111111001111
1111111111000100
1111111111000011
1111111110111110
1111111111001001
1111111111001000
1111111111000101
1111111110111111
1111111111001010
1111111111001011
1111111111000111
1111111111000010
1111111111001010
1111111111001010
1111111111001001
1111111111000011
1111111111001010
1111111111001111
1111111111001001
1111111111000101
1111111111001010
1111111111010010
1111111111001001
1111111111001001
1111111111001011
1111111111010010
1111111111001001
1111111111001000
1111111111001100
1111111111010001
1111111111001011
1111111111001011
1111111111001000
1111111111001110
1111111111011000
1111111111010100
1111111111010011
1111111111010100
1111111111011001
1111111111010110
1111111111010011
1111111111010111
1111111111011000
1111111111010110
1111111111010010
1111111111010110
1111111111011000
1111111111010110
1111111111010000
1111111111010111
1111111111011011
1111111111011000
1111111111010011
1111111111011100
1111111111010111
1111111111011010
1111111111010101
1111111111011001
1111111111011000
1111111111011000
1111111111010101
1111111111010110
1111111111010111
1111111111011000
1111111111001111
1111111110110110
1111111110111011
1111111110110101
1111111111000001
1111111110111100
1111111110111010
1111111110110101
1111111111000000
1111111111000010
1111111110111111
1111111110111001
1111111110111111
1111111111000001
1111111110111101
1111111110111001
1111111111000000
1111111111001000
1111111111000000
1111111110111101
1111111111000101
1111111111001010
1111111111000010
1111111110111111
1111111111000011
1111111111001010
1111111111000001
1111111111000000
1111111111000011
1111111111001001
1111111111000011
1111111111000010
1111111111000000
0100110010001101
0001100100011001
0111111111111111
0001100100011001
0111111111111111
0001100100010111
0111111111111111
0001100100010111
1111111111001011
1100111100000000
0001011101000000
1101100000010001
1111111111111010
0000000000001000
1111111111111110
1111111111111110
0001011010111111
0000001110001010
0000001001000000
0111111111111111
0001011011000000
0000001110001010
0000001001000000
0111111111111111
0000000000000011
0000000000000011
0000000000000011
0000000000000011
0000000000000011
0000000000000011
0000000000000011
0000000000000011
0000011001000110
0111111111111111
0001100100011001
0111111111111111
0001100100011001
0111111111111111
0001100100010111
0111111111111111
1111111111001110
1111010100111001
1101000001001000
1101100010001111
0000000000000111
1111111111111101
1111111111111101
0000000000000001
0000000011010111
0000000001101010
0010010101010011
0000000000110110
0000000011010111
0000000001101010
0010010101010011
0000000000110110
0000000000000011
0000000000000011
0000000000000011
0000000000000011
0000000000000011
0000000000000011
0000000000000011
0000000000000011
1111111111100000
1111111111011110
1111111111100010
1111111111011011
1111111111100000
1111111111011101
1111111111100000
1111111111011101
1111111111100011
1111111111011101
1111111111100001
1111111111011100
1111111111100001
1111111111011110
1111111111100010
1111111111011011
1111111111100011
1111111111011101
1111111111011110
1111111111011000
1111111111100111
1111111111011111
1111111111100100
1111111111010111
1111111111100110
1111111111011101
1111111111100110
1111111111010110
1111111111100011
1111111111010111
1111111111100110
1111111111010001
1111111111011010
1111111111010111
1111111111010100
1111111111011011
1111111111010110
1111111111010110
1111111111010010
1111111111011000
1111111111011101
1111111111011000
1111111111010110
1111111111010101
1111111111011010
1111111111010101
1111111111010101
1111111111011000
1111111111011110
1111111111010101
1111111111010111
1111111111011000
1111111111100000
1111111111010111
1111111111010101
1111111111011001
1111111111011110
1111111111011001
1111111111010110
1111111111011000
1111111111011100
1111111111010101
1111111111011000
1111111111010011
1111111111011111
1111111111011110
1111111111100000
1111111111011010
1111111111011101
1111111111011111
1111111111100001
1111111111011001
1111111111100011
1111111111011110
1111111111100000
1111111111011010
1111111111100000
1111111111100000
1111111111011111
1111111111011001
1111111111100101
1111111111011010
1111111111100010
1111111111011000
1111111111100100
1111111111011001
1111111111100011
1111111111010111
1111111111100111
1111111111011001
1111111111100110
1111111111010110
1111111111100100
1111111111011000
1111111111100111
1111111111010010
1111111111011010
1111111111011000
1111111111010011
1111111111010111
1111111111011010
1111111111010100
1111111111010011
1111111111011001
1111111111011100
1111111111010101
1111111111010101
1111111111011000
1111111111011010
1111111111010111
1111111111010101
1111111111011000
1111111111011101
1111111111010011
1111111111010110
1111111111010111
1111111111011101
1111111111010101
1111111111011000
1111111111011001
1111111111100100
1111111111010110
1111111111010110
1111111111011001
1111111111011101
1111111111010111
1111111111010110
1111111111010000
1111111111011111
1111111111011110
1111111111011110
1111111111011000
1111111111100010
1111111111100001
1111111111100010
1111111111011011
1111111111100011
1111111111011110
1111111111011111
1111111111011011
1111111111100010
1111111111011110
1111111111100001
1111111111011011
1111111111100111
1111111111011111
1111111111100101
1111111111011001
1111111111100101
1111111111011110
1111111111100011
1111111111011000
1111111111100111
1111111111011011
1111111111100101
1111111111010110
1111111111100110
1111111111011011
1111111111101000
1111111111010001
1111111111011001
1111111111010101
1111111111010010
1111111111010111
1111111111011001
1111111111010101
1111111111010101
1111111111011000
1111111111011100
1111111111010101
1111111111010101
1111111111010111
1111111111011010
1111111111011000
1111111111010110
1111111111010111
1111111111100000
1111111111010110
1111111111011000
1111111111011000
1111111111100000
1111111111010110
1111111111010111
1111111111011000
1111111111100001
1111111111010111
1111111111010111
1111111111010101
1111111111011101
1111111111011000
1111111111011001
1111111111010100
1111111111011111
1111111111011101
1111111111011111
1111111111011011
1111111111100000
1111111111100000
1111111111100000
1111111111011111
1111111111011111
1111111111100001
1111111111100011
1111111111011010
1111111111100000
1111111111011110
1111111111100000
1111111111011100
1111111111100100
1111111111011100
1111111111100000
1111111111011000
1111111111100011
1111111111011110
1111111111100100
1111111111011001
1111111111100111
1111111111011100
1111111111100011
1111111111010111
1111111111101001
1111111111011010
1111111111101000
1111111111010000
1111111111010110
1111111111010100
1111111111010011
1111111111010101
1111111111011000
1111111111010100
1111111111010110
1111111111011000
1111111111011100
1111111111010101
1111111111010111
1111111111011000
1111111111011011
1111111111010110
1111111111010100
1111111111010110
1111111111100000
1111111111010111
1111111111010100
1111111111010111
1111111111011110
1111111111010110
1111111111010100
1111111111010101
1111111111011111
1111111111011001
1111111111010111
1111111111010101
1111111111011101
1111111111011000
1111111111010111
1111111111010011
1111111111011110
1111111111100000
1111111111011110
1111111111011011
1111111111011110
1111111111011111
1111111111100001
1111111111011101
1111111111011110
1111111111011110
1111111111011111
1111111111011001
1111111111011101
1111111111011111
1111111111100011
1111111111011011
1111111111100011
1111111111011110
1111111111100011
1111111111011011
1111111111100101
1111111111011111
1111111111100011
1111111111011010
1111111111101011
1111111111011100
1111111111100100
1111111111010110
1111111111100110
1111111111011010
1111111111101001
1111111111010010
1111111111010101
1111111111010010
1111111111010000
1111111111010111
1111111111010111
1111111111010011
1111111111010100
1111111111010111
1111111111011100
1111111111010101
1111111111010011
1111111111010110
1111111111011010
1111111111010101
1111111111010101
1111111111010111
1111111111011011
1111111111010111
1111111111010111
1111111111011001
1111111111011100
1111111111010111
1111111111010111
1111111111011000
1111111111100010
1111111111010110
1111111111011000
1111111111011000
1111111111011110
1111111111010111
1111111111011000
1111111111010100
1111111111100010
1111111111011111
1111111111011110
1111111111011011
1111111111011101
1111111111100011
1111111111011111
1111111111011011
1111111111100011
1111111111011110
1111111111011101
1111111111011011
1111111111100011
1111111111011111
1111111111100000
1111111111011010
1111111111100101
1111111111011111
1111111111100001
1111111111011011
1111111111100110
1111111111100001
1111111111100011
1111111111011010
1111111111100110
1111111111011011
1111111111100100
1111111111011001
1111111111100111
1111111111011001
1111111111100111
1111111111010001
1111111111010110
1111111111010010
1111111111001111
1111111111010100
1111111111011000
1111111111010100
1111111111010011
1111111111010101
1111111111011100
1111111111010100
1111111111010010
1111111111010010
1111111111011011
1111111111010101
1111111111010011
1111111111010101
1111111111100000
1111111111010010
1111111111010100
1111111111011001
1111111111011101
1111111111010100
1111111111010101
1111111111010110
1111111111011111
1111111111010110
1111111111011000
1111111111010110
1111111111011001
1111111111010100
1111111111010100
1111111111010010
1111111111011011
1111111111011111
1111111111011101
1111111111011100
1111111111011101
1111111111100000
1111111111011101
1111111111011101
1111111111100000
1111111111100000
1111111111100001
1111111111011010
1111111111011110
1111111111100001
1111111111100001
1111111111011011
1111111111100001
1111111111100000
1111111111100000
1111111111010111
1111111111100110
1111111111011011
1111111111100101
1111111111011000
1111111111101000
1111111111011100
1111111111100100
1111111111011001
1111111111100111
1111111111011011
1111111111101000
1111111111010010
1111111111010011
1111111111001110
1111111111001100
1111111111010010
1111111111010100
1111111111010010
1111111111001111
1111111111010010
1111111111011010
1111111111010011
1111111111010001
1111111111010101
1111111111011001
1111111111010011
1111111111010010
1111111111010100
1111111111011011
1111111111010100
1111111111010010
1111111111010110
1111111111011110
1111111111011000
1111111111010101
1111111111010110
1111111111011111
1111111111010110
1111111111010110
1111111111011001
1111111111011001
1111111111010110
1111111111010101
1111111111010001
1111111111011011
1111111111011111
1111111111011011
1111111111011010
1111111111011010
1111111111100000
1111111111011011
1111111111011011
1111111111011101
1111111111011111
1111111111011100
1111111111011000
1111111111011110
1111111111011111
1111111111011111
1111111111011011
1111111111100010
1111111111011111
1111111111100000
1111111111011001
1111111111100100
1111111111011011
1111111111100001
1111111111010111
1111111111101000
1111111111011100
1111111111100011
1111111111010110
1111111111100110
1111111111010111
1111111111100111
1111111111010001
1111111111001110
1111111111010000
1111111111001011
1111111111010001
1111111111010010
1111111111010001
1111111111001100
1111111111010000
1111111111011000
1111111111010010
1111111111001110
1111111111010010
1111111111010111
1111111111010000
1111111111010000
1111111111010010
1111111111011100
1111111111010001
1111111111010001
1111111111010010
1111111111011011
1111111111010010
1111111111010001
1111111111010101
1111111111011101
1111111111010011
1111111111010100
1111111111010101
1111111111011011
1111111111010100
1111111111010000
1111111111010000
1111111111011010
1111111111011011
1111111111011010
1111111111010111
1111111111011001
1111111111011100
1111111111011001
1111111111011011
1111111111011101
1111111111100000
1111111111011010
1111111111011011
1111111111011111
1111111111011110
1111111111011101
1111111111011010
1111111111100011
1111111111011110
1111111111011111
1111111111011001
1111111111100100
1111111111011100
1111111111100011
1111111111010111
1111111111100100
1111111111011011
1111111111100010
1111111111010110
1111111111100010
1111111111011000
1111111111100011
1111111111010001
1111111111001110
1111111111001101
1111111111001000
1111111111010000
1111111111001111
1111111111010001
1111111111001000
1111111111001111
1111111111010100
1111111111001110
1111111111001110
1111111111001110
1111111111010111
1111111111001110
1111111111001100
1111111111001111
1111111111011011
1111111111010001
1111111111010001
1111111111001111
1111111111011011
1111111111010001
1111111111001111
1111111111010100
1111111111011010
1111111111010010
1111111111010000
1111111111010101
1111111111011010
1111111111010001
1111111111010100
1111111111001111
1111111111010100
1111111111011011
1111111111011000
1111111111011000
1111111111011000
1111111111011101
1111111111011000
1111111111011010
1111111111011011
1111111111011111
1111111111011100
1111111111010110
1111111111011011
1111111111011001
1111111111011011
1111111111011001
1111111111100000
1111111111011111
1111111111011101
1111111111010111
1111111111011110
1111111111011010
1111111111011111
1111111111010101
1111111111100011
1111111111011100
1111111111100010
1111111111010111
1111111111100010
1111111111011001
1111111111100000
1111111111010010
1111111111001000
1111111111001010
1111111111000011
1111111111001100
1111111111001011
1111111111001011
1111111111000111
1111111111001110
1111111111001011
1111111111001100
1111111111001011
1111111111001110
1111111111010000
1111111111001101
1111111111001010
1111111111001111
1111111111010101
1111111111001111
1111111111001101
1111111111010010
1111111111010011
1111111111001111
1111111111001101
1111111111010000
1111111111011000
1111111111010011
1111111111001111
1111111111010100
1111111111010110
1111111111010010
1111111111010001
1111111111010001
1111111111001111
1111111111011011
1111111111010100
1111111111010111
1111111111010101
1111111111011010
1111111111010110
1111111111011001
1111111111011010
1111111111011011
1111111111011000
1111111111010101
1111111111011001
1111111111011011
1111111111011010
1111111111010111
1111111111100000
1111111111011011
1111111111011101
1111111111010111
1111111111100000
1111111111011010
1111111111011101
1111111111010101
1111111111100011
1111111111011001
1111111111011110
1111111111010111
1111111111011111
1111111111011011
1111111111100000
1111111111001111
1111111111000010
1111111111000101
1111111111000000
1111111111001010
1111111111001001
1111111111001010
1111111111000001
1111111111001010
1111111111001110
1111111111001000
1111111111000101
1111111111001100
1111111111001011
1111111111001010
1111111111000111
1111111111001010
1111111111010011
1111111111001010
1111111111000111
1111111111001111
1111111111010100
1111111111001101
1111111111001000
1111111111010000
1111111111010101
1111111111001100
1111111111001010
1111111111010010
1111111111010001
1111111111001110
1111111111001110
1111111111001110
1111111111001110
1111111111011001
1111111111010100
1111111111010101
1111111111010101
1111111111011010
1111111111010101
1111111111010110
1111111111011000
1111111111011011
1111111111010101
1111111111010101
1111111111011000
1111111111011001
1111111111010100
1111111111010100
1111111111011011
1111111111011001
1111111111011100
1111111111010110
1111111111011111
1111111111011011
1111111111011101
1111111111010111
1111111111011110
1111111111011001
1111111111011010
1111111111010100
1111111111011111
1111111111011010
1111111111011100
1111111111010010
1111111110110110
1111111110111110
1111111110110101
1111111111000001
1111111110111110
1111111110111110
1111111110110111
1111111111000000
1111111111000010
1111111111000000
1111111110111011
1111111110111110
1111111111000011
1111111111000001
1111111110111101
1111111111000001
1111111111001001
1111111111000000
1111111111000000
1111111111000111
1111111111001100
1111111111000101
1111111111000001
1111111111001000
1111111111001011
1111111111000101
1111111110111111
1111111111000111
1111111111001011
1111111111000101
1111111111001000
1111111111000100
0100110010001011
0001100100011000
0111111111111111
0001100100011000
0111111111111111
0001100100010110
0111111111111111
0001100100010110
1111111111001110
1100111011111111
0001011101000001
1101100000010010
1111111111111011
0000000000001001
1111111111111110
0000000000000001
0001011011000000
0000001110000111
0000001000111111
0111111111111111
0001011010111111
0000001110000111
0000001000111111
0111111111111111
0000000000000011
0000000000000011
0000000000000011
0000000000000011
0000000000000011
0000000000000011
0000000000000011
0000000000000011
0000011001000110
0111111111111111
0001100100011000
0111111111111111
0001100100011000
0111111111111111
0001100100010110
0111111111111111
1111111111001110
1111010100111010
1101000001000111
1101100010010000
0000000000000111
1111111111111100
1111111111111100
0000000000000000
0000000011011001
0000000001101010
0010010101010011
0000000000110111
0000000011011000
0000000001101010
0010010101010011
0000000000110111
0000000000000011
0000000000000011
0000000000000011
0000000000000011
0000000000000011
0000000000000011
0000000000000011
0000000000000011
0000000010111011
0110100110011111
0000000000000000
0010000001100001
0000000000000100
0000001100100000
0000001111100000
0001100100101001
1110111000010101
0000000110001001
0000010010011001
0000000000000000
0001100100000001
0000000000000000
0001000000000000
1011111000110011
0100001000010000
1111111111010010
0000001000000010
0000001000000010
0000001000000010
1111000111110001
1101000111100001
1010000011010000
1111111011111111
1111111100000000
1111111100000001
1111000000000001
1111000000000011
1111000100000011
1110000111110100
1100000111110011
1000100010010101
0011100000111100
1110110110101001
0010000100001111
0011001100110011
0011001100110011
0000000000100010
1100110011101111
1101110111001011
0000000011111111
0010001000100001
0011001100110011
0010001000110011
0001000100100010
1110111100000000
1011101111011101
0001011100110001
0010111110100010
0010100101010101
1010010010000001
0100010000110011
1111100111001010
0101110101011010
0101000001010100
0010001101100011
1111100010110000
0001011111000111
0000010001000010
1111011000000000
1100010111001100
1001011110110001
0010011001101001
0000101110100010
0000011110100000
0001111101000000
1111001111101110
0000001111001110
1111110001010000
0001000000011110
1111010000011110
0000000010101110
1111100000000000
0001100000100000
1111000001111110
0000000000001100
1111100011001110
0000110001111110
1111000000111110
1111110010100010
1111100001100000
0000110100110000
1110110010111110
1111110001000000
1111010001011110
0000010001011110
1110111111101110
1111010010010000
1111100000100000
0000101111010000
1110110000100000
1111000001111110
1110110001010010
0000110001000010
1110001111110000
0001011110010010
0000011110100000
0000001100111110
0001001111110000
0000101110110010
0000000001000000
1111100000001110
0001000000011110
0000100010010000
0000000000001110
1111110000010000
0000110001100000
0000100000010010
1111110011001110
1111010001101110
0000110000110000
0000100010010010
1111110001101110
1111100100111100
0000110010100000
0000110000110100
1111110001001110
1111010001001100
0000111111110000
0000010001110010
0000000000101110
1111101111001110
0001000000010010
0000010001100000
1111100001001110
1111100000111110
0000011111110000
0000001110000000
0000001100100000
0001011101100000
1110111110111110
1111111110001110
1111110000000010
0001001110010000
1111001110011110
1111110001101110
1111101111010000
0001000000000000
1110111111101110
1111110000101100
1111100000110000
0000100000100000
1110111111000000
1111010010110000
1111010010101110
0001000001110000
1110100011111110
1111100001010000
1111000001100000
0000010001100000
1110011111001110
1111100000000000
1111010001000000
0000101110010000
1110100000111110
1111000000101110
1111001111110000
0000111111000000
1110001110100000
0000111101100010
0000011100000000
1111111101001110
0001001110010010
0000101101110010
1111111111111100
1111101101111110
0001001110010000
0000100001000000
1111111111001110
1111101111101110
0000111111001110
0000100000010010
1111110000101110
1111010000001100
0000111110110000
0000010010001110
1111110010011110
1111110001011100
0000100011100000
0000100000110000
1111110001011110
1111000001001100
0000111110110000
0000101111101110
0000000001001100
1111101101101110
0000110000010000
0000001111110000
1111111111011110
1111101110111110
0000011110100000
0000111110010000
0000001101100000
0001001110010000
1110110000000000
0000101111101110
1111110000010000
0001001111100000
1111000000100000
0000010010011110
1111101110111110
0001000000110000
1110110001111110
0000010000010000
1111100011001110
0000010010011110
1110110000011100
0000000010000000
1111100000111110
0001000010011110
1110100011111110
1111110010110000
1111100001100000
0000100001000000
1110100010111110
1111100001110000
1111100001100000
0000101111001110
1110100010011110
1111010000111110
1111011110000000
0000110000110000
1110101110110010
0001011101110010
0000001101001110
1111011101111110
0000111111100010
0000111110110010
0000001111010000
1111101110111110
0000111111110000
0000110001100010
1111111110001110
1111101111101110
0000110000100000
0000111111010000
1111110010001110
1111000001001100
0000111111010000
0000110000110010
0000001111111110
1111110001001110
0000110010110000
0000100001110010
1111110000101100
1111010000011110
0000100010000000
0000100001000010
0000000001001110
1111011110011110
0000110001010000
0000011111110000
1111111101010000
1111100000001110
0000011110010000
0000001111100000
0000001110110000
0001001111100010
1111001111111110
1111111111110000
1111110001100010
0000110001101110
1111000000010000
1111110011000000
1111100000010000
0001011111010000
1110110001111110
1111111111101110
1111100001010000
0000111111101110
1110110000111110
1111010001111110
1111100001010000
0000110100000000
1110100010011110
1111010011101110
1111010010101110
0000100000010000
1110100001101110
1111100011101110
1111100010010000
0000101111001110
1110110000101110
1111100001000000
1111011111110000
0000110001010010
1110011110100000
0000101110100100
1111101110011110
1111011110011110
0000101110100010
0000011110100010
1111110000010000
1110110000011100
0000101111100000
0000010001100010
1111101110110000
1111101101101110
0000100000010000
0000101110010000
1111100000001110
1111001110011110
0000101111100000
0000000000010000
1111110000001110
1111010010101100
0000100000110000
0000000010000000
1111100001011110
1111001110111010
0000100000010000
0000000010000010
0000000001011110
1111011101111100
0000111111110000
0000010000010000
1111101111101110
1111010000011110
0000011101110010
1111101110100010
0000001110000010
0001001101110000
1110111111000000
1111111110010000
1111110001010000
0001001101110000
1111000000001110
1111100000101110
1111101101100000
0001001110011110
1110110000000000
1111101111011110
1111101111000000
0000111100100000
1110111100111110
1111100000000000
1111101111000000
0000110000010000
1110111111101110
1111010001011110
1111010000011110
0000010000000000
1110101110110000
1111110000000000
1111100000110000
0000101101110000
1110110001010000
1111101110111110
1111011110110000
0000111111000010
1110011110010010
1111111111010010
1111011110111110
1111001110011110
0000001111100000
0000001110110010
1111010010000000
1111001110101110
0000010001000000
1111110001000000
1111011110100000
1111001110111110
0000010000100000
0000001111110000
1111101111101110
1111001101001110
0000101101100000
1111110000100000
1111101111101110
1111010000101100
0000100000010000
1111110001110000
1111100001001110
1110110000101110
0000011111100000
0000100000100100
1111100001111110
1111001110111110
0000100010000000
0000011111100010
1111011111110000
1111011111111110
0000011111000010
0000111110010010
0000011101110000
0001001101110000
1111000000110000
0000011110110000
1111110001010000
0000110000000000
1111000001000000
0000010000010010
1111111110011110
0000111110001110
1111001110000000
0000011110010010
1111111111010000
0000011111000000
1110111110011110
0000000000010000
1111100000110000
0001001111110000
1110110000110000
1111110000110010
1111100010000000
0000010001110000
1110100000010000
1111010011100000
1111110000110000
0000011111111110
1110110010011110
1110110010111110
1111000001000000
0000101111110000
1110011110100000
0000101110110100
1111011110000000
1110111110011110
0000000001010000
0000011111010010
1111000010001110
1110100000011110
0000000001100000
0000100000010010
1111011110111110
1111001110011110
0000011110110000
0000101110000010
1111011111111110
1110111111001100
0000011110111110
0000010000010010
1111010001001110
1111000000101110
0000010001100000
0000000001010100
1111010011001110
1110100001111110
0000010000110010
1111110100000010
1111100001100000
1110110000001110
0000010010010000
1111100011010000
1111000001001110
1111000000011110
1111111111000000
0000010000100010
0001001110100010
0001101111110000
1111110001100000
0000101111001110
0000110010011110
0001101111110000
0000001111110000
0000100000110000
0000100000010000
0001111101010000
1111110000111110
0000100000001110
0000100001101110
0001101101110000
1111111111001110
0000010000010000
0000100000100010
0001100010010000
1111010010101110
0000100000000000
0000100000110010
0001011110000000
1111010001011110
0000000010110000
0000100010110000
0001011111010000
1111110010000000
0000000011100000
0000000001000000
0001101111110000
1111101110110010
0000000000100010
1111101111000000
1111001111111110
0000010010000010
0000011111010010
1111110010010000
1111001111101110
0000110000000010
0000010001000010
1111100000100000
1111101101011110
0000110000110000
0000010000000000
1111110001110000
1111011101101110
0000111111000000
0000010000010010
1111110000111110
1111010010101110
0000110011010010
0000100000010010
0000000001001110
1111011110011110
0000100001100000
0000100010010010
0000010011001110
1111101111011110
0001000010100000
0000010011010000
0000000001010000
1111110000001110
0000111111010000
1111100000110000
0001001101100100
0001011101100010
1111111111010000
0000000000100000
0000100001010000
0001000000000010
1111100001100000
0000000000010000
0000011110010000
0001101101100000
1111100000001110
0000011111010000
0000101110010010
0001011100110000
1111101111010000
0000011110010010
0000011111110000
0001010001000000
1111010000111110
0000011111100000
0000011111010000
0000110001000000
1111010000010000
0000010001000000
0000100001100000
0001001111010010
1111100001000000
1111110001110000
0000000000100010
0001011111000010
1111011110010000
1110110000110010
1111011101100000
1110101101100000
1111111111010010
1111010000100010
1111000001100000
1110011111101110
0000010001010010
1111110000000000
1111011110010000
1111001101001110
0000000000010000
0000001111000000
1111101110100000
1110111100101110
0000011111000010
0000011110000010
1111101111111110
1111000000111110
0000100000100010
0000011111010010
1111101111000000
1110100000111110
0000100000010000
0000100000100010
0000000001100000
1111001110110000
0000110000110000
0000010001010010
1111100000101110
1111011111001110
0000101110110000
0000011111110010
0000111111000010
0001001111000010
1111100000000000
1111111111010000
0000100000000010
0000101111010010
1111100000100000
0000010000000000
0000011110000010
0000111101010000
1111101110100000
0000101100110010
0000011111000010
0000101100110000
1111011110001110
0000011111100000
0000011111000000
0001000000110000
1111000001110000
0000000000100000
1111110010100000
0000101111110000
1111001111010000
1111010011011110
0000010001000000
0000011111100000
1111010001000000
1111010001011110
1111110001010000
0000101111010010
1111001110110010
0000001111010100
1111111111000010
1110101110010000
0000101111110010
0000001110110010
1111111111100000
1110111111001110
0000100000010010
0000111111110010
1111111110001110
1111101100111110
0000111110010010
0001001100010100
0000001110111110
1111011100101110
0000111101100000
0000111111010010
0000011110111110
1111100000011110
0001000001100010
0000110000000010
0000000010100000
1111011111011110
0001001111000000
0000100010110010
0000100000110000
1111101111001110
0001010000100000
0000110000110000
0000000001000000
1111111111001110
0001001110100010
1110010001010000
0000000001110010
0000000000000010
1111000001010000
1110110001000000
0000010001110010
0000010000000010
1111010001100010
1111000011010000
0000001111010010
0000111111000010
1111000000111110
1111101110100000
0000000000010010
0000011111000000
1111000000000000
1111100000000010
0000001111100000
0000100010110000
1111000000100000
1111010010110000
1111110010000010
0000000001010000
1110110001110000
1111010011110000
0000010000100000
0000011111010010
1111010001000000
1111000010100000
1111110001010010
0000010001100000
1111001111000000
1111100001000100
1111110001010010
1110101111100000
0000100000110010
0000000000010010
0000010001010010
1111001111010000
0001000000110010
0000010010110010
0000011111000000
1111101110100000
0001000000110010
0001001110000100
0000100000010000
1111101110101110
0001011111100010
0001001111100100
0000111111000000
1111110010011110
0001100000010010
0000110010010010
0000100001110000
1111100000101110
0001100001010010
0001000011000010
0001100000010000
0000011110011110
0010010000110010
0001010010000010
0001000001000000
0000100000110000
0010001110100010
1110100000100010
0001001110100100
0000011111000010
1111111111010010
1111111110000010
0000110000100010
0000100000100010
1111110000000000
1111111111010000
0000111100100010
0001001111000000
1111101111100000
1111111110010000
0000111101010010
0000111101110000
1111111101100000
0000001110110000
0000100000010000
0001000000110010
1111100001100000
0000001110010000
0000100000110000
0000111110110000
1111101110110010
1111110000010000
0001000000100010
0000111101010010
0000001111100000
1111100001000000
0000101111010000
0001001111000010
1111111110110010
1110010001100010
1111000000000010
1101110000000000
0000000000110010
1111101110110100
1111010001110010
1101110001100000
0000100001100100
1111110000100010
1111101110000000
1110100000011110
0000100001000010
1111111111010000
1111111110110000
1110101111010000
0000111111010010
0000010000000010
1111110001110000
1111010001110000
0000110010110010
0000101111110100
0000000010100000
1111001111111110
0001000000010010
0000100001010100
0000100010000000
1111011110011110
0001100000110010
0000100010000010
0000100000110000
1111110000101110
0001100000010010
1110010011000010
0000110000010100
0000011111010010
1111100001000010
1111101111000000
0000100001000010
0000011110100010
1111100000010000
1111100001110000
0000101100110010
0000011110110000
1111010000100000
1111111110110010
0000101110100010
0000001110110010
1111101111000000
1111100001000000
0000100000000010
0000110010010000
1111100010000000
0000000001000000
0000111111000010
0000010000110010
1111101111010000
1111000001100000
0000110001100000
0000001101110000
1111110000110000
1110110010110000
0000100000010000
0000000000110000
0000001111100000
1110110001000010
1111111111010010
1110101110010000
0000110000010100
0000001110010010
1111110000010010
1110101101110000
0001001111100100
0000010000110010
0000011100010010
1111011101110000
0000100000000010
0000111101110010
0000101101110000
1111001110010000
0001001110100010
0000100000100010
0000111111100000
0000000001010000
0001110001010010
0001010000010010
0001011110100000
1111100000000000
0010001110100010
0001000000110010
0001010000110000
0000001101000000
0010001111110010
0001000010010010
0001101111100000
0000100000000000
0010101111010010
1111111111100000
1111111111011110
1111111111100010
1111111111011011
1111111111100000
1111111111011101
1111111111100000
1111111111011101
1111111111100011
1111111111011101
1111111111100001
1111111111011100
1111111111100001
1111111111011110
1111111111100010
1111111111011011
1111111111100011
1111111111011101
1111111111011110
1111111111011000
1111111111100111
1111111111011111
1111111111100100
1111111111010111
1111111111100110
1111111111011101
1111111111100110
1111111111010110
1111111111100011
1111111111010111
1111111111100110
1111111111010001
1111111111011010
1111111111010111
1111111111010100
1111111111011011
1111111111010110
1111111111010110
1111111111010010
1111111111011000
1111111111011101
1111111111011000
1111111111010110
1111111111010101
1111111111011010
1111111111010101
1111111111010101
1111111111011000
1111111111011110
1111111111010101
1111111111010111
1111111111011000
1111111111100000
1111111111010111
1111111111010101
1111111111011001
1111111111011110
1111111111011001
1111111111010110
1111111111011000
1111111111011100
1111111111010101
1111111111011000
1111111111010011
1111111111011111
1111111111011110
1111111111100000
1111111111011010
1111111111011101
1111111111011111
1111111111100001
1111111111011001
1111111111100011
1111111111011110
1111111111100000
1111111111011010
1111111111100000
1111111111100000
1111111111011111
1111111111011001
1111111111100101
1111111111011010
1111111111100010
1111111111011000
1111111111100100
1111111111011001
1111111111100011
1111111111010111
1111111111100111
1111111111011001
1111111111100110
1111111111010110
1111111111100100
1111111111011000
1111111111100111
1111111111010010
1111111111011010
1111111111011000
1111111111010011
1111111111010111
1111111111011010
1111111111010100
1111111111010011
1111111111011001
1111111111011100
1111111111010101
1111111111010101
1111111111011000
1111111111011010
1111111111010111
1111111111010101
1111111111011000
1111111111011101
1111111111010011
1111111111010110
1111111111010111
1111111111011101
1111111111010101
1111111111011000
1111111111011001
1111111111100100
1111111111010110
1111111111010110
1111111111011001
1111111111011101
1111111111010111
1111111111010110
1111111111010000
1111111111011111
1111111111011110
1111111111011110
1111111111011000
1111111111100010
1111111111100001
1111111111100010
1111111111011011
1111111111100011
1111111111011110
1111111111011111
1111111111011011
1111111111100010
1111111111011110
1111111111100001
1111111111011011
1111111111100111
1111111111011111
1111111111100101
1111111111011001
1111111111100101
1111111111011110
1111111111100011
1111111111011000
1111111111100111
1111111111011011
1111111111100101
1111111111010110
1111111111100110
1111111111011011
1111111111101000
1111111111010001
1111111111011001
1111111111010101
1111111111010010
1111111111010111
1111111111011001
1111111111010101
1111111111010101
1111111111011000
1111111111011100
1111111111010101
1111111111010101
1111111111010111
1111111111011010
1111111111011000
1111111111010110
1111111111010111
1111111111100000
1111111111010110
1111111111011000
1111111111011000
1111111111100000
1111111111010110
1111111111010111
1111111111011000
1111111111100001
1111111111010111
1111111111010111
1111111111010101
1111111111011101
1111111111011000
1111111111011001
1111111111010100
1111111111011111
1111111111011101
1111111111011111
1111111111011011
1111111111100000
1111111111100000
1111111111100000
1111111111011111
1111111111011111
1111111111100001
1111111111100011
1111111111011010
1111111111100000
1111111111011110
1111111111100000
1111111111011100
1111111111100100
1111111111011100
1111111111100000
1111111111011000
1111111111100011
1111111111011110
1111111111100100
1111111111011001
1111111111100111
1111111111011100
1111111111100011
1111111111010111
1111111111101001
1111111111011010
1111111111101000
1111111111010000
1111111111010110
1111111111010100
1111111111010011
1111111111010101
1111111111011000
1111111111010100
1111111111010110
1111111111011000
1111111111011100
1111111111010101
1111111111010111
1111111111011000
1111111111011011
1111111111010110
1111111111010100
1111111111010110
1111111111100000
1111111111010111
1111111111010100
1111111111010111
1111111111011110
1111111111010110
1111111111010100
1111111111010101
1111111111011111
1111111111011001
1111111111010111
1111111111010101
1111111111011101
1111111111011000
1111111111010111
1111111111010011
1111111111011110
1111111111100000
1111111111011110
1111111111011011
1111111111011110
1111111111011111
1111111111100001
1111111111011101
1111111111011110
1111111111011110
1111111111011111
1111111111011001
1111111111011101
1111111111011111
1111111111100011
1111111111011011
1111111111100011
1111111111011110
1111111111100011
1111111111011011
1111111111100101
1111111111011111
1111111111100011
1111111111011010
1111111111101011
1111111111011100
1111111111100100
1111111111010110
1111111111100110
1111111111011010
1111111111101001
1111111111010010
1111111111010101
1111111111010010
1111111111010000
1111111111010111
1111111111010111
1111111111010011
1111111111010100
1111111111010111
1111111111011100
1111111111010101
1111111111010011
1111111111010110
1111111111011010
1111111111010101
1111111111010101
1111111111010111
1111111111011011
1111111111010111
1111111111010111
1111111111011001
1111111111011100
1111111111010111
1111111111010111
1111111111011000
1111111111100010
1111111111010110
1111111111011000
1111111111011000
1111111111011110
1111111111010111
1111111111011000
1111111111010100
1111111111100010
1111111111011111
1111111111011110
1111111111011011
1111111111011101
1111111111100011
1111111111011111
1111111111011011
1111111111100011
1111111111011110
1111111111011101
1111111111011011
1111111111100011
1111111111011111
1111111111100000
1111111111011010
1111111111100101
1111111111011111
1111111111100001
1111111111011011
1111111111100110
1111111111100001
1111111111100011
1111111111011010
1111111111100110
1111111111011011
1111111111100100
1111111111011001
1111111111100111
1111111111011001
1111111111100111
1111111111010001
1111111111010110
1111111111010010
1111111111001111
1111111111010100
1111111111011000
1111111111010100
1111111111010011
1111111111010101
1111111111011100
1111111111010100
1111111111010010
1111111111010010
1111111111011011
1111111111010101
1111111111010011
1111111111010101
1111111111100000
1111111111010010
1111111111010100
1111111111011001
1111111111011101
1111111111010100
1111111111010101
1111111111010110
1111111111011111
1111111111010110
1111111111011000
1111111111010110
1111111111011001
1111111111010100
1111111111010100
1111111111010010
1111111111011011
1111111111011111
1111111111011101
1111111111011100
1111111111011101
1111111111100000
1111111111011101
1111111111011101
1111111111100000
1111111111100000
1111111111100001
1111111111011010
1111111111011110
1111111111100001
1111111111100001
1111111111011011
1111111111100001
1111111111100000
1111111111100000
1111111111010111
1111111111100110
1111111111011011
1111111111100101
1111111111011000
1111111111101000
1111111111011100
1111111111100100
1111111111011001
1111111111100111
1111111111011011
1111111111101000
1111111111010010
1111111111010011
1111111111001110
1111111111001100
1111111111010010
1111111111010100
1111111111010010
1111111111001111
1111111111010010
1111111111011010
1111111111010011
1111111111010001
1111111111010101
1111111111011001
1111111111010011
1111111111010010
1111111111010100
1111111111011011
1111111111010100
1111111111010010
1111111111010110
1111111111011110
1111111111011000
1111111111010101
1111111111010110
1111111111011111
1111111111010110
1111111111010110
1111111111011001
1111111111011001
1111111111010110
1111111111010101
1111111111010001
1111111111011011
1111111111011111
1111111111011011
1111111111011010
1111111111011010
1111111111100000
1111111111011011
1111111111011011
1111111111011101
1111111111011111
1111111111011100
1111111111011000
1111111111011110
1111111111011111
1111111111011111
1111111111011011
1111111111100010
1111111111011111
1111111111100000
1111111111011001
1111111111100100
1111111111011011
1111111111100001
1111111111010111
1111111111101000
1111111111011100
1111111111100011
1111111111010110
1111111111100110
1111111111010111
1111111111100111
1111111111010001
1111111111001110
1111111111010000
1111111111001011
1111111111010001
1111111111010010
1111111111010001
1111111111001100
1111111111010000
1111111111011000
1111111111010010
1111111111001110
1111111111010010
1111111111010111
1111111111010000
1111111111010000
1111111111010010
1111111111011100
1111111111010001
1111111111010001
1111111111010010
1111111111011011
1111111111010010
1111111111010001
1111111111010101
1111111111011101
1111111111010011
1111111111010100
1111111111010101
1111111111011011
1111111111010100
1111111111010000
1111111111010000
1111111111011010
1111111111011011
1111111111011010
1111111111010111
1111111111011001
1111111111011100
1111111111011001
1111111111011011
1111111111011101
1111111111100000
1111111111011010
1111111111011011
1111111111011111
1111111111011110
1111111111011101
1111111111011010
1111111111100011
1111111111011110
1111111111011111
1111111111011001
1111111111100100
1111111111011100
1111111111100011
1111111111010111
1111111111100100
1111111111011011
1111111111100010
1111111111010110
1111111111100010
1111111111011000
1111111111100011
1111111111010001
1111111111001110
1111111111001101
1111111111001000
1111111111010000
1111111111001111
1111111111010001
1111111111001000
1111111111001111
1111111111010100
1111111111001110
1111111111001110
1111111111001110
1111111111010111
1111111111001110
1111111111001100
1111111111001111
1111111111011011
1111111111010001
1111111111010001
1111111111001111
1111111111011011
1111111111010001
1111111111001111
1111111111010100
1111111111011010
1111111111010010
1111111111010000
1111111111010101
1111111111011010
1111111111010001
1111111111010100
1111111111001111
1111111111010100
1111111111011011
1111111111011000
1111111111011000
1111111111011000
1111111111011101
1111111111011000
1111111111011010
1111111111011011
1111111111011111
1111111111011100
1111111111010110
1111111111011011
1111111111011001
1111111111011011
1111111111011001
1111111111100000
1111111111011111
1111111111011101
1111111111010111
1111111111011110
1111111111011010
1111111111011111
1111111111010101
1111111111100011
1111111111011100
1111111111100010
1111111111010111
1111111111100010
1111111111011001
1111111111100000
1111111111010010
1111111111001000
1111111111001010
1111111111000011
1111111111001100
1111111111001011
1111111111001011
1111111111000111
1111111111001110
1111111111001011
1111111111001100
1111111111001011
1111111111001110
1111111111010000
1111111111001101
1111111111001010
1111111111001111
1111111111010101
1111111111001111
1111111111001101
1111111111010010
1111111111010011
1111111111001111
1111111111001101
1111111111010000
1111111111011000
1111111111010011
1111111111001111
1111111111010100
1111111111010110
1111111111010010
1111111111010001
1111111111010001
1111111111001111
1111111111011011
1111111111010100
1111111111010111
1111111111010101
1111111111011010
1111111111010110
1111111111011001
1111111111011010
1111111111011011
1111111111011000
1111111111010101
1111111111011001
1111111111011011
1111111111011010
1111111111010111
1111111111100000
1111111111011011
1111111111011101
1111111111010111
1111111111100000
1111111111011010
1111111111011101
1111111111010101
1111111111100011
1111111111011001
1111111111011110
1111111111010111
1111111111011111
1111111111011011
1111111111100000
1111111111001111
1111111111000010
1111111111000101
1111111111000000
1111111111001010
1111111111001001
1111111111001010
1111111111000001
1111111111001010
1111111111001110
1111111111001000
1111111111000101
1111111111001100
1111111111001011
1111111111001010
1111111111000111
1111111111001010
1111111111010011
1111111111001010
1111111111000111
1111111111001111
1111111111010100
1111111111001101
1111111111001000
1111111111010000
1111111111010101
1111111111001100
1111111111001010
1111111111010010
1111111111010001
1111111111001110
1111111111001110
1111111111001110
1111111111001110
1111111111011001
1111111111010100
1111111111010101
1111111111010101
1111111111011010
1111111111010101
1111111111010110
1111111111011000
1111111111011011
1111111111010101
1111111111010101
1111111111011000
1111111111011001
1111111111010100
1111111111010100
1111111111011011
1111111111011001
1111111111011100
1111111111010110
1111111111011111
1111111111011011
1111111111011101
1111111111010111
1111111111011110
1111111111011001
1111111111011010
1111111111010100
1111111111011111
1111111111011010
1111111111011100
1111111111010010
1111111110110110
1111111110111110
1111111110110101
1111111111000001
1111111110111110
1111111110111110
1111111110110111
1111111111000000
1111111111000010
1111111111000000
1111111110111011
1111111110111110
1111111111000011
1111111111000001
1111111110111101
1111111111000001
1111111111001001
1111111111000000
1111111111000000
1111111111000111
1111111111001100
1111111111000101
1111111111000001
1111111111001000
1111111111001011
1111111111000101
1111111110111111
1111111111000111
1111111111001011
1111111111000101
1111111111001000
1111111111000100
0100110010001011
0001100100011000
0111111111111111
0001100100011000
0111111111111111
0001100100010110
0111111111111111
0001100100010110
1111111111001110
1100111011111111
0001011101000001
1101100000010010
1111111111111011
0000000000001001
1111111111111110
0000000000000001
0001011011000000
0000001110000111
0000001000111111
0111111111111111
0001011010111111
0000001110000111
0000001000111111
0111111111111111
0000000000000011
0000000000000011
0000000000000011
0000000000000011
0000000000000011
0000000000000011
0000000000000011
0000000000000011
0000011001000110
0111111111111111
0001100100011000
0111111111111111
0001100100011000
0111111111111111
0001100100010110
0111111111111111
1111111111001110
1111010100111010
1101000001000111
1101100010010000
0000000000000111
1111111111111100
1111111111111100
0000000000000000
0000000011011001
0000000001101010
0010010101010011
0000000000110111
0000000011011000
0000000001101010
0010010101010011
0000000000110111
0000000000000011
0000000000000011
0000000000000011
0000000000000011
0000000000000011
0000000000000011
0000000000000011
0000000000000011
0000000010111011
0110100110011111
0000000000000000
0010000001100001
0000000000000100
0000001100100000
0000001111100000
0001100100101001
1110111000010101
0000000110001001
0000010010011001
0000000000000000
0001100100000001
0000000000000000
0001000000000000
1011111000110011
0100001000010000
1111111111010010
0000001000000010
0000001000000010
0000001000000010
1111000111110001
1101000111100001
1010000011010000
1111111011111111
1111111100000000
1111111100000001
1111000000000001
1111000000000011
1111000100000011
1110000111110100
1100000111110011
1000100010010101
0011100000111100
1110110110101001
0010000100001111
0011001100110011
0011001100110011
0000000000100010
1100110011101111
1101110111001011
0000000011111111
0010001000100001
0011001100110011
0010001000110011
0001000100100010
1110111100000000
1011101111011101
0001011100110001
0010111110100010
0010100101010101
1010010010000001
0100010000110011
1111100111001010
0101110101011010
0101000001010100
0010001101100011
1111100010110000
0001011111000111
0000010001000010
1111011000000000
1100010111001100
1001011110110001
0010011001101001
0000101110100010
0000011110100000
0001111101000000
1111001111101110
0000001111001110
1111110001010000
0001000000011110
1111010000011110
0000000010101110
1111100000000000
0001100000100000
1111000001111110
0000000000001100
1111100011001110
0000110001111110
1111000000111110
1111110010100010
1111100001100000
0000110100110000
1110110010111110
1111110001000000
1111010001011110
0000010001011110
1110111111101110
1111010010010000
1111100000100000
0000101111010000
1110110000100000
1111000001111110
1110110001010010
0000110001000010
1110001111110000
0001011110010010
0000011110100000
0000001100111110
0001001111110000
0000101110110010
0000000001000000
1111100000001110
0001000000011110
0000100010010000
0000000000001110
1111110000010000
0000110001100000
0000100000010010
1111110011001110
1111010001101110
0000110000110000
0000100010010010
1111110001101110
1111100100111100
0000110010100000
0000110000110100
1111110001001110
1111010001001100
0000111111110000
0000010001110010
0000000000101110
1111101111001110
0001000000010010
0000010001100000
1111100001001110
1111100000111110
0000011111110000
0000001110000000
0000001100100000
0001011101100000
1110111110111110
1111111110001110
1111110000000010
0001001110010000
1111001110011110
1111110001101110
1111101111010000
0001000000000000
1110111111101110
1111110000101100
1111100000110000
0000100000100000
1110111111000000
1111010010110000
1111010010101110
0001000001110000
1110100011111110
1111100001010000
1111000001100000
0000010001100000
1110011111001110
1111100000000000
1111010001000000
0000101110010000
1110100000111110
1111000000101110
1111001111110000
0000111111000000
1110001110100000
0000111101100010
0000011100000000
1111111101001110
0001001110010010
0000101101110010
1111111111111100
1111101101111110
0001001110010000
0000100001000000
1111111111001110
1111101111101110
0000111111001110
0000100000010010
1111110000101110
1111010000001100
0000111110110000
0000010010001110
1111110010011110
1111110001011100
0000100011100000
0000100000110000
1111110001011110
1111000001001100
0000111110110000
0000101111101110
0000000001001100
1111101101101110
0000110000010000
0000001111110000
1111111111011110
1111101110111110
0000011110100000
0000111110010000
0000001101100000
0001001110010000
1110110000000000
0000101111101110
1111110000010000
0001001111100000
1111000000100000
0000010010011110
1111101110111110
0001000000110000
1110110001111110
0000010000010000
1111100011001110
0000010010011110
1110110000011100
0000000010000000
1111100000111110
0001000010011110
1110100011111110
1111110010110000
1111100001100000
0000100001000000
1110100010111110
1111100001110000
1111100001100000
0000101111001110
1110100010011110
1111010000111110
1111011110000000
0000110000110000
1110101110110010
0001011101110010
0000001101001110
1111011101111110
0000111111100010
0000111110110010
0000001111010000
1111101110111110
0000111111110000
0000110001100010
1111111110001110
1111101111101110
0000110000100000
0000111111010000
1111110010001110
1111000001001100
0000111111010000
0000110000110010
0000001111111110
1111110001001110
0000110010110000
0000100001110010
1111110000101100
1111010000011110
0000100010000000
0000100001000010
0000000001001110
1111011110011110
0000110001010000
0000011111110000
1111111101010000
1111100000001110
0000011110010000
0000001111100000
0000001110110000
0001001111100010
1111001111111110
1111111111110000
1111110001100010
0000110001101110
1111000000010000
1111110011000000
1111100000010000
0001011111010000
1110110001111110
1111111111101110
1111100001010000
0000111111101110
1110110000111110
1111010001111110
1111100001010000
0000110100000000
1110100010011110
1111010011101110
1111010010101110
0000100000010000
1110100001101110
1111100011101110
1111100010010000
0000101111001110
1110110000101110
1111100001000000
1111011111110000
0000110001010010
1110011110100000
0000101110100100
1111101110011110
1111011110011110
0000101110100010
0000011110100010
1111110000010000
1110110000011100
0000101111100000
0000010001100010
1111101110110000
1111101101101110
0000100000010000
0000101110010000
1111100000001110
1111001110011110
0000101111100000
0000000000010000
1111110000001110
1111010010101100
0000100000110000
0000000010000000
1111100001011110
1111001110111010
0000100000010000
0000000010000010
0000000001011110
1111011101111100
0000111111110000
0000010000010000
1111101111101110
1111010000011110
0000011101110010
1111101110100010
0000001110000010
0001001101110000
1110111111000000
1111111110010000
1111110001010000
0001001101110000
1111000000001110
1111100000101110
1111101101100000
0001001110011110
1110110000000000
1111101111011110
1111101111000000
0000111100100000
1110111100111110
1111100000000000
1111101111000000
0000110000010000
1110111111101110
1111010001011110
1111010000011110
0000010000000000
1110101110110000
1111110000000000
1111100000110000
0000101101110000
1110110001010000
1111101110111110
1111011110110000
0000111111000010
1110011110010010
1111111111010010
1111011110111110
1111001110011110
0000001111100000
0000001110110010
1111010010000000
1111001110101110
0000010001000000
1111110001000000
1111011110100000
1111001110111110
0000010000100000
0000001111110000
1111101111101110
1111001101001110
0000101101100000
1111110000100000
1111101111101110
1111010000101100
0000100000010000
1111110001110000
1111100001001110
1110110000101110
0000011111100000
0000100000100100
1111100001111110
1111001110111110
0000100010000000
0000011111100010
1111011111110000
1111011111111110
0000011111000010
0000111110010010
0000011101110000
0001001101110000
1111000000110000
0000011110110000
1111110001010000
0000110000000000
1111000001000000
0000010000010010
1111111110011110
0000111110001110
1111001110000000
0000011110010010
1111111111010000
0000011111000000
1110111110011110
0000000000010000
1111100000110000
0001001111110000
1110110000110000
1111110000110010
1111100010000000
0000010001110000
1110100000010000
1111010011100000
1111110000110000
0000011111111110
1110110010011110
1110110010111110
1111000001000000
0000101111110000
1110011110100000
0000101110110100
1111011110000000
1110111110011110
0000000001010000
0000011111010010
1111000010001110
1110100000011110
0000000001100000
0000100000010010
1111011110111110
1111001110011110
0000011110110000
0000101110000010
1111011111111110
1110111111001100
0000011110111110
0000010000010010
1111010001001110
1111000000101110
0000010001100000
0000000001010100
1111010011001110
1110100001111110
0000010000110010
1111110100000010
1111100001100000
1110110000001110
0000010010010000
1111100011010000
1111000001001110
1111000000011110
1111111111000000
0000010000100010
0001001110100010
0001101111110000
1111110001100000
0000101111001110
0000110010011110
0001101111110000
0000001111110000
0000100000110000
0000100000010000
0001111101010000
1111110000111110
0000100000001110
0000100001101110
0001101101110000
1111111111001110
0000010000010000
0000100000100010
0001100010010000
1111010010101110
0000100000000000
0000100000110010
0001011110000000
1111010001011110
0000000010110000
0000100010110000
0001011111010000
1111110010000000
0000000011100000
0000000001000000
0001101111110000
1111101110110010
0000000000100010
1111101111000000
1111001111111110
0000010010000010
0000011111010010
1111110010010000
1111001111101110
0000110000000010
0000010001000010
1111100000100000
1111101101011110
0000110000110000
0000010000000000
1111110001110000
1111011101101110
0000111111000000
0000010000010010
1111110000111110
1111010010101110
0000110011010010
0000100000010010
0000000001001110
1111011110011110
0000100001100000
0000100010010010
0000010011001110
1111101111011110
0001000010100000
0000010011010000
0000000001010000
1111110000001110
0000111111010000
1111100000110000
0001001101100100
0001011101100010
1111111111010000
0000000000100000
0000100001010000
0001000000000010
1111100001100000
0000000000010000
0000011110010000
0001101101100000
1111100000001110
0000011111010000
0000101110010010
0001011100110000
1111101111010000
0000011110010010
0000011111110000
0001010001000000
1111010000111110
0000011111100000
0000011111010000
0000110001000000
1111010000010000
0000010001000000
0000100001100000
0001001111010010
1111100001000000
1111110001110000
0000000000100010
0001011111000010
1111011110010000
1110110000110010
1111011101100000
1110101101100000
1111111111010010
1111010000100010
1111000001100000
1110011111101110
0000010001010010
1111110000000000
1111011110010000
1111001101001110
0000000000010000
0000001111000000
1111101110100000
1110111100101110
0000011111000010
0000011110000010
1111101111111110
1111000000111110
0000100000100010
0000011111010010
1111101111000000
1110100000111110
0000100000010000
0000100000100010
0000000001100000
1111001110110000
0000110000110000
0000010001010010
1111100000101110
1111011111001110
0000101110110000
0000011111110010
0000111111000010
0001001111000010
1111100000000000
1111111111010000
0000100000000010
0000101111010010
1111100000100000
0000010000000000
0000011110000010
0000111101010000
1111101110100000
0000101100110010
0000011111000010
0000101100110000
1111011110001110
0000011111100000
0000011111000000
0001000000110000
1111000001110000
0000000000100000
1111110010100000
0000101111110000
1111001111010000
1111010011011110
0000010001000000
0000011111100000
1111010001000000
1111010001011110
1111110001010000
0000101111010010
1111001110110010
0000001111010100
1111111111000010
1110101110010000
0000101111110010
0000001110110010
1111111111100000
1110111111001110
0000100000010010
0000111111110010
1111111110001110
1111101100111110
0000111110010010
0001001100010100
0000001110111110
1111011100101110
0000111101100000
0000111111010010
0000011110111110
1111100000011110
0001000001100010
0000110000000010
0000000010100000
1111011111011110
0001001111000000
0000100010110010
0000100000110000
1111101111001110
0001010000100000
0000110000110000
0000000001000000
1111111111001110
0001001110100010
1110010001010000
0000000001110010
0000000000000010
1111000001010000
1110110001000000
0000010001110010
0000010000000010
1111010001100010
1111000011010000
0000001111010010
0000111111000010
1111000000111110
1111101110100000
0000000000010010
0000011111000000
1111000000000000
1111100000000010
0000001111100000
0000100010110000
1111000000100000
1111010010110000
1111110010000010
0000000001010000
1110110001110000
1111010011110000
0000010000100000
0000011111010010
1111010001000000
1111000010100000
1111110001010010
0000010001100000
1111001111000000
1111100001000100
1111110001010010
1110101111100000
0000100000110010
0000000000010010
0000010001010010
1111001111010000
0001000000110010
0000010010110010
0000011111000000
1111101110100000
0001000000110010
0001001110000100
0000100000010000
1111101110101110
0001011111100010
0001001111100100
0000111111000000
1111110010011110
0001100000010010
0000110010010010
0000100001110000
1111100000101110
0001100001010010
0001000011000010
0001100000010000
0000011110011110
0010010000110010
0001010010000010
0001000001000000
0000100000110000
0010001110100010
1110100000100010
0001001110100100
0000011111000010
1111111111010010
1111111110000010
0000110000100010
0000100000100010
1111110000000000
1111111111010000
0000111100100010
0001001111000000
1111101111100000
1111111110010000
0000111101010010
0000111101110000
1111111101100000
0000001110110000
0000100000010000
0001000000110010
1111100001100000
0000001110010000
0000100000110000
0000111110110000
1111101110110010
1111110000010000
0001000000100010
0000111101010010
0000001111100000
1111100001000000
0000101111010000
0001001111000010
1111111110110010
1110010001100010
1111000000000010
1101110000000000
0000000000110010
1111101110110100
1111010001110010
1101110001100000
0000100001100100
1111110000100010
1111101110000000
1110100000011110
0000100001000010
1111111111010000
1111111110110000
1110101111010000
0000111111010010
0000010000000010
1111110001110000
1111010001110000
0000110010110010
0000101111110100
0000000010100000
1111001111111110
0001000000010010
0000100001010100
0000100010000000
1111011110011110
0001100000110010
0000100010000010
0000100000110000
1111110000101110
0001100000010010
1110010011000010
0000110000010100
0000011111010010
1111100001000010
1111101111000000
0000100001000010
0000011110100010
1111100000010000
1111100001110000
0000101100110010
0000011110110000
1111010000100000
1111111110110010
0000101110100010
0000001110110010
1111101111000000
1111100001000000
0000100000000010
0000110010010000
1111100010000000
0000000001000000
0000111111000010
0000010000110010
1111101111010000
1111000001100000
0000110001100000
0000001101110000
1111110000110000
1110110010110000
0000100000010000
0000000000110000
0000001111100000
1110110001000010
1111111111010010
1110101110010000
0000110000010100
0000001110010010
1111110000010010
1110101101110000
0001001111100100
0000010000110010
0000011100010010
1111011101110000
0000100000000010
0000111101110010
0000101101110000
1111001110010000
0001001110100010
0000100000100010
0000111111100000
0000000001010000
0001110001010010
0001010000010010
0001011110100000
1111100000000000
0010001110100010
0001000000110010
0001010000110000
0000001101000000
0010001111110010
0001000010010010
0001101111100000
0000100000000000
0010101111010010
1111111111100000
1111111111011110
1111111111100010
1111111111011011
1111111111100000
1111111111011101
1111111111100000
1111111111011101
1111111111100011
1111111111011101
1111111111100001
1111111111011100
1111111111100001
1111111111011110
1111111111100010
1111111111011011
1111111111100011
1111111111011101
1111111111011110
1111111111011000
1111111111100111
1111111111011111
1111111111100100
1111111111010111
1111111111100110
1111111111011101
1111111111100110
1111111111010110
1111111111100011
1111111111010111
1111111111100110
1111111111010001
1111111111011010
1111111111010111
1111111111010100
1111111111011011
1111111111010110
1111111111010110
1111111111010010
1111111111011000
1111111111011101
1111111111011000
1111111111010110
1111111111010101
1111111111011010
1111111111010101
1111111111010101
1111111111011000
1111111111011110
1111111111010101
1111111111010111
1111111111011000
1111111111100000
1111111111010111
1111111111010101
1111111111011001
1111111111011110
1111111111011001
1111111111010110
1111111111011000
1111111111011100
1111111111010101
1111111111011000
1111111111010011
1111111111011111
1111111111011110
1111111111100000
1111111111011010
1111111111011101
1111111111011111
1111111111100001
1111111111011001
1111111111100011
1111111111011110
1111111111100000
1111111111011010
1111111111100000
1111111111100000
1111111111011111
1111111111011001
1111111111100101
1111111111011010
1111111111100010
1111111111011000
1111111111100100
1111111111011001
1111111111100011
1111111111010111
1111111111100111
1111111111011001
1111111111100110
1111111111010110
1111111111100100
1111111111011000
1111111111100111
1111111111010010
1111111111011010
1111111111011000
1111111111010011
1111111111010111
1111111111011010
1111111111010100
1111111111010011
1111111111011001
1111111111011100
1111111111010101
1111111111010101
1111111111011000
1111111111011010
1111111111010111
1111111111010101
1111111111011000
1111111111011101
1111111111010011
1111111111010110
1111111111010111
1111111111011101
1111111111010101
1111111111011000
1111111111011001
1111111111100100
1111111111010110
1111111111010110
1111111111011001
1111111111011101
1111111111010111
1111111111010110
1111111111010000
1111111111011111
1111111111011110
1111111111011110
1111111111011000
1111111111100010
1111111111100001
1111111111100010
1111111111011011
1111111111100011
1111111111011110
1111111111011111
1111111111011011
1111111111100010
1111111111011110
1111111111100001
1111111111011011
1111111111100111
1111111111011111
1111111111100101
1111111111011001
1111111111100101
1111111111011110
1111111111100011
1111111111011000
1111111111100111
1111111111011011
1111111111100101
1111111111010110
1111111111100110
1111111111011011
1111111111101000
1111111111010001
1111111111011001
1111111111010101
1111111111010010
1111111111010111
1111111111011001
1111111111010101
1111111111010101
1111111111011000
1111111111011100
1111111111010101
1111111111010101
1111111111010111
1111111111011010
1111111111011000
1111111111010110
1111111111010111
1111111111100000
1111111111010110
1111111111011000
1111111111011000
1111111111100000
1111111111010110
1111111111010111
1111111111011000
1111111111100001
1111111111010111
1111111111010111
1111111111010101
1111111111011101
1111111111011000
1111111111011001
1111111111010100
1111111111011111
1111111111011101
1111111111011111
1111111111011011
1111111111100000
1111111111100000
1111111111100000
1111111111011111
1111111111011111
1111111111100001
1111111111100011
1111111111011010
1111111111100000
1111111111011110
1111111111100000
1111111111011100
1111111111100100
1111111111011100
1111111111100000
1111111111011000
1111111111100011
1111111111011110
1111111111100100
1111111111011001
1111111111100111
1111111111011100
1111111111100011
1111111111010111
1111111111101001
1111111111011010
1111111111101000
1111111111010000
1111111111010110
1111111111010100
1111111111010011
1111111111010101
1111111111011000
1111111111010100
1111111111010110
1111111111011000
1111111111011100
1111111111010101
1111111111010111
1111111111011000
1111111111011011
1111111111010110
1111111111010100
1111111111010110
1111111111100000
1111111111010111
1111111111010100
1111111111010111
1111111111011110
1111111111010110
1111111111010100
1111111111010101
1111111111011111
1111111111011001
1111111111010111
1111111111010101
1111111111011101
1111111111011000
1111111111010111
1111111111010011
1111111111011110
1111111111100000
1111111111011110
1111111111011011
1111111111011110
1111111111011111
1111111111100001
1111111111011101
1111111111011110
1111111111011110
1111111111011111
1111111111011001
1111111111011101
1111111111011111
1111111111100011
1111111111011011
1111111111100011
1111111111011110
1111111111100011
1111111111011011
1111111111100101
1111111111011111
1111111111100011
1111111111011010
1111111111101011
1111111111011100
1111111111100100
1111111111010110
1111111111100110
1111111111011010
1111111111101001
1111111111010010
1111111111010101
1111111111010010
1111111111010000
1111111111010111
1111111111010111
1111111111010011
1111111111010100
1111111111010111
1111111111011100
1111111111010101
1111111111010011
1111111111010110
1111111111011010
1111111111010101
1111111111010101
1111111111010111
1111111111011011
1111111111010111
1111111111010111
1111111111011001
1111111111011100
1111111111010111
1111111111010111
1111111111011000
1111111111100010
1111111111010110
1111111111011000
1111111111011000
1111111111011110
1111111111010111
1111111111011000
1111111111010100
1111111111100010
1111111111011111
1111111111011110
1111111111011011
1111111111011101
1111111111100011
1111111111011111
1111111111011011
1111111111100011
1111111111011110
1111111111011101
1111111111011011
1111111111100011
1111111111011111
1111111111100000
1111111111011010
1111111111100101
1111111111011111
1111111111100001
1111111111011011
1111111111100110
1111111111100001
1111111111100011
1111111111011010
1111111111100110
1111111111011011
1111111111100100
1111111111011001
1111111111100111
1111111111011001
1111111111100111
1111111111010001
1111111111010110
1111111111010010
1111111111001111
1111111111010100
1111111111011000
1111111111010100
1111111111010011
1111111111010101
1111111111011100
1111111111010100
1111111111010010
1111111111010010
1111111111011011
1111111111010101
1111111111010011
1111111111010101
1111111111100000
1111111111010010
1111111111010100
1111111111011001
1111111111011101
1111111111010100
1111111111010101
1111111111010110
1111111111011111
1111111111010110
1111111111011000
1111111111010110
1111111111011001
1111111111010100
1111111111010100
1111111111010010
1111111111011011
1111111111011111
1111111111011101
1111111111011100
1111111111011101
1111111111100000
1111111111011101
1111111111011101
1111111111100000
1111111111100000
1111111111100001
1111111111011010
1111111111011110
1111111111100001
1111111111100001
1111111111011011
1111111111100001
1111111111100000
1111111111100000
1111111111010111
1111111111100110
1111111111011011
1111111111100101
1111111111011000
1111111111101000
1111111111011100
1111111111100100
1111111111011001
1111111111100111
1111111111011011
1111111111101000
1111111111010010
1111111111010011
1111111111001110
1111111111001100
1111111111010010
1111111111010100
1111111111010010
1111111111001111
1111111111010010
1111111111011010
1111111111010011
1111111111010001
1111111111010101
1111111111011001
1111111111010011
1111111111010010
1111111111010100
1111111111011011
1111111111010100
1111111111010010
1111111111010110
1111111111011110
1111111111011000
1111111111010101
1111111111010110
1111111111011111
1111111111010110
1111111111010110
1111111111011001
1111111111011001
1111111111010110
1111111111010101
1111111111010001
1111111111011011
1111111111011111
1111111111011011
1111111111011010
1111111111011010
1111111111100000
1111111111011011
1111111111011011
1111111111011101
1111111111011111
1111111111011100
1111111111011000
1111111111011110
1111111111011111
1111111111011111
1111111111011011
1111111111100010
1111111111011111
1111111111100000
1111111111011001
1111111111100100
1111111111011011
1111111111100001
1111111111010111
1111111111101000
1111111111011100
1111111111100011
1111111111010110
1111111111100110
1111111111010111
1111111111100111
1111111111010001
1111111111001110
1111111111010000
1111111111001011
1111111111010001
1111111111010010
1111111111010001
1111111111001100
1111111111010000
1111111111011000
1111111111010010
1111111111001110
1111111111010010
1111111111010111
1111111111010000
1111111111010000
1111111111010010
1111111111011100
1111111111010001
1111111111010001
1111111111010010
1111111111011011
1111111111010010
1111111111010001
1111111111010101
1111111111011101
1111111111010011
1111111111010100
1111111111010101
1111111111011011
1111111111010100
1111111111010000
1111111111010000
1111111111011010
1111111111011011
1111111111011010
1111111111010111
1111111111011001
1111111111011100
1111111111011001
1111111111011011
1111111111011101
1111111111100000
1111111111011010
1111111111011011
1111111111011111
1111111111011110
1111111111011101
1111111111011010
1111111111100011
1111111111011110
1111111111011111
1111111111011001
1111111111100100
1111111111011100
1111111111100011
1111111111010111
1111111111100100
1111111111011011
1111111111100010
1111111111010110
1111111111100010
1111111111011000
1111111111100011
1111111111010001
1111111111001110
1111111111001101
1111111111001000
1111111111010000
1111111111001111
1111111111010001
1111111111001000
1111111111001111
1111111111010100
1111111111001110
1111111111001110
1111111111001110
1111111111010111
1111111111001110
1111111111001100
1111111111001111
1111111111011011
1111111111010001
1111111111010001
1111111111001111
1111111111011011
1111111111010001
1111111111001111
1111111111010100
1111111111011010
1111111111010010
1111111111010000
1111111111010101
1111111111011010
1111111111010001
1111111111010100
1111111111001111
1111111111010100
1111111111011011
1111111111011000
1111111111011000
1111111111011000
1111111111011101
1111111111011000
1111111111011010
1111111111011011
1111111111011111
1111111111011100
1111111111010110
1111111111011011
1111111111011001
1111111111011011
1111111111011001
1111111111100000
1111111111011111
1111111111011101
1111111111010111
1111111111011110
1111111111011010
1111111111011111
1111111111010101
1111111111100011
1111111111011100
1111111111100010
1111111111010111
1111111111100010
1111111111011001
1111111111100000
1111111111010010
1111111111001000
1111111111001010
1111111111000011
1111111111001100
1111111111001011
1111111111001011
1111111111000111
1111111111001110
1111111111001011
1111111111001100
1111111111001011
1111111111001110
1111111111010000
1111111111001101
1111111111001010
1111111111001111
1111111111010101
1111111111001111
1111111111001101
1111111111010010
1111111111010011
1111111111001111
1111111111001101
1111111111010000
1111111111011000
1111111111010011
1111111111001111
1111111111010100
1111111111010110
1111111111010010
1111111111010001
1111111111010001
1111111111001111
1111111111011011
1111111111010100
1111111111010111
1111111111010101
1111111111011010
1111111111010110
1111111111011001
1111111111011010
1111111111011011
1111111111011000
1111111111010101
1111111111011001
1111111111011011
1111111111011010
1111111111010111
1111111111100000
1111111111011011
1111111111011101
1111111111010111
1111111111100000
1111111111011010
1111111111011101
1111111111010101
1111111111100011
1111111111011001
1111111111011110
1111111111010111
1111111111011111
1111111111011011
1111111111100000
1111111111001111
1111111111000010
1111111111000101
1111111111000000
1111111111001010
1111111111001001
1111111111001010
1111111111000001
1111111111001010
1111111111001110
1111111111001000
1111111111000101
1111111111001100
1111111111001011
1111111111001010
1111111111000111
1111111111001010
1111111111010011
1111111111001010
1111111111000111
1111111111001111
1111111111010100
1111111111001101
1111111111001000
1111111111010000
1111111111010101
1111111111001100
1111111111001010
1111111111010010
1111111111010001
1111111111001110
1111111111001110
1111111111001110
1111111111001110
1111111111011001
1111111111010100
1111111111010101
1111111111010101
1111111111011010
1111111111010101
1111111111010110
1111111111011000
1111111111011011
1111111111010101
1111111111010101
1111111111011000
1111111111011001
1111111111010100
1111111111010100
1111111111011011
1111111111011001
1111111111011100
1111111111010110
1111111111011111
1111111111011011
1111111111011101
1111111111010111
1111111111011110
1111111111011001
1111111111011010
1111111111010100
1111111111011111
1111111111011010
1111111111011100
1111111111010010
1111111110110110
1111111110111110
1111111110110101
1111111111000001
1111111110111110
1111111110111110
1111111110110111
1111111111000000
1111111111000010
1111111111000000
1111111110111011
1111111110111110
1111111111000011
1111111111000001
1111111110111101
1111111111000001
1111111111001001
1111111111000000
1111111111000000
1111111111000111
1111111111001100
1111111111000101
1111111111000001
1111111111001000
1111111111001011
1111111111000101
1111111110111111
1111111111000111
1111111111001011
1111111111000101
1111111111001000
1111111111000100
0100110010001011
0001100100011000
0111111111111111
0001100100011000
0111111111111111
0001100100010110
0111111111111111
0001100100010110
1111111111001110
1100111011111111
0001011101000001
1101100000010010
1111111111111011
0000000000001001
1111111111111110
0000000000000001
0001011011000000
0000001110000111
0000001000111111
0111111111111111
0001011010111111
0000001110000111
0000001000111111
0111111111111111
0000000000000011
0000000000000011
0000000000000011
0000000000000011
0000000000000011
0000000000000011
0000000000000011
0000000000000011
0000011001000110
0111111111111111
0001100100011000
0111111111111111
0001100100011000
0111111111111111
0001100100010110
0111111111111111
1111111111001110
1111010100111010
1101000001000111
1101100010010000
0000000000000111
1111111111111100
1111111111111100
0000000000000000
0000000011011001
0000000001101010
0010010101010011
0000000000110111
0000000011011000
0000000001101010
0010010101010011
0000000000110111
0000000000000011
0000000000000011
0000000000000011
0000000000000011
0000000000000011
0000000000000011
0000000000000011
0000000000000011
